資料集識別碼,資料集名稱,提供機關,服務分類,資料集描述,主要欄位說明,更新頻率,授權方式,相關網址,上架日期,備註
102382,96年專用公路路線表,南投縣政府,公共資訊,96年專用公路路線表,公路編號;路線名稱;里程;備註,每日,政府資料開放授權條款-第1版,,2019/05/20 00:00,
102357,國家文官學院及所屬107年度單位決算,國家文官學院,公共資訊,歲入來源別決算表、歲出政事別決算表、歲出機關別決算表、平衡表、資本資產表,會計年度;款;項;目;節;預算科目編號;預算科目名稱;細目編號;細目名稱;預算數_原預算數;預算數_預算增減數;預算數_合計1;決算數_實現數;決算數_應收數;決算數_保留數;決算數_合計2;預決算比較增減數;決算數占預算數之比率;分計畫編號;分計畫名稱;用途別編號;用途別名稱;原預算數;預算追加減數;動支第一預備金數;動支第二預備金數;經費流用數;預算調整數;預算增減數小計;預算數合計1;實現數;應付數;保留數;決算數合計2;月份;基金別;會計分類;使用機關別;科目分類;會計科目編號;會計科目名稱;本年度金額;上年度金額,不更新,政府資料開放授權條款-第1版,,2019/05/20 00:00,
102386,基隆市不動產租賃實價登錄Open Data(108年3月租賃登記案件),基隆市政府地政處,購屋及遷徙,購屋及遷徙: 係指各種房屋租賃、房屋遷移、移民等相關資料集,鄉鎮市區;交易標的;土地區段位置建物區段門牌;土地面積平方公尺;都市土地使用分區;非都市土地使用分區;非都市土地使用編定;租賃年月日;租賃筆棟數;租賃層次;總樓層數;建物型態;主要用途;主要建材;建築完成年月;建物總面積平方公尺;建物現況格局-房;建物現況格局-廳;建物現況格局-衛;建物現況格局-隔間;有無管理組織;有無附傢俱;總額元;單價元平方公尺;車位類別;車位面積平方公尺;車位總額元;備註;編號,每月,政府資料開放授權條款-第1版,https://land.klcg.gov.tw/business/More?id=823;https://land.klcg.gov.tw/business/More?id=823;https://land.klcg.gov.tw/business/More?id=823,2019/05/21 00:00,
102334,108年4月份土地及建物登記管理統計表,宜蘭縣政府,購屋及遷徙,宜蘭地政事務所轄區內土地及建物登記管理統計表,"登記原因,件數,土地筆數,土地面積;,建物棟數,建物面積",每日,政府資料開放授權條款-第1版,,2019/05/20 00:00,無
102347,路燈調查資料,彰化縣政府工務處,公共資訊,彰化縣政府管養路燈調查資料,道路名稱;路燈編號;座標位置;雙燈;單燈;主燈;景觀燈;矮燈;燈桿高度(M);水銀燈;納氣燈;LED燈;70W;160W;250W~400W,每年,政府資料開放授權條款-第1版,,2019/05/20 00:00,
102361,獎勵績優運動產業專題研究,教育部體育署,公共資訊,獎勵績優運動產業專題研究,申請年度;申請單位;計畫主持人;研究專題名稱;獎勵金額,每年,政府資料開放授權條款-第1版,,2019/05/20 00:00,
102356,102年度新北市總預算歲出政事別預算比較總表（經資併計）,新北市政府主計處,公共資訊,1.102年度新北市總預算歲出政事別預算比較總表（經資併計） 2.單位：新臺幣千元 3.完整資料詳參新北市政府主計處網頁->總預算->108年度預算案(https://www.bas.ntpc.gov.tw/home.jsp?id=ae62173b3896f185&act=be4f48068b2b0031&dataserno=d7bc58f03a37bfb704b84f8309c90832)或電洽主計處查詢。,field1;field2;field3;field4;field5,每年,政府資料開放授權條款-第1版,,2019/05/20 11:00,
102387,102年度新北市總預算歲出政事別預算總表,新北市政府主計處,公共資訊,1.102年度新北市總預算歲出政事別預算總表 2.單位：新臺幣千元 3.完整資料詳參新北市政府主計處網頁->總預算->108年度預算案(https://www.bas.ntpc.gov.tw/home.jsp?id=ae62173b3896f185&act=be4f48068b2b0031&dataserno=d7bc58f03a37bfb704b84f8309c90832)或電洽主計處查詢。,field1;field2;field3;field4,每小時,政府資料開放授權條款-第1版,,2019/05/21 09:47,
102388,102年度新北市總預算歲出政事別預算總表,新北市政府主計處,公共資訊,1.102年度新北市總預算歲出政事別預算總表 2.單位：新臺幣千元 3.完整資料詳參新北市政府主計處網頁->總預算->108年度預算案(https://www.bas.ntpc.gov.tw/home.jsp?id=ae62173b3896f185&act=be4f48068b2b0031&dataserno=d7bc58f03a37bfb704b84f8309c90832)或電洽主計處查詢。,field1;field2;field3;field4,每年,政府資料開放授權條款-第1版,,2019/05/21 09:47,
102358,新北市空氣品質淨區,新北市政府環境保護局,公共資訊,新北市空氣品質淨區管制區域,id;district;geographic_range;date;type,每年,政府資料開放授權條款-第1版,,2019/05/20 11:10,
102395,文創業者名冊,桃園市政府文化局,公共資訊,文化創意業者名冊,序號;企業名稱;聯絡地址;聯絡電話,每日,政府資料開放授權條款-第1版,,2018/08/28 10:03,
102368,我國戰略性高科技貨品出口實體管理名單,經濟部國際貿易局,公共資訊,本清單在於協助企業檢視交易相關對象是否屬各國政府公佈之具出口管制高風險的個人或實體，不僅在出口或再出口時應比對出口管制實體清單，在(1)國外出口管制客戶匯款予國內廠商時，以及(2)對出口管制客戶的貨品提供服務時，也應比對。除非已通知政府並取得出口許可，否則以上各種交易一律中止。本資料集提供項次、名稱、地址(optional)、護照號碼或船隻號碼(optional)等欄位資料。,項次;名稱;地址;護照號碼或船隻號碼,每季,政府資料開放授權條款-第1版,,2019/05/20 00:00,每項資料間，以逗號區隔 (開放地址、護照號碼或船隻號碼2欄位資料會有空白情形)
102345,臺中市家庭暴力事件服務處暨家事服務中心,臺中市家庭暴力及性侵害防治中心,公共資訊,為落實保護家暴被害人及未成年子女的權益，並協助家事事件的當事人，因而於民國94年在臺灣臺中地方法院成立「家庭暴力事件服務處」；同時考量家事事件的案件量急遽增加，家事當事人有迫切服務的需求，繼而於民國102年成立「家事服務中心」。,單位名稱;行政區;地址;X坐標;Y坐標;電話;傳真;網址;簡介;服務對象,每年,政府資料開放授權條款-第1版,,2019/05/20 09:15,
102392,107年度二級加密控制測量坐標成果清冊一覽表,臺中市政府資訊中心,公共資訊,107年度二級加密控制測量成果一覽表,序號;測量計畫名稱;區;辦理機關;衛星測量日期;核定日期文號;坐標系統;檢測點數;新建點數;點位等級,每日,政府資料開放授權條款-第1版,,2019/05/21 13:21,
102393,臺中市政府警察局105年10月份交通事故資料,臺中市政府資訊中心,公共資訊,臺中市政府警察局105年10月份交通事故資料,發生時間;事故類別;市;區;里;鄰;事故地點;鄰近;肇事逃逸;酒駕案件,每月,政府資料開放授權條款-第1版,,2019/05/21 13:46,
102346,臺中市違章建築案件統計（108年04月份報表）,臺中市政府都市發展局‧秘書室第一股,公共資訊,臺中市違章建築案件統計（108年04月份報表）,"既存違章建築,新違章建築,總計,拆除後重建移送法辦數",每月,政府資料開放授權條款-第1版,,2019/05/20 09:24,
102354,臺灣嘉義地方法院107年度單位決算,臺灣嘉義地方法院,公共資訊,臺灣嘉義地方法院 107年度單位決算,會計年度;款;項;目;節;預算科目編號;預算科目名稱;細目編號;細目名稱;預算數_原預算數;預算數_預算增減數;預算數_合計1;決算數_實現數;決算數_應收數;決算數_保留數;決算數_合計2;預決算比較增減數;決算數占預算數之比率;分計畫編號;分計畫名稱;用途別編號;用途別名稱;原預算數;預算追加減數;動支第一預備金數;動支第二預備金數;經費流用數;預算調整數;預算增減數小計;預算數合計1;實現數;應付數;保留數;決算數合計2;預算年度;以前年度轉入數_應收數;以前年度轉入數_保留數;本年度減免註銷數_應收數;本年度減免註銷數_保留數;本年度實現數_應收數;本年度實現數_保留數;本年度調整數_應收數;本年度調整數_保留數;本年度未結清數_應收數;本年度未結清數_保留數;以前年度轉入數_應付數;本年度減免註銷數_應付數;本年度實現數_應付數;本年度調整數_應付數;本年度未結清數_應付數;月份;基金別;會計分類;使用機關別;科目分類;會計科目編號;會計科目名稱;本年度金額;上年度金額,每日,政府資料開放授權條款-第1版,,2019/05/20 00:00,
102339,臺灣雲林地方法院107年度單位決算,臺灣雲林地方法院,公共資訊,臺灣雲林地方法院107年度單位決算,,不更新,政府資料開放授權條款-第1版,http://uld.judicial.gov.tw/UserFiles/joy214/XML檔案.zip,2019/05/20 00:00,
102365,高雄市政府107年鳳山行政中心行政大樓圖資,高雄市政府行政暨國際處,公共資訊,高雄市政府107年鳳山行政中心行政大樓圖資,高雄市政府107年鳳山行政中心後棟-1F-行政暨國際處;高雄市政府107年鳳山行政中心前棟-2F-教育局;高雄市政府107年鳳山行政中心後棟-2F-資訊中心;高雄市政府107年鳳山行政中心後棟-2F-教育局;高雄市政府107年鳳山行政中心前棟-2F-原民會;高雄市政府107年鳳山行政中心前棟-3F-教育局;高雄市政府107年鳳山行政中心後棟-1F-大禮堂;高雄市政府107年鳳山行政中心前棟-4F-水利局;高雄市政府107年鳳山行政中心前棟-5F-水利局;高雄市政府107年鳳山行政中心前棟-2F-海洋局;高雄市政府107年鳳山行政中心前棟-5F-餐廳;高雄市政府107年鳳山行政中心後棟-1F-多媒體視聽會議室;高雄市政府107年鳳山行政中心後棟-3F-府本部;高雄市政府107年鳳山行政中心後棟-4F-民政局;高雄市政府107年鳳山行政中心後棟-6F-農業局;高雄市政府107年鳳山行政中心後棟-5F-民政局;高雄市政府107年鳳山行政中心前棟-1F-觀光局;高雄市政府107年鳳山行政中心後棟-7F-農業局,每月,政府資料開放授權條款-第1版,https://data.kcg.gov.tw/dataset/fengshan-government-centre-floor-plan;https://data.kcg.gov.tw/dataset/fengshan-government-centre-floor-plan;https://data.kcg.gov.tw/dataset/fengshan-government-centre-floor-plan;https://data.kcg.gov.tw/dataset/fengshan-government-centre-floor-plan;https://data.kcg.gov.tw/dataset/fengshan-government-centre-floor-plan;https://data.kcg.gov.tw/dataset/fengshan-government-centre-floor-plan;https://data.kcg.gov.tw/dataset/fengshan-government-centre-floor-plan;https://data.kcg.gov.tw/dataset/fengshan-government-centre-floor-plan;https://data.kcg.gov.tw/dataset/fengshan-government-centre-floor-plan;https://data.kcg.gov.tw/dataset/fengshan-government-centre-floor-plan;https://data.kcg.gov.tw/dataset/fengshan-government-centre-floor-plan;https://data.kcg.gov.tw/dataset/fengshan-government-centre-floor-plan;https://data.kcg.gov.tw/dataset/fengshan-government-centre-floor-plan;https://data.kcg.gov.tw/dataset/fengshan-government-centre-floor-plan;https://data.kcg.gov.tw/dataset/fengshan-government-centre-floor-plan;https://data.kcg.gov.tw/dataset/fengshan-government-centre-floor-plan;https://data.kcg.gov.tw/dataset/fengshan-government-centre-floor-plan;https://data.kcg.gov.tw/dataset/fengshan-government-centre-floor-plan,2019/05/20 01:43,
102366,高雄市政府107年四維行政中心行政大樓圖資,高雄市政府行政暨國際處,公共資訊,高雄市政府107年四維行政中心行政大樓圖資,高雄市政府107年社會局9F;高雄市政府107年行政暨國際處4F;高雄市政府107年員工餐廳11F;高雄市政府107年兵役處4F;高雄市政府107年停車場B2;高雄市政府107年主計處8F;高雄市政府107年停車場B1;高雄市政府107年工務局5F;高雄市政府107年行政暨國際處3F;高雄市政府107年工務局6F;高雄市政府107年地政局7F;高雄市政府107年地政局7F土地開發處;高雄市政府107年經發局10F;高雄市政府107年工務局5F養工;高雄市政府107年研考會8F;高雄市政府107年財政局10F;高雄市政府107年主計處10F;高雄市政府107年經發局9F;高雄市政府107年社會局10F;高雄市政府107年捷運局10F;高雄市政府107年經發局1F;高雄市政府107年都發局7F;高雄市政府107年工務局1F;高雄市政府107年研考會1F;高雄市政府107年地政局10F;高雄市政府107年府本部2F;高雄市政府107年研考會4F;高雄市政府107年哺乳室幸福童樂館1F;高雄市政府107年政風處2F;高雄市政府107年工務局5F建管新工;高雄市政府107年新聞局2F;高雄市政府107年行政暨國際處9F;高雄市政府107年大禮堂B2;高雄市政府107年都發局6F;高雄市政府107年財政局8F;高雄市政府107年社會局1F;高雄市政府107年府本部3F;高雄市政府107年新聞局3F;高雄市政府107年法制局3F;高雄市政府107年人事處4F,每月,政府資料開放授權條款-第1版,https://data.kcg.gov.tw/dataset/siwei-government-centre-floor-plan;https://data.kcg.gov.tw/dataset/siwei-government-centre-floor-plan;https://data.kcg.gov.tw/dataset/siwei-government-centre-floor-plan;https://data.kcg.gov.tw/dataset/siwei-government-centre-floor-plan;https://data.kcg.gov.tw/dataset/siwei-government-centre-floor-plan;https://data.kcg.gov.tw/dataset/siwei-government-centre-floor-plan;https://data.kcg.gov.tw/dataset/siwei-government-centre-floor-plan;https://data.kcg.gov.tw/dataset/siwei-government-centre-floor-plan;https://data.kcg.gov.tw/dataset/siwei-government-centre-floor-plan;https://data.kcg.gov.tw/dataset/siwei-government-centre-floor-plan;https://data.kcg.gov.tw/dataset/siwei-government-centre-floor-plan;https://data.kcg.gov.tw/dataset/siwei-government-centre-floor-plan;https://data.kcg.gov.tw/dataset/siwei-government-centre-floor-plan;https://data.kcg.gov.tw/dataset/siwei-government-centre-floor-plan;https://data.kcg.gov.tw/dataset/siwei-government-centre-floor-plan;https://data.kcg.gov.tw/dataset/siwei-government-centre-floor-plan;https://data.kcg.gov.tw/dataset/siwei-government-centre-floor-plan;https://data.kcg.gov.tw/dataset/siwei-government-centre-floor-plan;https://data.kcg.gov.tw/dataset/siwei-government-centre-floor-plan;https://data.kcg.gov.tw/dataset/siwei-government-centre-floor-plan;https://data.kcg.gov.tw/dataset/siwei-government-centre-floor-plan;https://data.kcg.gov.tw/dataset/siwei-government-centre-floor-plan;https://data.kcg.gov.tw/dataset/siwei-government-centre-floor-plan;https://data.kcg.gov.tw/dataset/siwei-government-centre-floor-plan;https://data.kcg.gov.tw/dataset/siwei-government-centre-floor-plan;https://data.kcg.gov.tw/dataset/siwei-government-centre-floor-plan;https://data.kcg.gov.tw/dataset/siwei-government-centre-floor-plan;https://data.kcg.gov.tw/dataset/siwei-government-centre-floor-plan;https://data.kcg.gov.tw/dataset/siwei-government-centre-floor-plan;https://data.kcg.gov.tw/dataset/siwei-government-centre-floor-plan;https://data.kcg.gov.tw/dataset/siwei-government-centre-floor-plan;https://data.kcg.gov.tw/dataset/siwei-government-centre-floor-plan;https://data.kcg.gov.tw/dataset/siwei-government-centre-floor-plan;https://data.kcg.gov.tw/dataset/siwei-government-centre-floor-plan;https://data.kcg.gov.tw/dataset/siwei-government-centre-floor-plan;https://data.kcg.gov.tw/dataset/siwei-government-centre-floor-plan;https://data.kcg.gov.tw/dataset/siwei-government-centre-floor-plan;https://data.kcg.gov.tw/dataset/siwei-government-centre-floor-plan;https://data.kcg.gov.tw/dataset/siwei-government-centre-floor-plan;https://data.kcg.gov.tw/dataset/siwei-government-centre-floor-plan,2019/05/20 01:30,
102385,高雄市政府電子公報API,高雄市政府行政暨國際處,公共資訊,提供高雄市政府電子公報閱覽服務,com_id;com_unit;com_duty;com_create;typ_id;com_counterpart;com_hits;uni_id;com_phone;com_lower;com_contents;com_status;com_notice;com_sign;com_wordfile;com_statement;com_type;com_number;com_filedate;com_authority;com_title;acc_id;per_id;com_progenitor;com_guid;com_man;com_subject;com_date;com_publish;com_pdffile,每月,政府資料開放授權條款-第1版,https://data.kcg.gov.tw/dataset/kcgoa-00000006-a1d,2019/05/15 12:19,
