資料集識別碼,資料集名稱,提供機關,服務分類,資料集描述,主要欄位說明,更新頻率,授權方式,相關網址,上架日期,詮釋資料更新時間,備註
94652,福建金門地方法院107年10月份會計月報,福建金門地方法院,公共資訊,福建金門地方法院107年10月份會計月報,,每月,政府資料開放授權條款-第1版,,2018/11/09 00:00,2018/11/09 10:12,
94682,臺灣雲林地方法院107年10月份會計月報,臺灣雲林地方法院,公共資訊,臺灣雲林地方法院107年10月份會計月報,會計年度;月份;款;項;目;節;預算年度;預算科目編號;預算科目名稱;細目編號;細目名稱;原預算數;追加減數;截至本月止累計分配數_1;本月實現數;截至本月止累計實現數_2;應收收入數_3;分配數預算餘額_4;分支計畫編號;分支計畫名稱;用途別編號;用途別名稱;第一預備金;第二預備金;經費流用數;預算調整數;應付數;已分配尚未執行數;備註_預暫付數;以前年度轉入數;應收數;保留數;減免;截至本月止累計實現數;調整數;尚未執行數;基金別;會計分類;使用機關別;科目分類;會計科目編號;會計科目名稱;金額;科目名稱;取得成本;以前年度累計折舊_長期投資評價;本年度資本資產成本變動_增加數;本年度資本資產成本變動_減少數;本年度累計折舊_長期投資評價變動數;期末帳面金額;備註;業務計畫或工作計畫;經資門;執行數;項目;收入實現數;減項_收入待納庫數;加項_以前年度待納庫繳庫數;加項_以前年度撥款於本年度繳還數_材料;加項_以前年度撥款於本年度繳還數_存出保證金;加項_以前年度撥款於本年度繳還數_其他應收款;加項_預收款;加項_剔除經費;繳付公庫數;一級用途別編號;一級用途別名稱;支出實現數;加項_預付款;加項_材料;加項_存出保證金;加項_零用金;加項_退還收入預收款;加項_其他應收款;減項_以前年度撥款於本年度實現數;公庫撥入數;公庫分配數餘額;金額_本月數;金額_累計數,不更新,政府資料開放授權條款-第1版,http://uld.judicial.gov.tw/UserFiles/joy214/10710會計月報(XML).zip,2018/11/12 00:00,2018/11/12 10:59,
94684,臺灣高雄地方法院107年度10月份會計月報,臺灣高雄地方法院,公共資訊,臺灣高雄地方法院107年度10月份會計月報,會計年度;月份;款;項;目;節;預算年度;預算科目編號;預算科目名稱;細目編號;細目名稱;原預算數;追加減數;截至本月止累計分配數_1;本月實現數;截至本月止累計實現數_2;應收收入數_3;分配數預算餘額_4;分支計畫編號;分支計畫名稱;用途別編號;用途別名稱;第一預備金;第二預備金;經費流用數;預算調整數;應付數;已分配尚未執行數;備註_預暫付數;以前年度轉入數;應收數;保留數;減免;截至本月止累計實現數;調整數;尚未執行數;基金別;會計分類;使用機關別;科目分類;會計科目編號;會計科目名稱;金額;科目名稱;取得成本;以前年度累計折舊_長期投資評價;本年度資本資產成本變動_增加數;本年度資本資產成本變動_減少數;本年度累計折舊_長期投資評價變動數;期末帳面金額;備註;業務計畫或工作計畫;經資門;執行數;項目;收入實現數;減項_收入待納庫數;加項_以前年度待納庫繳庫數;加項_以前年度撥款於本年度繳還數_材料;加項_以前年度撥款於本年度繳還數_存出保證金;加項_以前年度撥款於本年度繳還數_其他應收款;加項_預收款;加項_剔除經費;繳付公庫數;一級用途別編號;一級用途別名稱;支出實現數;加項_預付款;加項_材料;加項_存出保證金;加項_零用金;加項_退還收入預收款;加項_其他應收款;減項_以前年度撥款於本年度實現數;公庫撥入數;公庫分配數餘額;金額_本月數;金額_累計數,每月,政府資料開放授權條款-第1版,,2018/11/12 00:00,2018/11/12 11:10,
94685,立法院107年10月份會計月報,立法院,公共資訊,立法院107年10月份會計月報,會計年度;月份;款;項;目;節;預算年度;預算科目編號;預算科目名稱;細目編號;細目名稱;原預算數;追加減數;截至本月止累計分配數_1;本月實現數;截至本月止累計實現數_2;應收收入數_3;分配數預算餘額_4;分支計畫編號;分支計畫名稱;用途別編號;用途別名稱;第一預備金;第二預備金;經費流用數;預算調整數;應付數;已分配尚未執行數;備註_預暫付數;以前年度轉入數;保留數;減免;截至本月止累計實現數;調整數;尚未執行數;基金別;會計分類;使用機關別;科目分類;會計科目編號;會計科目名稱;金額;科目名稱;取得成本;以前年度累計折舊_長期投資評價;本年度資本資產成本變動_增加數;本年度資本資產成本變動_減少數;本年度累計折舊_長期投資評價變動數;期末帳面金額;備註;用途別科目;支付累計數;項目;經資門;收入實現數;減項_收入待納庫數;加項_以前年度待納庫繳庫數;加項_以前年度撥款於本年度繳還數_材料;加項_以前年度撥款於本年度繳還數_存出保證金;加項_以前年度撥款於本年度繳還數_其他應收款;加項_預收款;加項_剔除經費;繳付公庫數;一級用途別編號;一級用途別名稱;支出實現數;加項_預付款;加項_材料;加項_存出保證金;加項_零用金;加項_退還收入預收款;加項_其他應收款;減項_以前年度撥款於本年度實現數;公庫撥入數;公庫分配數餘額;金額_本月數;金額_累計數,每月,政府資料開放授權條款-第1版,,2018/11/12 00:00,2018/11/12 11:15,
94546,派遣專家赴友邦國家技術指導統計,經濟部國際合作處,公共資訊,派遣專家赴友邦國家技術指導國別、人數、專家服務單位及內容簡述之統計資料,年份;國別;人數;專家服務單位及職稱;內容簡述,每年,政府資料開放授權條款-第1版,,2018/11/07 00:00,2018/11/07 00:00,
94635,礦務局_三峽中心轄區各類礦場監督檢查統計資料,經濟部礦務局,公共資訊,經濟部礦務局依照礦場安全法規相關規定，對各類礦場定期派員前往實施監督檢查礦場安全相關設施並進行輔導，以確保礦場作業安全。,年份;月份;檢查礦數;露天礦場檢查次數;地下礦場檢查次數;煤礦種檢查次數;金屬礦種查次數;非金屬礦種檢查次數;石油天然氣礦種檢查次數;檢查人次;檢查人員男性數;檢查人員女性數;檢查人員男性比例;檢查人員女性比例,每年,政府資料開放授權條款-第1版,,2018/11/08 00:00,2018/11/08 16:37,授權說明網址: https://data.gov.tw/license
94637,礦務局_和平中心轄區各類礦場監督檢查統計資料,經濟部礦務局,公共資訊,經濟部礦務局依照礦場安全法規相關規定，對各類礦場定期派員前往實施監督檢查礦場安全相關設施並進行輔導，以確保礦場作業安全。,年份;月份;檢查礦數;露天礦場檢查次數;地下礦場檢查次數;煤礦種檢查次數;金屬礦種查次數;非金屬礦種檢查次數;石油天然氣礦種檢查次數;檢查人次;檢查人員男性數;檢查人員女性數;檢查人員男性比例;檢查人員女性比例,每年,政府資料開放授權條款-第1版,,2018/11/08 00:00,2018/11/08 16:42,授權說明網址: https://data.gov.tw/license
94639,礦務局_瑞芳中心轄區各類礦場監督檢查統計資料,經濟部礦務局,公共資訊,經濟部礦務局依照礦場安全法規相關規定，對各類礦場定期派員前往實施監督檢查礦場安全相關設施並進行輔導，以確保礦場作業安全。,年份;月份;檢查礦數;露天礦場檢查次數;地下礦場檢查次數;煤礦種檢查次數;金屬礦種查次數;非金屬礦種檢查次數;石油天然氣礦種檢查次數;檢查人次;檢查人員男性數;檢查人員女性數;檢查人員男性比例;檢查人員女性比例,每年,政府資料開放授權條款-第1版,,2018/11/08 00:00,2018/11/08 16:45,授權說明網址: https://data.gov.tw/license
94641,礦務局_頭份中心轄區各類礦場監督檢查統計資料,經濟部礦務局,公共資訊,經濟部礦務局依照礦場安全法規相關規定，對各類礦場定期派員前往實施監督檢查礦場安全相關設施並進行輔導，以確保礦場作業安全。,年份;月份;檢查礦數;露天礦場檢查次數;地下礦場檢查次數;煤礦種檢查次數;金屬礦種查次數;非金屬礦種檢查次數;石油天然氣礦種檢查次數;檢查人次;檢查人員男性數;檢查人員女性數;檢查人員男性比例;檢查人員女性比例,每年,政府資料開放授權條款-第1版,,2018/11/08 00:00,2018/11/08 16:48,授權說明網址: https://data.gov.tw/license
94739,(中)低收入戶傷病醫療補助,新竹市政府,公共資訊,(中)低收入戶傷病醫療補助,低收醫療,每日,政府資料開放授權條款-第1版,,2018/11/12 00:00,2018/11/13 00:08,(中)低收入戶傷病醫療補助
94738,臺北市水綠地圖,臺北市政府工務局,公共資訊,臺北市水綠地圖 Water and Green Map 格式 Geojson 座標系統 WGS84 H0101-5_1田園城市_小田園.geojson H0201-1_1田園城市_市民農園.geojson H0301-1_1田園城市_快樂農園.geojson H0401-5_1田園城市_綠屋頂.geojson I0101-5_2都市綠地_自然保留區.geojson I0201-5_2都市綠地_野雁保護區.geojson I0301-5_2都市綠地_都市計畫農業區.geojson I0401-5_2都市綠地_都市計畫保護區.geojson J0101-5_3透水鋪面_PAC鋪面.geojson J0201-5_3透水鋪面_人行道透水鋪面.geojson J0301-5_3透水鋪面_公園透水鋪面.geojson J0401-5_3透水鋪面_停車場透水鋪面.geojson J0501-5_3透水鋪面_學校透水鋪面.geojson K0101-1_4水資源及水利設施_沉砂池.geojson K0201-1_4水資源及水利設施_抽水站.geojson K0301-5_4水資源及水利設施_河川.geojson K0401-1_4水資源及水利設施_直飲臺_臺北市範圍內.geojson K0501-1_4水資源及水利設施_雨量站.geojson K0601-3_4水資源及水利設施_堤防系統.geojson K0701-5_4水資源及水利設施_滯洪設施.geojson K0801-5_4水資源及水利設施_湖泊.geojson K0901-3_4水資源及水利設施_污水下水道管線.geojson K1001-3_4水資源及水利設施_雨水下水道管線.geojson L0101-5_5公園綠地_公園.geojson L0201-5_5公園綠地_公園生態化.geojson L0401-5_5公園綠地_校園綠化.geojson L0501-3_5公園綠地_河濱公園.geojson M0101-5_6保水防災_公共設施基地保水.geojson M0201-1_6保水防災_防災水井.geojson M0301-5_6保水防災_雨水流出抑制設施.geojson N0101-3_7藍色公路_藍色公路航線.geojson N0201-1_7藍色公路_藍色公路碼頭.geojson O0101-1_8水資源處理及回收再利用_再生水取用點.geojson O0201-5_8水資源處理及回收再利用_污水處理廠.geojson O0301-1_8水資源處理及回收再利用_雨水貯留.geojson O0401-1_8水資源處理及回收再利用_礫間處理設施.geojson L0301-5_5公園綠地_行道樹 請至 https://data.taipei/dataset/detail/metadata?id=7a49d00c-a5ff-4a6b-be9e-aaa6dc1ff7e8 下載 或由 https://data.taipei/ 搜尋 臺北市行道樹分佈圖,本資料為geojson格式 座標系統 WGS84,每日,政府資料開放授權條款-第1版,,2018/11/12 00:00,2018/11/12 20:57,
