資料集識別碼,資料集名稱,提供機關,服務分類,資料集描述,主要欄位說明,更新頻率,授權方式,相關網址,上架日期,詮釋資料更新時間,備註
94244,中央研究院104-107年度各類人員育嬰留職停薪人數統計表,人事室,生育保健,中央研究院104-107年度各類人員育嬰留職停薪人數統計表,項目;104年正編人員;104年臨時人員;105年正編人員;105年臨時人員;106年正編人員;106年臨時人員;107年正編人員;107年臨時人員,每年,政府資料開放授權條款-第1版,,2018/11/02 00:00,2018/11/02 11:38,
94246,108年度新北市附屬單位預算作業基金現金流量綜計表(依現流項目分列)(預算案),新北市政府主計處,公共資訊,"1.108年度新北市附屬單位預算作業基金現金流量綜計表(依現金流量項目分列)(預算案) 2.單位：新臺幣千元 3.各項欄位說明詳參""新北市政府主計處網頁->附屬單位預算及綜計表->108年度附屬單位預算案""(http://www.bas.ntpc.gov.tw/download/?mode=edit&type_id=10933)或電洽主計處查詢。",field1;field2,每年,政府資料開放授權條款-第1版,,2018/11/02 10:52,2018/11/02 10:52,
94284,桃園市免費無線上網熱點資料,桃園市政府資訊科技局,交通及通訊,桃園市免費無線上網熱點資料,主管機關;熱點名稱;緯度;經度;類型,每日,政府資料開放授權條款-第1版,,2018/09/11 11:08,2018/11/02 16:33,
94286,桃園市役男抽籤人數,桃園市政府民政局,服兵役,桃園市年度役男抽籤人數,年度;區別;役別;抽籤人數,每年,政府資料開放授權條款-第1版,,2018/10/24 10:22,2018/11/02 16:43,
