資料集識別碼,資料集名稱,提供機關,服務分類,資料集描述,主要欄位說明,更新頻率,授權方式,相關網址,上架日期,詮釋資料更新時間,備註
95068,國道停車彎相關業務,交通部高速公路局,交通及通訊,停車彎設置地點,分局;國道別;方向;里程數,每日,政府資料開放授權條款-第1版,,2018/11/21 00:00,2018/11/21 14:01,
95069,國道隧道里程,交通部高速公路局,交通及通訊,國道隧道一覽表,道路編號;隧道名稱;車行方向;起迄里程;長度公尺,每日,政府資料開放授權條款-第1版,,2018/11/21 00:00,2018/11/21 14:48,
95070,國道路網示意圖,交通部高速公路局,交通及通訊,國道路網圖,圖資網址,每日,政府資料開放授權條款-第1版,,2018/11/21 00:00,2018/11/21 13:50,
95071,警專冊報回役件數統計表,役政署,服兵役,依年度統計有關核定完成警察人員養成教育役男且於分發後未能履行規定之服務年限或於3年內未能分發任用案件暨人次數據,類別;104年度;105年度;106年度,每年,政府資料開放授權條款-第1版,,2018/11/21 14:13,2018/11/21 14:40,
95073,內政部役政署大事記,役政署,服兵役,大事記資料為法令發布、重要預算編列、重大會議、重要例行指標發布、具代表性之重要活動、本署人事異動訊息及署長重要行程等統計則數,月份;106年度;107年1至10月,每年,政府資料開放授權條款-第1版,,2018/11/21 14:21,2018/11/21 14:55,
94939,法務部法醫研究所法醫業務簡介(不定期),法務部法醫研究所,公共資訊,法務部法醫研究所法醫業務簡介(不定期),項目名稱;連結,每年,政府資料開放授權條款-第1版,,2018/11/16 00:00,2018/11/21 15:20,
95082,福建省政府107年11月份會計月報,福建省政府,公共資訊,經費累計表等表,,每月,政府資料開放授權條款-第1版,,2018/11/21 00:00,2018/11/21 17:22,
95055,經濟部投資事業公股代表名單,經濟部國營事業委員會,公共資訊,本資料集為經濟部投資事業公股代表名單,"投資事業名稱;法人代表職稱;姓名;本屆董事會任期;初任日期;學歷;現職;主要經歷",每日,政府資料開放授權條款-第1版,,2018/11/20 00:00,2018/11/20 17:12,
95078,違章案件裁罰統計表,臺中市政府地方稅務局‧企劃服務科規劃設計股,公共資訊,臺中市地方稅各稅違章案件裁罰統計,年度;件數及金額;稅捐稽徵法第46條;房屋稅條例第16條;印花稅法第23條;使用牌照稅法第28條第1項;使用牌照稅法第28條第2項;使用牌照稅法第29條;使用牌照稅法第30條;使用牌照稅法第31條;土地稅法54條;契稅條例第26條;娛樂稅法第12條;娛樂稅法第13條,每年,政府資料開放授權條款-第1版,,2018/11/21 16:17,2018/11/21 16:17,NIG750P
