資料集識別碼,資料集名稱,提供機關,服務分類,資料集描述,主要欄位說明,更新頻率,授權方式,相關網址,上架日期,詮釋資料更新時間,備註
94825,臺灣基隆地方法院107年度10月份會計月報,臺灣基隆地方法院,公共資訊,107年度10月份會計月報：歲入累計表等11張,會計年度;月份;款;項;目;節;預算年度;預算科目編號;預算科目名稱;細目編號;細目名稱;原預算數;追加減數;截至本月止累計分配數_1;本月實現數;截至本月止累計實現數_2;應收收入數_3;分配數預算餘額_4;分支計畫編號;分支計畫名稱;用途別編號;用途別名稱;第一預備金;第二預備金;經費流用數;預算調整數;應付數;已分配尚未執行數;備註_預暫付數;以前年度轉入數;應收數;保留數;減免;截至本月止累計實現數;調整數;尚未執行數;基金別;會計分類;使用機關別;科目分類;會計科目編號;會計科目名稱;金額;科目名稱;取得成本;以前年度累計折舊_長期投資評價;本年度資本資產成本變動_增加數;本年度資本資產成本變動_減少數;本年度累計折舊_長期投資評價變動數;期末帳面金額;備註;業務計畫或工作計畫;經資門;執行數;項目;收入實現數;減項_收入待納庫數;加項_以前年度待納庫繳庫數;加項_以前年度撥款於本年度繳還數_材料;加項_以前年度撥款於本年度繳還數_存出保證金;加項_以前年度撥款於本年度繳還數_其他應收款;加項_預收款;加項_剔除經費;繳付公庫數;一級用途別編號;一級用途別名稱;支出實現數;加項_預付款;加項_材料;加項_存出保證金;加項_零用金;加項_退還收入預收款;加項_其他應收款;減項_以前年度撥款於本年度實現數;公庫撥入數;公庫分配數餘額;金額_本月數;金額_累計數,不更新,政府資料開放授權條款-第1版,,2018/11/14 00:00,2018/11/14 15:23,
94933,107年10月會計月報,臺灣橋頭地方法院,公共資訊,107年10月會計月報,會計年度;月份;款;項;目;節;預算年度;預算科目編號;預算科目名稱;細目編號;細目名稱;原預算數;追加減數;截至本月止累計分配數_1;本月實現數;截至本月止累計實現數_2;應收收入數_3;分配數預算餘額_4;分支計畫編號;分支計畫名稱;用途別編號;用途別名稱;第一預備金;第二預備金;經費流用數;預算調整數;應付數;已分配尚未執行數;備註_預暫付數;以前年度轉入數;應收數;保留數;減免;截至本月止累計實現數;調整數;尚未執行數;基金別;會計分類;使用機關別;科目分類;會計科目編號;會計科目名稱;金額;科目名稱;取得成本;以前年度累計折舊_長期投資評價;本年度資本資產成本變動_增加數;本年度資本資產成本變動_減少數;本年度累計折舊_長期投資評價變動數;期末帳面金額;備註;業務計畫或工作計畫;經資門;執行數;項目;收入實現數;減項_收入待納庫數;加項_以前年度待納庫繳庫數;加項_以前年度撥款於本年度繳還數_材料;加項_以前年度撥款於本年度繳還數_存出保證金;加項_以前年度撥款於本年度繳還數_其他應收款;加項_預收款;加項_剔除經費;繳付公庫數;一級用途別編號;一級用途別名稱;支出實現數;加項_預付款;加項_材料;加項_存出保證金;加項_零用金;加項_退還收入預收款;加項_其他應收款;減項_以前年度撥款於本年度實現數;公庫撥入數;公庫分配數餘額;金額_本月數;金額_累計數,每月,政府資料開放授權條款-第1版,http://ctd.judicial.gov.tw/UserFiles/10710月報XML.zip,2018/11/16 00:00,2018/11/19 10:09,
94968,替代役役男輔導教育受訓人數分析統計表,役政署,服兵役,統計各年度輔導教育受訓役男之人數及原因分析,年度;105年度;106年度;107年度1至7月,每年,政府資料開放授權條款-第1版,,2018/11/16 16:17,2018/11/19 09:19,
94971,僑民役男列管情形統計表,役政署,服兵役,役齡男子凡取得僑務主管機關核發之役政用華僑身分證明書，或持有僑居身分加簽之護照，即具有僑民役男身分。在臺設有戶籍之僑民役男，自返回國內之翌日起居住屆滿1年時，始須依法辦理徵兵處理,縣市;僑民役男列管人數;依法規第1款核准暫緩徵兵處理人數;依法規第2款核准暫緩徵兵處理人數;依法規第3款核准暫緩徵兵處理人數;依法規第4款核准暫緩徵兵處理人數;依法規第5款核准暫緩徵兵處理人數;核准暫緩徵兵處理人數合計,每年,政府資料開放授權條款-第1版,,2018/11/19 10:21,2018/11/19 10:32,
94977,參與役路相伴-袍澤情深座談活動人數統計表,役政署,服兵役,每年各區參與役路相伴-袍澤情深座談活動人數統計表,場次;傷病人員;家屬;貴賓役政役男及志工等人員;合計,每年,政府資料開放授權條款-第1版,,2018/11/19 10:48,2018/11/19 11:05,
94978,全國各直轄市及縣(市)政府設置替代役備役役男勤務編組管理中心數量統計表,役政署,服兵役,為有效運用替代役備役役男人力，內政部及直轄市及縣(市)政府共同設置替代役備役役男勤務編組管理中心(以下簡稱編管中心)，直轄市及縣(市)政府列管備役役男人數每超過1萬人者，得增設1個編管中心，故統計各直轄市及縣(市)政府可設置及目前設置編管中心數量，以供民眾瞭解,縣市別;列管備役役男人數;可設置編管中心數量;目前設置編管中心數量,每年,政府資料開放授權條款-第1版,,2018/11/19 10:51,2018/11/19 11:06,
94992,警專冊報回役件數統計表,役政署,服兵役,依年度統計有關核定完成警察人員養成教育役男且於分發後未能履行規定之服務年限或於3年內未能分發任用案件暨人次數據,類別;104年度;105年度;106年度,每年,政府資料開放授權條款-第1版,,2018/11/19 11:42,2018/11/19 14:40,
94993,警專冊報回役件數統計表,役政署,服兵役,依年度統計有關核定完成警察人員養成教育役男且於分發後未能履行規定之服務年限或於3年內未能分發任用案件暨人次數據,類別;104年度;105年度;106年度,每年,政府資料開放授權條款-第1版,,2018/11/19 11:42,2018/11/19 14:40,
94994,研發替代役役男研究成果統計,役政署,服兵役,資料來源為研發替代役用人單位成效回報所屬役男研究成果，若當年無役男服勤則無需回報填寫，資料以當年度用人單位回報統計，僅供參考,年度;項目;類別;數量,每年,政府資料開放授權條款-第1版,,2018/11/19 11:43,2018/11/19 14:42,
94995,替代役役男地域加給支給標準表,役政署,服兵役,替代役役男於外島、離島、高山級國男服役，地域加給發放標準,區分;管理幹部;一般役男,每年,政府資料開放授權條款-第1版,,2018/11/19 14:21,2018/11/19 14:46,
94997,106年役政人員培訓計畫辦理情形,役政署,服兵役,106年役政人員培訓計畫各班別開辦時間及人數統計,班別名稱;期別;人數;訓期_天,每年,政府資料開放授權條款-第1版,,2018/11/19 11:45,2018/11/19 15:36,
94937,經濟部統計處_餐飲業經營實況_餐館業,經濟部,公共資訊,經濟部統計處_餐飲業經營實況_餐館業,,每年,政府資料開放授權條款-第1版,,2018/11/16 00:00,2018/11/16 17:50,
94969,台灣中油股份有限公司_溶劑化學品事業部各區營業處所地址電話,台灣中油股份有限公司,公共資訊,各區營業處所聯絡資訊,業務單位;電話號碼;傳真號碼;聯絡人;地址,每日,政府資料開放授權條款-第1版,,2018/11/19 00:00,2018/11/19 14:11,
94972,台灣中油股份有限公司_探採事業部105年營運成果,台灣中油股份有限公司,公共資訊,列出探採事業部各類營運成果與成果產量,項目;工作事項;成果,每日,政府資料開放授權條款-第1版,,2018/11/19 00:00,2018/11/19 14:09,
94973,台灣中油股份有限公司_探採事業部服務據點電話地址一覽表,台灣中油股份有限公司,公共資訊,列出探採事業部各服務據點地址及電話,單位名稱;地址;電話,每日,政府資料開放授權條款-第1版,,2018/11/19 00:00,2018/11/19 14:05,
94988,臺灣地區耕地面積,行政院農業委員會,公共資訊,資料提供包括:年度、地區、水稻、水稻以外短期作、短期休閒、長期耕作地、長期休閒地、耕地面積等欄位資料。,year;local;rice;short_norice;short_leisure;long_farm;long_leisure;cultivated_area,每年,政府資料開放授權條款-第1版,,2018/11/19 00:00,2018/11/19 14:30,
94999,臺灣地區農產品生產量值,行政院農業委員會,公共資訊,資料提供包括:年度、作物名稱、產量、單價、產值等欄位資料。,year;crop_name;output;price;output_value,每年,政府資料開放授權條款-第1版,,2018/11/19 00:00,2018/11/19 15:30,
95004,臺閩地區作物複雜指數,行政院農業委員會,公共資訊,資料提供包括:年度、地區別、作物種植總面積(千公頃)、耕地總面積(千公頃)、長期作物種值面積(千公頃)、複種指數、未包含長期作物之複種指數等欄位資料。,year;city_area;plant_area;reward_area;extended_plant;re_plant_avg;no_extended_re_plant,每年,政府資料開放授權條款-第1版,,2018/11/19 00:00,2018/11/19 18:30,
94980,104年台中視界網影音資料,臺中市政府資訊中心,公共資訊,104年台中市政府影音與直播描述及相關資料,DC.Title;DC.Subject;DC.Creator;DC.Description;DC.Publisher;DC.Contributor;DC.Date;DC.Type;DC.Format;DC.Identifier;DC.Relation;DC.Source;DC.Language;DC.Coverage;DC.Rights,每日,政府資料開放授權條款-第1版,,2018/11/19 11:44,2018/11/19 14:26,
94989,105年台中視界網影音資料,臺中市政府資訊中心,公共資訊,105年台中市政府影音與直播描述及相關資料,DC.Title;DC.Subject;DC.Creator;DC.Description;DC.Publisher;DC.Contributor;DC.Date;DC.Type;DC.Format;DC.Identifier;DC.Relation;DC.Source;DC.Language;DC.Coverage;DC.Rights,每日,政府資料開放授權條款-第1版,,2018/11/19 14:25,2018/11/19 14:25,
94990,106年台中視界網影音資料,臺中市政府資訊中心,公共資訊,106年台中市政府影音與直播描述及相關資料,DC.Title;DC.Subject;DC.Creator;DC.Description;DC.Publisher;DC.Contributor;DC.Date;DC.Type;DC.Format;DC.Identifier;DC.Relation;DC.Source;DC.Language;DC.Coverage;DC.Rights,每日,政府資料開放授權條款-第1版,,2018/11/19 14:27,2018/11/19 14:27,
94991,107年台中視界網影音資料,臺中市政府資訊中心,公共資訊,106年台中市政府影音與直播描述及相關資料,DC.Title;DC.Subject;DC.Creator;DC.Description;DC.Publisher;DC.Contributor;DC.Date;DC.Type;DC.Format;DC.Identifier;DC.Relation;DC.Source;DC.Language;DC.Coverage;DC.Rights,每日,政府資料開放授權條款-第1版,,2018/11/19 14:28,2018/11/19 14:28,
