資料集識別碼,資料集名稱,提供機關,服務分類,資料集描述,主要欄位說明,更新頻率,授權方式,相關網址,上架日期,詮釋資料更新時間,備註
94225,運輸業缺員訊息,交通部公路總局,交通及通訊,提供運輸業駕駛員缺員訊息。,"""公司名稱"";""職缺區域"";""職缺人數"";""職缺"";""需求到職日期"";""連絡人"";""連絡電話"";""email""。",每季,政府資料開放授權條款-第1版,,2018/11/01 00:00,2018/11/01 17:17,
94226,公路客運公司列表,交通部公路總局,交通及通訊,提供公路客運公司列表。,公司名稱;地址;電話;營運狀態。,每季,政府資料開放授權條款-第1版,,2018/11/01 00:00,2018/11/01 17:20,
94224,全國電影票房統計數據,文化部,公共資訊,本資料集為國家電影中心提供全國院線電影票房統計。資料截止至公告日期之前一週日，且不包括上映日數尚未滿7個日曆天之電影。,序號;國別地區;中文片名;上映日期;申請人;出品;上映院數;銷售票數;銷售金額;累計銷售票數;累計銷售金額,每周,政府資料開放授權條款-第1版,,2018/11/01 00:00,2018/11/01 16:24,
94218,害蟲天敵名錄,行政院農業委員會,公共資訊,提供資料包括：分類目、分類科、天敵、寄主、寄主被捕食時期等欄位資料。,分類目;分類科;天敵;寄主;寄主被捕食時期,每年,政府資料開放授權條款-第1版,,2018/11/01 00:00,2018/11/01 14:15,
94232,南投縣單親家庭服務提供單位,南投縣政府,生育保健,提供單親家庭及其子女個別家庭服務(諮詢、會談、諮商、輔導)、法律及社會福利諮詢、親職成長活動(親子教養、喘息等)、教育訓練、講座、工作坊、心理諮商與輔導服務、單親家庭課後輔導與照顧等服務。,"資源彙整機關;中心名稱;辦理單位;連絡電話;傳真;電子郵件;地址;服務區域;相關網址;X坐標;Y坐標;備註;最後更新時間",每日,政府資料開放授權條款-第1版,,2018/11/01 00:00,2018/11/01 23:00,
94233,南投縣高風險家庭關懷輔導處遇服務提供單位,南投縣政府,生育保健,依兒童及少年高風險家庭關懷輔導處遇實施計畫，經地方政府規劃之機構或團體,"資源彙整機關;辦理單位;成立日期;立案文號;負責人;連絡電話;傳真;電子郵件;地址;相關網址;X坐標;Y坐標;備註;最後更新時間",每日,政府資料開放授權條款-第1版,,2018/11/01 00:00,2018/11/01 23:00,
94234,南投縣居家托育服務單位,南投縣政府,生育保健,原社區保母系統,"性質;資源彙整機關;中心名稱;辦理單位;連絡電話;傳真;電子郵件;地址;服務區域;服務時間;相關網址;X坐標;Y坐標;備註;最後更新時間",每日,政府資料開放授權條款-第1版,,2018/11/01 00:00,2018/11/01 23:00,
94235,南投縣家庭/社會福利服務中心,南投縣政府,生育保健,係社會局（處）分區設置以特定服務區域轄內社區、家庭、家庭成員與弱勢及一般民眾以為服務對象，提供綜融性福利服務之公私立福利單位、設施（不含庇護基金會、協會、收容機構、家暴中心）,資源彙整機關;辦理單位;成立日期;立案文號;負責人;連絡電話;傳真;電子郵件;地址;相關網址;X坐標;Y坐標;備註;最後更新時間,每日,政府資料開放授權條款-第1版,,2018/11/01 00:00,2018/11/01 23:00,
