資料集識別碼,資料集名稱,提供機關,服務分類,資料集描述,主要欄位說明,更新頻率,授權方式,相關網址,上架日期,詮釋資料更新時間,備註
94524,臺灣臺東地方法院107年10月份會計月報(XML),臺灣臺東地方法院,公共資訊,臺灣臺東地方法院107年10月份會計月報,會計年度;月份;款;項;目;節;預算年度;預算科目編號;預算科目名稱;細目編號;細目名稱;原預算數;追加減數;截至本月止累計分配數_1;本月實現數;截至本月止累計實現數_2;應收收入數_3;分配數預算餘額_4;分支計畫編號;分支計畫名稱;用途別編號;用途別名稱;第一預備金;第二預備金;經費流用數;預算調整數;應付數;已分配尚未執行數;備註_預暫付數;以前年度轉入數;應收數;保留數;減免;截至本月止累計實現數;調整數;尚未執行數;基金別;會計分類;使用機關別;科目分類;會計科目編號;會計科目名稱;金額;科目名稱;取得成本;以前年度累計折舊_長期投資評價;本年度資本資產成本變動_增加數;本年度資本資產成本變動_減少數;本年度累計折舊_長期投資評價變動數;期末帳面金額;備註;業務計畫或工作計畫;經資門;執行數;項目;收入實現數;減項_收入待納庫數;加項_以前年度待納庫繳庫數;加項_以前年度撥款於本年度繳還數_材料;加項_以前年度撥款於本年度繳還數_存出保證金;加項_以前年度撥款於本年度繳還數_其他應收款;加項_預收款;加項_剔除經費;繳付公庫數;一級用途別編號;一級用途別名稱;支出實現數;加項_預付款;加項_材料;加項_存出保證金;加項_零用金;加項_退還收入預收款;加項_其他應收款;減項_以前年度撥款於本年度實現數;公庫撥入數;公庫分配數餘額;金額_本月數;金額_累計數,每月,政府資料開放授權條款-第1版,http://ksb.judicial.gov.tw/chinese/GovPublicInfo.aspx?p=58&pa=10227&n=10347&type=6,2018/11/06 00:00,2018/11/06 15:25,
94578,臺中高等行政法院107年10月份會計月報,臺中高等行政法院,公共資訊,臺中高等行政法院107年10月份,會計年度;月份;款;項;目;節;預算年度;預算科目編號;預算科目名稱;細目編號;細目名稱;原預算數;追加減數;截至本月止累計分配數_1;本月實現數;截至本月止累計實現數_2;應收收入數_3;分配數預算餘額_4;分支計畫編號;分支計畫名稱;用途別編號;用途別名稱;第一預備金;第二預備金;經費流用數;預算調整數;應付數;已分配尚未執行數;備註_預暫付數;以前年度轉入數;應收數;保留數;減免;截至本月止累計實現數;調整數;尚未執行數;基金別;會計分類;使用機關別;科目分類;會計科目編號;會計科目名稱;金額;科目名稱;取得成本;以前年度累計折舊_長期投資評價;本年度資本資產成本變動_增加數;本年度資本資產成本變動_減少數;本年度累計折舊_長期投資評價變動數;期末帳面金額;備註;業務計畫或工作計畫;經資門;執行數;項目;收入實現數;減項_收入待納庫數;加項_以前年度待納庫繳庫數;加項_以前年度撥款於本年度繳還數_材料;加項_以前年度撥款於本年度繳還數_存出保證金;加項_以前年度撥款於本年度繳還數_其他應收款;加項_預收款;加項_剔除經費;繳付公庫數;一級用途別編號;一級用途別名稱;支出實現數;加項_預付款;加項_材料;加項_存出保證金;加項_零用金;加項_退還收入預收款;加項_其他應收款;減項_以前年度撥款於本年度實現數;公庫撥入數;公庫分配數餘額;金額_本月數;金額_累計數,每月,政府資料開放授權條款-第1版,http://ksb.judicial.gov.tw/chinese/GovPublicInfo.aspx?p=58&pa=10227&n=10347&type=6,2018/11/06 00:00,2018/11/06 15:25,
94600,免費過境半日遊遊客滿意度調查表,交通部觀光局,休閒旅遊,過境半日遊遊客滿意度調查,資料來源;各項服務滿意度;推薦意願;再訪意願,每日,政府資料開放授權條款-第1版,,2018/11/07 00:00,2018/11/07 10:23,
94602,國防大學施政績效（自評）報告,國防部,公共資訊,提供本部政府資料開放規劃執行及督導檢討等相關資料。,,每年,政府資料開放授權條款-第1版,,2018/11/07 00:00,2018/11/07 11:28,
94604,國防雜誌,國防部,公共資訊,以闡揚國軍軍事思想，激勵軍事學術研究風氣為目的，廣徵校內、外軍事研究論文與國軍官兵之稿件，以提升國軍幹部國際觀、軍事素養、外文能力及學術水準。,,每季,政府資料開放授權條款-第1版,,2018/11/07 00:00,2018/11/07 11:27,
94609,南投縣政府原始捐贈之財團法人一覽表,南投縣政府,公共資訊,包含欄位：「名稱」、「地址」、「立案時間」,包含欄位：「名稱」;「地址」;「立案時間」,每年,政府資料開放授權條款-第1版,,2018/11/07 00:00,2018/11/07 14:42,
94617,不動產實價登錄資訊-租賃案件-八里區,新北市政府地政局,購屋及遷徙,不動產租賃案件實價登錄資訊，包含標的位置(去識別化)、面積、總價等資訊。-八里區,district;rps01;rps02;rps03;rps04;rps05;rps06;rps07;rps08;rps09;rps10;rps11;rps12;rps13;rps14;rps15;rps16;rps17;rps18;rps19;rps20;rps21;rps22;rps23;rps24;rps25;rps26;rps27;rps28,每月,政府資料開放授權條款-第1版,,2016/11/03 15:28,2018/11/07 15:28,依品質檢測結果更新主要欄位說明
94618,不動產實價登錄資訊-預售屋案件-五股區,新北市政府地政局,購屋及遷徙,不動產預售案件實價登錄資訊，包含標的位置(去識別化)、面積、總價等資訊。-五股區,district;rps01;rps02;rps03;rps04;rps05;rps06;rps07;rps08;rps09;rps10;rps11;rps12;rps13;rps14;rps15;rps16;rps17;rps18;rps19;rps20;rps21;rps22;rps23;rps24;rps25;rps26;rps27,每月,政府資料開放授權條款-第1版,,2016/11/03 14:50,2018/11/07 15:38,依品質檢測結果更新主要欄位說明
94608,臺中市政府地方稅務局推動高齡者參與志願服務成果統計表(107年度1-6月),臺中市政府地方稅務局‧企劃服務科規劃設計股,公共資訊,臺中市政府地方稅務局推動高齡者參與志願服務成果統計表(107年度1-6月),分類別;隊數;六十五歲以上志工人數;接受服務總人次;提供服務總時數;高齡志工教育訓練人次;高齡志工教育訓練時數;高齡志工新增領取志願服務紀錄冊人數;辦理促進高齡者參與志願服務之宣導及行銷活動或措施_場次;高齡志工獎勵表揚_人數,每年,政府資料開放授權條款-第1版,,2018/11/07 14:17,2018/11/07 14:17,
