資料集識別碼,資料集名稱,提供機關,服務分類,資料集描述,主要欄位說明,更新頻率,授權方式,相關網址,上架日期,詮釋資料更新時間,備註
94942,替代役役男訪視成果統計表,役政署,服兵役,統計各年度訪視一般替代役役男之具體成效,年度;實地訪視;電話訪談;疾病照料;意外事件協處;特殊事件協處;急難救助;生活照顧;勤務問題調處;其他;小計,每年,政府資料開放授權條款-第1版,,2018/11/16 15:37,2018/11/16 16:38,
94943,替代役役男獎懲人次統計表,役政署,服兵役,統計替代役役男各年度受獎懲人次。,年度;104年度;105年度;106年度,每年,政府資料開放授權條款-第1版,,2018/11/16 16:17,2018/11/16 16:39,
94936,經濟部統計處_零售業經營實況_汽機車及其零配件、用品業,經濟部,公共資訊,經濟部統計處_零售業經營實況_汽機車及其零配件、用品業,,每年,政府資料開放授權條款-第1版,,2018/11/16 00:00,2018/11/16 17:46,
94937,經濟部統計處_餐飲業經營實況_餐館業,經濟部,公共資訊,經濟部統計處_餐飲業經營實況_餐館業,,每年,政府資料開放授權條款-第1版,,2018/11/16 00:00,2018/11/16 17:50,
