資料集識別碼,資料集名稱,提供機關,服務分類,資料集描述,主要欄位說明,更新頻率,授權方式,相關網址,上架日期,詮釋資料更新時間,備註
95647,犯罪被害補償事件殯葬費項目金額參考表,福建金門地方檢察署,公共資訊,犯罪被害補償事件殯葬費項目金額參考表,名稱;參考表資訊,每年,政府資料開放授權條款-第1版,http://www.kmc.moj.gov.tw/,2018/11/29 00:00,2018/11/29 08:24,
95651,表揚推展修復式司法有功人士及團體,法務部,公共資訊,法務部表揚推展修復式司法有功人員,,不更新,政府資料開放授權條款-第1版,https://www.moj.gov.tw/dl-33344-c224be82429c4010b5db8395edde5974.html,2018/11/29 00:00,2018/11/29 10:11,
95652,表揚推展犯罪被害人保護工作有功人士及團體,法務部,公共資訊,推展犯罪被害人保護工作,,不更新,政府資料開放授權條款-第1版,,2018/11/29 00:00,2018/11/29 10:14,
95653,法務部組織架構-保護司簡介,法務部,公共資訊,包含組織架構、主管簡介及業務職掌,說明;組織架構;主管姓名及職稱;任職日期;學歷及考試;經歷;相片;保護司業務職掌;各科業務職掌,即時,政府資料開放授權條款-第1版,,2018/11/29 00:00,2018/11/29 11:51,
95681,檢察長介紹,福建金門地方檢察署,公共資訊,檢察長介紹,名稱;連結網址,每年,政府資料開放授權條款-第1版,http://www.kmc.moj.gov.tw/mp028.html,2018/11/29 00:00,2018/11/29 15:48,
95683,福建金門地方檢察署科室簡介,福建金門地方檢察署,公共資訊,福建金門地方檢署科室簡介,名稱;連結網址,每年,政府資料開放授權條款-第1版,,2018/11/29 00:00,2018/11/29 15:46,
95686,一般行政業務概況,福建金門地方檢察署,公共資訊,福建金門地方檢察署一般行政業務概況,名稱;連結網址,每年,政府資料開放授權條款-第1版,http://www.kmc.moj.gov.tw/mp028.html,2018/11/29 00:00,2018/11/29 15:44,
95713,檢察業務概況,福建金門地方檢察署,公共資訊,福建金門地方檢察署檢察業務概況,名稱;連結網址,每年,政府資料開放授權條款-第1版,http://www.kmc.moj.gov.tw/mp028.html,2018/11/29 00:00,2018/11/29 15:42,
94937,經濟部統計處_餐飲業經營實況_餐館業,經濟部,公共資訊,經濟部統計處_餐飲業經營實況_餐館業,,每年,政府資料開放授權條款-第1版,,2018/11/16 00:00,2018/11/16 17:50,
94969,台灣中油股份有限公司_溶劑化學品事業部各區營業處所地址電話,台灣中油股份有限公司,公共資訊,各區營業處所聯絡資訊,業務單位;電話號碼;傳真號碼;聯絡人;地址,每日,政府資料開放授權條款-第1版,,2018/11/19 00:00,2018/11/19 14:11,
94972,台灣中油股份有限公司_探採事業部105年營運成果,台灣中油股份有限公司,公共資訊,列出探採事業部各類營運成果與成果產量,項目;工作事項;成果,每日,政府資料開放授權條款-第1版,,2018/11/19 00:00,2018/11/19 14:09,
94973,台灣中油股份有限公司_探採事業部服務據點電話地址一覽表,台灣中油股份有限公司,公共資訊,列出探採事業部各服務據點地址及電話,單位名稱;地址;電話,每日,政府資料開放授權條款-第1版,,2018/11/19 00:00,2018/11/19 14:05,
94996,水足跡相關資訊揭露,經濟部工業局,公共資訊,工業局辦理產業用水效能提升計畫，並透過本計畫輔導工業區內廠商取得產品水足跡聲明書。,年份(民國年);獎次;團隊名稱;產品名稱;參賽國家;產品類別,每年,政府資料開放授權條款-第1版,https://opendata.tca.org.tw/,2018/11/30 00:00,2018/11/30 01:25,
95023,台灣中油股份有限公司_石化事業部固定污染源連續監測即時數據,台灣中油股份有限公司,生活安全及品質,本資料集主要提供台灣中油公司石化事業部固定污染源連續監測即時數據，固定污染源係指使用固體、液體及氣體燃料之工場鍋爐發電程序所產生之空氣污染物，如硫氧化物、氮氧化物及不透光率等,工場名稱;煙囪編號;硫氧化物小時值(ppm);氮氧化物小時值(ppm);不透光率6分鐘值(%);縣市;經度;緯度;硫氧化物排放標準(許可值)(ppm);氮氧化物排放標準(許可值)(ppm);不透光率標準值(%),每月,政府資料開放授權條款-第1版,,2018/11/21 00:00,2018/11/21 16:57,
95049,協助中油公司推動高雄港洲際貨櫃二期大林石化油品儲運中心計畫,經濟部國營事業委員會,公共資訊,本資料集為國營會協助中油公司推動高雄港洲際貨櫃二期大林石化油品儲運中心計畫之辦理情形。,計畫名稱;計畫重點;辦理情形,每日,政府資料開放授權條款-第1版,,2018/11/28 00:00,2018/11/27 23:59,
95051,空氣污染防制策略民眾意見盤點表_國營事業空污改善聚焦座談會(106年12月12日),經濟部國營事業委員會,公共資訊,本資料集為106年12月12日國營事業空污改善聚焦座談會之民眾意見辦理情形。,策略類別;議題主軸;編號;歸納議題;民眾意見;部會回應;權責部會;單位窗口;整合回應;後續處理建議,每日,政府資料開放授權條款-第1版,,2018/11/28 00:00,2018/11/27 23:59,
95053,經濟部國營會補助縣市政府經費彙總表,經濟部國營事業委員會,公共資訊,本資料集為經濟部國營會補助縣市政府經費彙總及說明。,單位名稱;補助對象;補助對象所在縣市別;核准日期;補助金額(元);說明,每日,政府資料開放授權條款-第1版,,2018/11/20 00:00,2018/11/20 16:29,
95055,經濟部投資事業公股代表名單,經濟部國營事業委員會,公共資訊,本資料集為經濟部投資事業公股代表名單,"投資事業名稱;法人代表職稱;姓名;本屆董事會任期;初任日期;學歷;現職;主要經歷",每日,政府資料開放授權條款-第1版,,2018/11/20 00:00,2018/11/20 17:12,
95072,台灣中油股份有限公司_綠能科技研究所研發成果,台灣中油股份有限公司,公共資訊,列出綠能科技研究所各類研發成果及介紹連結,成果類別;成果項目;介紹連結,每月,政府資料開放授權條款-第1版,,2018/11/21 00:00,2018/11/22 09:45,
95075,台灣中油股份有限公司_探採研究所探採研究報告分類,台灣中油股份有限公司,公共資訊,探採研究所歷年研究報告分類,類別;年度;計畫名稱;聯絡人;E-mail,每年,政府資料開放授權條款-第1版,,2018/11/21 00:00,2018/11/22 09:49,
95119,台灣自來水公司近年委外研究計畫,台灣自來水股份有限公司,公共資訊,提供本公司近年各項委外研究計畫,年度;研究計畫名稱;委辦單位,每年,政府資料開放授權條款-第1版,,2018/11/22 00:00,2018/11/22 15:29,
95120,台灣自來水公司對民間團體及個人之補（捐）助經費表,台灣自來水股份有限公司,公共資訊,提供本公司對民間團體及個人之補（捐）助經費表,項次;申請單位;活動摘要;申請金額(千元);核准理由(預期效益);核准日期;活動縣市,每季,政府資料開放授權條款-第1版,,2018/11/22 00:00,2018/11/22 15:27,
95121,台灣自來水公司近年簡易資產負債表,台灣自來水股份有限公司,公共資訊,提供本公司近年簡易資產負債情形,年度;資產(千元);負債(千元);權益(千元),每年,政府資料開放授權條款-第1版,,2018/11/22 00:00,2018/11/22 15:24,
95122,台灣自來水公司近年自行研究計畫,台灣自來水股份有限公司,公共資訊,提供本公司近年各項自行研究計畫,年度;研究計畫名稱;辦理單位,每年,政府資料開放授權條款-第1版,,2018/11/22 00:00,2018/11/22 15:20,
95123,台灣自來水公司代收繳比例,台灣自來水股份有限公司,公共資訊,提供本公司用戶數代收繳比例,單位名稱;代收(含到所繳費)用戶數;百分比(代收);預繳用戶數;百分比(預繳);代繳用戶數;百分比(代繳),每年,政府資料開放授權條款-第1版,,2018/11/22 00:00,2018/11/22 15:18,
95124,台灣自來水公司各口徑分段用水量水費統計表,台灣自來水股份有限公司,公共資訊,提供本公司各口徑分段用戶數及用水量統計,口徑(公厘);用戶數(戶);用水費(元),每年,政府資料開放授權條款-第1版,,2018/11/22 00:00,2018/11/22 15:17,
95125,台灣自來水公司水量計裝置數,台灣自來水股份有限公司,公共資訊,提供本公司每月水量計裝置數,年月;水量計裝置數(只),每月,政府資料開放授權條款-第1版,,2018/11/22 00:00,2018/11/22 15:17,
95137,經濟部統計處_製造業生產量指數,經濟部,公共資訊,經濟部統計處_製造業生產量指數,統計項目;行業代碼;行業別;資料期;統計值;計量單位,每年,政府資料開放授權條款-第1版,,2018/11/22 00:00,2018/11/23 09:54,
95141,經濟部統計處_製造業銷售量指數_按四大行業統計,經濟部,公共資訊,經濟部統計處_製造業銷售量指數_按四大行業統計,統計項目;行業代碼;行業別;資料期;統計值;計量單位,每年,政府資料開放授權條款-第1版,,2018/11/22 00:00,2018/11/23 09:54,
95472,臺灣廠商參加日本重要展覽資訊,經濟部國際貿易局,公共資訊,為協助廠商選擇其產業適銷市場及規劃拓銷策略，貿易局以各重要展覽官方網站資料為基礎，篩選臺商前往日本參加重要展覽之參展資訊。本資料集提供展覽名稱、展出國家、展出城市、開始日期、結束日期、展覽產業別、展出頻率、展覽類型、主辦單位、展覽官網及臺灣參展廠商家數等資料。,展覽名稱;展出國家;展出城市;開始日期;結束日期;展覽產業別;展出頻率;展覽類型;主辦單位;展覽官網;臺灣參展廠商家數,每季,政府資料開放授權條款-第1版,,2018/11/27 00:00,2018/11/27 19:56,註:每項資料間，以逗號區隔
95474,臺灣廠商參加印尼重要展覽資訊,經濟部國際貿易局,公共資訊,為協助廠商選擇其產業適銷市場及規劃拓銷策略，貿易局以各重要展覽官方網站資料為基礎，篩選臺商前往印尼參加重要展覽之參展資訊。本資料集提供展覽名稱、展出國家、展出城市、開始日期、結束日期、展覽產業別、展出頻率、展覽類型、主辦單位、展覽官網及臺灣參展廠商家數等資料。,展覽名稱;展出國家;展出城市;開始日期;結束日期;展覽產業別;展出頻率;展覽類型;主辦單位;展覽官網;臺灣參展廠商家數,每季,政府資料開放授權條款-第1版,,2018/11/27 00:00,2018/11/27 20:12,註:每項資料間，以逗號區隔
95485,臺灣廠商參加印度重要展覽資訊,經濟部國際貿易局,公共資訊,為協助廠商選擇其產業適銷市場及規劃拓銷策略，貿易局以各重要展覽官方網站資料為基礎，篩選臺商前往印度參加重要展覽之參展資訊。本資料集提供展覽名稱、展出國家、展出城市、開始日期、結束日期、展覽產業別、展出頻率、展覽類型、主辦單位、展覽官網及臺灣參展廠商家數等資料。,展覽名稱;展出國家;展出城市;開始日期;結束日期;展覽產業別;展出頻率;展覽類型;主辦單位;展覽官網;臺灣參展廠商家數,每季,政府資料開放授權條款-第1版,,2018/11/27 00:00,2018/11/27 20:16,註:每項資料間，以逗號區隔
95492,臺灣廠商參加南韓重要展覽資訊,經濟部國際貿易局,公共資訊,為協助廠商選擇其產業適銷市場及規劃拓銷策略，貿易局以各重要展覽官方網站資料為基礎，篩選臺商前往南韓參加重要展覽之參展資訊。本資料集提供展覽名稱、展出國家、展出城市、開始日期、結束日期、展覽產業別、展出頻率、展覽類型、主辦單位、展覽官網及臺灣參展廠商家數等資料。,展覽名稱;展出國家;展出城市;開始日期;結束日期;展覽產業別;展出頻率;展覽類型;主辦單位;展覽官網;臺灣參展廠商家數,每季,政府資料開放授權條款-第1版,,2018/11/27 00:00,2018/11/27 20:35,註:每項資料間，以逗號區隔
95496,臺灣廠商參加美國重要展覽資訊,經濟部國際貿易局,公共資訊,為協助廠商選擇其產業適銷市場及規劃拓銷策略，貿易局以各重要展覽官方網站資料為基礎，篩選臺商前往美國參加重要展覽之參展資訊。本資料集提供展覽名稱、展出國家、展出城市、開始日期、結束日期、展覽產業別、展出頻率、展覽類型、主辦單位、展覽官網及臺灣參展廠商家數等資料。,展覽名稱;展出國家;展出城市;開始日期;結束日期;展覽產業別;展出頻率;展覽類型;主辦單位;展覽官網;臺灣參展廠商家數,每季,政府資料開放授權條款-第1版,,2018/11/27 00:00,2018/11/27 20:40,註:每項資料間，以逗號區隔
95498,臺灣廠商參加泰國重要展覽資訊,經濟部國際貿易局,公共資訊,為協助廠商選擇其產業適銷市場及規劃拓銷策略，貿易局以各重要展覽官方網站資料為基礎，篩選臺商前往泰國參加重要展覽之參展資訊。本資料集提供展覽名稱、展出國家、展出城市、開始日期、結束日期、展覽產業別、展出頻率、展覽類型、主辦單位、展覽官網及臺灣參展廠商家數等資料。,展覽名稱;展出國家;展出城市;開始日期;結束日期;展覽產業別;展出頻率;展覽類型;主辦單位;展覽官網;臺灣參展廠商家數,每季,政府資料開放授權條款-第1版,,2018/11/27 00:00,2018/11/27 20:48,註:每項資料間，以逗號區隔
95503,臺灣廠商參加馬來西亞重要展覽資訊,經濟部國際貿易局,公共資訊,為協助廠商選擇其產業適銷市場及規劃拓銷策略，貿易局以各重要展覽官方網站資料為基礎，篩選臺商前往馬來西亞參加重要展覽之參展資訊。本資料集提供展覽名稱、展出國家、展出城市、開始日期、結束日期、展覽產業別、展出頻率、展覽類型、主辦單位、展覽官網及臺灣參展廠商家數等資料。,展覽名稱;展出國家;展出城市;開始日期;結束日期;展覽產業別;展出頻率;展覽類型;主辦單位;展覽官網;臺灣參展廠商家數,每季,政府資料開放授權條款-第1版,,2018/11/27 00:00,2018/11/27 20:57,註:每項資料間，以逗號區隔
95679,臺灣廠商參加菲律賓重要展覽資訊,經濟部國際貿易局,公共資訊,為協助廠商選擇其產業適銷市場及規劃拓銷策略，貿易局以各重要展覽官方網站資料為基礎，篩選臺商前往菲律賓參加重要展覽之參展資訊。本資料集提供展覽名稱、展出國家、展出城市、開始日期、結束日期、展覽產業別、展出頻率、展覽類型、主辦單位、展覽官網及臺灣參展廠商家數等資料。,展覽名稱;展出國家;展出城市;開始日期;結束日期;展覽產業別;展出頻率;展覽類型;主辦單位;展覽官網;臺灣參展廠商家數,每季,政府資料開放授權條款-第1版,,2018/11/29 00:00,2018/11/29 15:07,註:每項資料間，以逗號區隔
95684,臺灣廠商參加新加坡重要展覽資訊,經濟部國際貿易局,公共資訊,為協助廠商選擇其產業適銷市場及規劃拓銷策略，貿易局以各重要展覽官方網站資料為基礎，篩選臺商前往新加坡參加重要展覽之參展資訊。本資料集提供展覽名稱、展出國家、展出城市、開始日期、結束日期、展覽產業別、展出頻率、展覽類型、主辦單位、展覽官網及臺灣參展廠商家數等資料。,展覽名稱;展出國家;展出城市;開始日期;結束日期;展覽產業別;展出頻率;展覽類型;主辦單位;展覽官網;臺灣參展廠商家數,每季,政府資料開放授權條款-第1版,,2018/11/29 00:00,2018/11/29 15:23,註:每項資料間，以逗號區隔
95701,臺灣廠商參加墨西哥重要展覽資訊,經濟部國際貿易局,公共資訊,為協助廠商選擇其產業適銷市場及規劃拓銷策略，貿易局以各重要展覽官方網站資料為基礎，篩選臺商前往墨西哥參加重要展覽之參展資訊。本資料集提供展覽名稱、展出國家、展出城市、開始日期、結束日期、展覽產業別、展出頻率、展覽類型、主辦單位、展覽官網及臺灣參展廠商家數等資料。,展覽名稱;展出國家;展出城市;開始日期;結束日期;展覽產業別;展出頻率;展覽類型;主辦單位;展覽官網;臺灣參展廠商家數,每季,政府資料開放授權條款-第1版,,2018/11/29 00:00,2018/11/29 15:30,註:每項資料間，以逗號區隔
95719,臺灣廠商參加德國重要展覽資訊,經濟部國際貿易局,公共資訊,為協助廠商選擇其產業適銷市場及規劃拓銷策略，貿易局以各重要展覽官方網站資料為基礎，篩選臺商前往德國參加重要展覽之參展資訊。本資料集提供展覽名稱、展出國家、展出城市、開始日期、結束日期、展覽產業別、展出頻率、展覽類型、主辦單位、展覽官網及臺灣參展廠商家數等資料。,展覽名稱;展出國家;展出城市;開始日期;結束日期;展覽產業別;展出頻率;展覽類型;主辦單位;展覽官網;臺灣參展廠商家數,每季,政府資料開放授權條款-第1版,,2018/11/29 00:00,2018/11/29 15:54,註:每項資料間，以逗號區隔
95712,臺灣土地及耕地利用-歷年,行政院農業委員會,公共資訊,資料提供包括:年度、土地總面積、農耕土地－耕作地－短期作耕地－水稻、農耕土地－耕作地－短期作耕地－水稻以外之短期作、農耕土地－耕作地－短期作耕地－短期休閒、農耕土地－耕作地－長期耕作地、農耕土地－長期休閒地等欄位資料。,year;all_land_area;farm_land_area_short_term_rice;farm_land_area_short_term_not_rice;farm_land_area_short_term_leisure;farm_land_area_long_term_all;farm_land_area_long_term_leisure,每年,政府資料開放授權條款-第1版,,2018/11/29 00:00,2018/11/30 01:07,
95721,農家與全體家庭所得之變動(年),行政院農業委員會,公共資訊,資料提供包括:年度、平均每戶農業所得、平均每戶非農業所得、全體家庭所得等欄位資料。,year;farmer_family_income_agricultural;farmer_family_income_other;all_family_income,每年,政府資料開放授權條款-第1版,,2018/11/29 00:00,2018/11/30 01:06,
95724,重要統計指標－生產、所得與物價(年),行政院農業委員會,公共資訊,資料提供包括:年度、人口(千人)、勞動力(千人)、就業(千人)、農業就業(千人)、工業就業人口結構(%)、服務業就業人口結構(%)、農業生產指數、工業生產指數、國民所得毛額金額(新臺幣百萬元)、國民所得毛額美金(百萬元)(按當年價格計算)、物價指數(躉售物價)、物價指數(消費者物價)等欄位資料。,year;population;labor_force_thousands;employment_thousands;agriculture_thousands;industrial_population_percent;service_population_percent;agricultural_production_index;industrial_production_index;GDP_NT_dollar;GDP_US_dollar;indices_wholesale_prices;index_rural_consumerprices,每年,政府資料開放授權條款-第1版,,2018/11/29 00:00,2018/11/30 01:06,
95726,農業生產指數(年),行政院農業委員會,公共資訊,資料提供包括:年度、類別、農業生產指數-等欄位資料。,year;type;productionindex,每年,政府資料開放授權條款-第1版,,2018/11/29 00:00,2018/11/30 01:07,
95728,農民所得物價與所付物價指數(年),行政院農業委員會,公共資訊,資料提供包括:年度、所得物價指數農產類、所得物價指數稻穀、所得物價指數畜產品類、所付物價指數生產費用類、所付物價指數生活費用類等欄位資料。,year;index_price_received_agricultural;index_price_received_paddy;index_price_received_animal;price_index_product;price_index_live,每年,政府資料開放授權條款-第1版,,2018/11/29 00:00,2018/11/30 01:06,
95729,農業生產價值(年),行政院農業委員會,公共資訊,資料提供包括:年度、類別、產量(新臺幣千元)、產量(百分比)等欄位資料。,year;type;yield;yield_percen,每年,政府資料開放授權條款-第1版,,2018/11/29 00:00,2018/11/29 16:45,
95730,計畫目標與實際生產量(糙米),行政院農業委員會,公共資訊,資料提供包括:年度、種植期數、實績(公噸)、計畫(公噸)、平均實績(公噸)、平均計畫(公噸)等欄位資料。,year;plant_time;result_yield;plan_yield;result_yield_avg;plan_yield_avg,每年,政府資料開放授權條款-第1版,,2018/11/29 00:00,2018/11/29 16:45,
95732,稻米按種類分生產量(糙米),行政院農業委員會,公共資訊,資料提供包括:年度、種植期數、種類、產量(公斤)等欄位資料。,year;plant_time;type;yield,每年,政府資料開放授權條款-第1版,,2018/11/29 00:00,2018/11/30 01:45,
95736,稻米按種類分生產量(稻穀),行政院農業委員會,公共資訊,資料提供包括:年度、種植期數、種類、產量(公噸)等欄位資料。,year;plant_time;type;yield,每年,政府資料開放授權條款-第1版,,2018/11/29 00:00,2018/11/30 01:15,
95738,臺灣各縣市稻米每公頃生產量-稻米(年),行政院農業委員會,公共資訊,資料提供包括:年度、種植期數、種類、產量、縣市等欄位資料。,year;plant_time;type;yield;city_area,每年,政府資料開放授權條款-第1版,,2018/11/29 00:00,2018/11/30 01:08,
95739,稻穀生產費,行政院農業委員會,公共資訊,資料提供包括:年度、種植期數、統計戶數(戶)、副產品收入(新臺幣元)、第一種生產費(新臺幣元)、第二種生產費(新臺幣元)、稻穀生產量(公斤Kg.)、平均每戶調查田面積(公頃Ha.)、成本種類、成本名稱、成本費用(新臺幣元)等欄位資料。,year;plant_time;account_count;by_product;Fst_cost;Snd_cost;yield;survey_area_avg;cost_type;cost_name;cost_count,每年,政府資料開放授權條款-第1版,,2018/11/29 00:00,2018/11/29 17:45,
95740,稻米按種類分生產量(生產價值),行政院農業委員會,公共資訊,資料提供包括:年度、種植期數、種類、價值(新臺幣千元)等欄位資料。,year;plant_time;type;price,每年,政府資料開放授權條款-第1版,,2018/11/29 00:00,2018/11/29 17:45,
95741,臺灣各縣市稻米生產－種植及收穫面積(年),行政院農業委員會,公共資訊,資料提供包括:年度、種植期數、地區別、種植面積(公頃)、種類、該種類收穫面積(公頃)等欄位資料。,year;plant_time;city_area;plant_area;type;type_reward_area,每年,政府資料開放授權條款-第1版,,2018/11/29 00:00,2018/11/30 01:07,
95742,稻米按種類分生產量(收穫面積),行政院農業委員會,公共資訊,資料提供包括:年度、種植期數、種類、收穫面積(公頃)等欄位資料。,year;plant_time;type;reward_area,每年,政府資料開放授權條款-第1版,,2018/11/29 00:00,2018/11/30 01:08,
95743,臺灣各縣市稻米每公頃生產量-糙米(年),行政院農業委員會,公共資訊,資料提供包括:年度、種植期數、種類、產量(公斤)、縣市等欄位資料。,year;plant_time;type;yield;city_area,每年,政府資料開放授權條款-第1版,,2018/11/29 00:00,2018/11/30 01:08,
95664,嘉義市實(食)物銀行服務據點,嘉義市政府,公共資訊,為解決弱勢民眾基本民生需求，結合民間資源發揮最大效益，市府設置實物銀行，管理各類物資存放及登錄發放數量，每月定期開放民眾兌領物資。,"資料彙整機關,辦理單位,連絡電話,傳真,地址,服務區域,服務時間,X座標,Y座標,備註,最後更新日期",每年,政府資料開放授權條款-第1版,https://data.chiayi.gov.tw,2018/11/29 11:34,2018/11/29 11:35,福利服務行動躍升計畫資料
95667,嘉義市身心障礙托育養護服務提供單位,嘉義市政府,公共資訊,嘉義市身心障礙托育養護服務提供單位，包含與外縣市簽約機構，簽約機構也可以申請嘉義市政府補助。,"性質,資料彙整機關,辦理單位,成立日期,立案文號,負責人,連絡電話,傳真,電子郵件,地址,核定服務人數_全日型住宿,核定服務人數_夜間型住宿,核定服務人數_日間照顧,核定服務人數_部分時制照顧,核定服務人數_總計,相關網址,X座標,Y座標,備註,最後更新日期",每年,政府資料開放授權條款-第1版,https://data.chiayi.gov.tw,2018/11/29 11:57,2018/11/29 11:57,福利服務行動躍升計畫資料
95675,嘉義市急難救助提供單位,嘉義市政府,公共資訊,嘉義市急難救助提供單位,"資料彙整機關,辦理單位,連絡電話,傳真,地址,X座標,Y座標,備註,最後更新日期",每年,政府資料開放授權條款-第1版,https://data.chiayi.gov.tw,2018/11/29 14:11,2018/11/29 14:12,福利服務行動躍升計畫資料
95682,嘉義市無障礙廁所,嘉義市政府,公共資訊,嘉義市無障礙廁所,"資料彙整機關,鄉鎮市區,村里,無障礙廁所名稱,地址,公廁類型,X座標,Y座標,備註,最後更新日期",每日,政府資料開放授權條款-第1版,https://data.chiayi.gov.tw,2018/11/29 15:10,2018/11/29 15:11,福利服務行動躍升計畫資料
95714,嘉義市身心障礙鑑定醫院,嘉義市政府,就醫,嘉義市身心障礙鑑定醫院,"資料彙整機關,醫院名稱,連絡電話,傳真,電子郵件,地址,新制鑑定類別及向度,相關網址,X座標,Y座標,備註,最後更新日期",每日,政府資料開放授權條款-第1版,https://data.chiayi.gov.tw,2018/11/29 15:38,2018/11/29 15:41,福利服務行動躍升計畫資料
95720,嘉義市居家復健提供單位,嘉義市政府,就醫,嘉義市居家復健提供單位,"性質,資料彙整機關,辦理單位,成立日期,立案文號,負責人,連絡電話,傳真,電子郵件,地址,服務區域,相關網址,X座標,Y座標,備註,最後更新日期",每日,政府資料開放授權條款-第1版,https://data.chiayi.gov.tw,2018/11/29 15:52,2018/11/29 15:52,福利服務行動躍升計畫資料
95723,嘉義市愛心待用店家,嘉義市政府,公共資訊,嘉義市愛心待用店家,"資料彙整機關,辦理單位,連絡電話,傳真,地址,相關網址,X座標,Y座標,備註,最後更新日期",每日,政府資料開放授權條款-第1版,https://data.chiayi.gov.tw,2018/11/29 16:10,2018/11/29 16:11,福利服務行動躍升計畫資料
95725,嘉義市長期照顧管理中心,嘉義市政府,老年安養,嘉義市長期照顧管理中心,"資料彙整機關,辦理單位,連絡電話,傳真,電子郵件,地址,服務時間,相關網址,X座標,Y座標,備註,最後更新日期",每日,政府資料開放授權條款-第1版,https://data.chiayi.gov.tw,2018/11/29 16:17,2018/11/29 16:17,福利服務行動躍升計畫資料
95727,嘉義市失智症服務及資源提供單位,嘉義市政府,老年安養,嘉義市失智症服務及資源提供單位,"資料彙整機關,辦理單位,連絡電話,傳真,地址,服務項目,相關網址,X座標,Y座標,備註,最後更新日期",每日,政府資料開放授權條款-第1版,https://data.chiayi.gov.tw,2018/11/29 16:26,2018/11/29 16:26,福利服務行動躍升計畫資料
95733,嘉義市社區整體照顧模式ABC點,嘉義市政府,老年安養,社區整體照顧模式的發展，是透過區域內具有服務量能之單位做為區域內的領頭羊，經由服務整合與串聯，開發在地近便的各項長照資源。服務據點分為ABC三級：A代表社區整合型服務中心，B是複合型服務中心，C是巷弄長照站。,"單位類別,資料彙整機關,辦理單位,連絡電話,地址,X座標,Y座標,備註,最後更新日期",每年,政府資料開放授權條款-第1版,https://data.chiayi.gov.tw,2018/11/29 16:51,2018/11/29 16:51,福利服務行動躍升計畫資料
95735,嘉義市兒童課後照顧服務據點,嘉義市政府,求學及進修,嘉義市兒童課後照顧服務據點,"資料彙整機關,辦理單位,連絡電話,電子郵件,地址,X座標,Y座標,備註,最後更新日期",每日,政府資料開放授權條款-第1版,https://data.chiayi.gov.tw,2018/11/29 17:05,2018/11/29 17:05,福利服務行動躍升計畫資料
95737,嘉義市身心障礙餐飲服務提供單位,嘉義市政府,公共資訊,嘉義市身心障礙餐飲服務提供單位,"資料彙整機關,辦理單位,連絡電話,傳真,電子郵件,地址,服務區域,相關網址,X座標,Y座標,備註,最後更新日期",每日,政府資料開放授權條款-第1版,https://data.chiayi.gov.tw,2018/11/29 17:23,2018/11/29 17:36,福利服務行動躍升計畫資料
95663,新北市政府警察局及所屬年度決算-以前年度-106,新北市政府警察局,公共資訊,新北市政府警察局及所屬年度決算-以前年度-106,,每年,政府資料開放授權條款-第1版,,2018/11/29 10:44,2018/11/29 11:05,
95646,107年度桃園市餐飲衛生管理分級評核,桃園市政府衛生局,生活安全及品質,107年度桃園市餐飲衛生管理分級評核,業者名稱;食品業者登錄字號;地址;餐飲業別;分級,每日,政府資料開放授權條款-第1版,,2018/11/28 16:13,2018/11/29 01:35,
95654,臺中市107年9月份十大易肇事路段(口),臺中市政府警察局交通警察大隊,交通及通訊,臺中市107年9月份十大高肇事路口交通事故資料,轄區分局;路口名稱;件數;肇事熱時;主要肇因,即時,政府資料開放授權條款-第1版,,2018/11/29 09:55,2018/11/29 09:55,
95658,臺中市107年1-10月役男徵兵檢查人數統計表,臺中市政府民政局‧地方自治科第二股,服兵役,臺中市107年1-10月役男徵兵檢查人數統計表,年;月;年次;判定體位：檢查人數;判定體位：常備役體位暨常甲;判定體位：常備役乙等;判定體位：替代役體位暨替甲;判定體位：替代役乙等;判定體位：免役體位;判定體位：體位未定;判定體位：專科檢查;身心障礙書面審核;役男體檢住所檢查;役男體檢重點檢查;重大傷病書面審核;未受檢查：在學緩徵;未受檢查：報考大專;未受檢查：現役軍警;未受檢查：因案緩徵;未受檢查：出境;未受檢查：僑民役男;未受檢查：其他,即時,政府資料開放授權條款-第1版,,2018/11/29 10:47,2018/11/29 10:47,
95660,臺中市政府地方稅務局107年01月～107年10月公文處理成績報表,臺中市政府地方稅務局‧企劃服務科規劃設計股,公共資訊,臺中市政府地方稅務局107年01月～107年10月公文處理成績報表,單位;件數或百分比;應辦公文總數;本期新收來文;截至上期待辦;本期創稿;發文合計;1-6日辦結;7日至30日_含;30日以上;存查件數;辦結件數;平均處理天數;未逾期件數;已逾期件數;一般案件數;立委質詢案件數;人民申請案件數;人民陳情案件數;訴願案件數;案管制案件數;察案件數;專案管制案件數;監察案件數;承辦人員數,每年,政府資料開放授權條款-第1版,,2018/11/29 10:56,2018/11/29 10:56,
95661,臺中市各行政區歷年房屋稅欠稅數情形趨勢表,臺中市政府地方稅務局‧企劃服務科規劃設計股,公共資訊,臺中市各行政區歷年房屋稅欠稅數情形趨勢表,年度;中區;東區;西區;南區;北區;西屯區;南屯區;北屯區;豐原區;東勢區;大甲區;清水區;沙鹿區;梧棲區;神岡區;后里區;大雅區;潭子區;新社區;石岡區;外埔區;大安區;烏日區;大肚區;龍井區;霧峰區;太平區;大里區;和平區,每年,政府資料開放授權條款-第1版,,2018/11/29 11:00,2018/11/29 11:00,資料來源係依據表報代號wxx502p編製、單位為新臺幣元
95662,臺中市各行政區歷年印花稅實徵數趨勢表,臺中市政府地方稅務局‧企劃服務科規劃設計股,公共資訊,臺中市各行政區歷年印花稅實徵數趨勢表,年度;中區;東區;西區;南區;北區;西屯區;南屯區;北屯區;豐原區;東勢區;大甲區;清水區;沙鹿區;梧棲區;神岡區;后里區;大雅區;潭子區;新社區;石岡區;外埔區;大安區;烏日區;大肚區;龍井區;霧峰區;太平區;大里區;和平區,每年,政府資料開放授權條款-第1版,,2018/11/29 11:02,2018/11/29 13:04,依據表報代號WAA416P、WAA402P編製
95669,臺中市各行政區歷年地價稅欠稅數情形趨勢表,臺中市政府地方稅務局‧企劃服務科規劃設計股,公共資訊,臺中市各行政區歷年地價稅欠稅數情形趨勢表,年度;中區;東區;西區;南區;北區;西屯區;南屯區;北屯區;豐原區;東勢區;大甲區;清水區;沙鹿區;梧棲區;神岡區;后里區;大雅區;潭子區;新社區;石岡區;外埔區;大安區;烏日區;大肚區;龍井區;霧峰區;太平區;大里區;和平區,每年,政府資料開放授權條款-第1版,,2018/11/29 13:09,2018/11/29 13:09,資料來源係依據表報代號wxx502p編製、單位為新臺幣元
95670,臺中市歷年地方稅欠稅數情形統計表-按性別區分,臺中市政府地方稅務局‧企劃服務科規劃設計股,公共資訊,臺中市歷年地方稅欠稅數情形統計表-按性別區分,年度;男性;女性;其他,每年,政府資料開放授權條款-第1版,,2018/11/29 13:25,2018/11/29 13:25,資料來源係依據表報代號wxx502p編製、單位為新臺幣元、本表資料其他欄位為非自然人及公同共有所有權人案件
95671,臺中市各行政區歷年使用牌照稅實徵數趨勢表,臺中市政府地方稅務局‧企劃服務科規劃設計股,公共資訊,臺中市各行政區歷年使用牌照稅實徵數趨勢表,年度;中區;東區;西區;南區;北區;西屯區;南屯區;北屯區;豐原區;東勢區;大甲區;清水區;沙鹿區;梧棲區;神岡區;后里區;大雅區;潭子區;新社區;石岡區;外埔區;大安區;烏日區;大肚區;龍井區;霧峰區;太平區;大里區;和平區,每年,政府資料開放授權條款-第1版,,2018/11/29 13:35,2018/11/29 13:35,資料來源：依據表報代號WAA416P、WAA402P及VAB802L編製。
95672,臺中市各行政區地價稅實徵數趨勢表,臺中市政府地方稅務局‧企劃服務科規劃設計股,公共資訊,臺中市各行政區地價稅實徵數趨勢表,年度;中區;東區;西區;南區;北區;西屯區;南屯區;北屯區;豐原區;東勢區;大甲區;清水區;沙鹿區;梧棲區;神岡區;后里區;大雅區;潭子區;新社區;石岡區;外埔區;大安區;烏日區;大肚區;龍井區;霧峰區;太平區;大里區;和平區;合計,每年,政府資料開放授權條款-第1版,,2018/11/29 13:39,2018/11/29 13:39,
95673,106年國地稅聯合服務讚服務績效統計表,臺中市政府地方稅務局‧企劃服務科規劃設計股,公共資訊,106年國地稅聯合服務讚服務績效統計表,年月;不動產買賣稅務健診;遺產稅跨機關查欠;災害損失聯合勘查,每年,政府資料開放授權條款-第1版,,2018/11/29 13:44,2018/11/29 13:44,
95674,臺中市各行政區歷年地方稅欠稅數情形趨勢表,臺中市政府地方稅務局‧企劃服務科規劃設計股,公共資訊,臺中市各行政區歷年地方稅欠稅數情形趨勢表,年度;中區;東區;西區;南區;北區;西屯區;南屯區;北屯區;豐原區;東勢區;大甲區;清水區;沙鹿區;梧棲區;神岡區;后里區;大雅區;潭子區;新社區;石岡區;外埔區;大安區;烏日區;大肚區;龍井區;霧峰區;太平區;大里區;和平區,每年,政府資料開放授權條款-第1版,,2018/11/29 13:48,2018/11/29 13:48,資料來源係依據表報代號wxx502p編製、單位為新臺幣元
95677,108年度臺中市總預算附屬單位預算及綜計表,臺中市政府主計處,公共資訊,本市108年度臺中市總預算案暨附屬單位預算案及其綜計表業經市議會第2屆第8次定期會第13次會議第三讀會審議決議通過,綜計表各項表件：營業基金財務摘要;營業基金損益表;營業基金盈虧撥補;營業基金現流;作業基金收支餘絀;作業基金餘絀撥補;作業基金現流;特收來源用途及餘絀;特收現流,每年,政府資料開放授權條款-第1版,,2018/11/29 14:45,2018/11/29 14:45,
95685,107年度臺中市地方總預算第1次追加(減)預算,臺中市政府主計處,公共資訊,107年度臺中市地方總預算第1次追加(減)預算相關表件,107年度臺中市地方總預算第1次追加;預算相關表件,每日,政府資料開放授權條款-第1版,,2018/11/29 15:17,2018/11/29 15:17,
95687,臺中市違章建築拆除案件統計(107年09月份),臺中市政府都市發展局‧秘書室第一股,公共資訊,臺中市違章建築拆除案件統計(107年09月份),新違建;件數,每月,政府資料開放授權條款-第1版,,2018/11/29 15:23,2018/11/29 15:23,
95709,臺中市各行政區歷年使用牌照稅欠稅數情形趨勢表,臺中市政府地方稅務局‧企劃服務科規劃設計股,公共資訊,臺中市各行政區歷年使用牌照稅欠稅數情形趨勢表,年度;中區;東區;西區;南區;北區;西屯區;南屯區;北屯區;豐原區;東勢區;大甲區;清水區;沙鹿區;梧棲區;神岡區;后里區;大雅區;潭子區;新社區;石岡區;外埔區;大安區;烏日區;大肚區;龍井區;霧峰區;太平區;大里區;和平區,每年,政府資料開放授權條款-第1版,,2018/11/29 15:27,2018/11/29 15:27,資料來源係依據表報代號wxx502p編製、單位為新臺幣元
95665,臺東縣流感疫苗合約醫療院所,臺東縣政府,就醫,107年臺東縣流感疫苗合約醫療院所,十碼章;醫院名稱;縣市別;行政區;郵遞區號;地址（里鄰）;地址;聯絡電話;座標緯度;座標經度;備註,每年,政府資料開放授權條款-第1版,,2018/11/29 00:00,2018/11/29 20:16,
