資料集識別碼,資料集名稱,提供機關,服務分類,資料集描述,主要欄位說明,更新頻率,授權方式,相關網址,上架日期,詮釋資料更新時間,備註
99186,臺灣花蓮地方法院108年1月份會計月報,臺灣花蓮地方法院,公共資訊,歲入累計表等表件,會計年度;月份;款;項;目;節;預算年度;預算科目編號;預算科目名稱;細目編號;細目名稱;原預算數;追加減數;截至本月止累計分配數_1;本月實現數;截至本月止累計實現數_2;應收收入數_3;分配數預算餘額_4;分支計畫編號;分支計畫名稱;用途別編號;用途別名稱;第一預備金;第二預備金;經費流用數;預算調整數;應付數;已分配尚未執行數;備註_預暫付數;以前年度轉入數;應收數;保留數;減免;截至本月止累計實現數;調整數;尚未執行數;基金別;會計分類;使用機關別;科目分類;會計科目編號;會計科目名稱;金額;科目名稱;取得成本;以前年度累計折舊_長期投資評價;本年度資本資產成本變動_增加數;本年度資本資產成本變動_減少數;本年度累計折舊_長期投資評價變動數;期末帳面金額;備註;業務計畫或工作計畫;經資門;執行數;項目;收入實現數;減項_收入待納庫數;加項_以前年度待納庫繳庫數;加項_以前年度撥款於本年度繳還數_材料;加項_以前年度撥款於本年度繳還數_存出保證金;加項_以前年度撥款於本年度繳還數_其他應收款;加項_預收款;加項_剔除經費;繳付公庫數;一級用途別編號;一級用途別名稱;支出實現數;加項_預付款;加項_材料;加項_存出保證金;加項_零用金;加項_退還收入預收款;加項_其他應收款;減項_以前年度撥款於本年度實現數;公庫撥入數;公庫分配數餘額;金額_本月數;金額_累計數,不更新,政府資料開放授權條款-第1版,,2019/02/21 00:00,2019/02/21 14:12,
99134,108年度國史館單位預算,國史館,公共資訊,108年度國史館單位預算,mh_itemserialno1;mh_itemserialno2;mh_itemserialno3;mh_itemserialno4;budgetno;mh_budgetname;budgetno_conver;tyear_amt;lyear_amt;byear_amt;b_amt;bc_content;blevel;ordinaryid;agenno;agentype;displayname;memo;ba_fiscalyear;ba_fundkind;ba_budgetkind;ba_specialbudgetno;ba_agenno;ba_agentype;ba_budgetstate;ba_versiondate;ba_budgetyear;ba_budgetno;ba_subprojectno;mj_subprojectname;ba_departno;ba_objectno;ba_budgettype;ba_budgetsource;ba_mergetype;ba_budgetamt;ba_flowflag;ba_signflag;ba_signno;ba_key;bc_fiscalyear;bc_fundkind;bc_budgetkind;bc_specialbudgetno;bc_agenno;bc_agentype;bc_budgetstate;bc_reportno;bc_key;bc_versiondate;objectNo;budget;total;款;項;目;節;科目名稱;預算科目編號;人事費;業務費_經;奬補助費_經;債務費;預備金_經;經常支出小計;業務費_資;設備及投資;奬補助費_資;預備金_資;資本支出小計;合計;budgetname;damt1;damt2;damt3;damt4;damt5;damt6;damt7;damt8;damt9;damt10;damt11;no1;no2;no3;no4;b_level;level;mi_objectname;objectnoname;budgetamt_sum;displaymemo;btn_memo;bn_fiscalyear;bn_fundkind;bn_budgetkind;bn_specialbudgetno;bn_agenno;bn_agentype;bn_budgetstate;bn_budgetsource;bn_man1;bn_man1_l;bn_man2;bn_man2_l;bn_man3;bn_man3_l;bn_man4;bn_man4_l;bn_man5;bn_man5_l;bn_man6;bn_man6_l;bn_man7;bn_man7_l;bn_man8;bn_man8_l;bn_man9;bn_man9_l;bn_man10;bn_man10_l;bn_man11;bn_man11_l;bn_amt_man;bn_amt_mngbsn;bn_text;display_name;bq_fiscalyear;bq_fundkind;bq_budgetkind;bq_specialbudgetno;bq_agenno;bq_agentype;bq_budgetstate;bq_budgetno;bq_objectno;bq_carid;bq_persons;bq_buydate;bq_ventsize;bq_oilamt;bq_oilprice;bq_amt_maintain;bq_amt5;bq_carnum;bq_remark;bq_lpgamt;bq_lpgprice;bq_versiondate;m33_fiscalyear;m33_reportno;m33_level1;m33_level2;m33_level3;m33_level4;m33_objectname;m33_objectno;m33_detailid;br_fiscalyear;br_fundkind;br_budgetkind;br_specialbudgetno;br_agenno;br_agentype;br_budgetstate;br_objectno;br_holds1;br_area1;br_bookvalue1;br_amtyear1;br_holds2;br_area2;br_amtyear2;br_holds3;br_area3;br_deposit;br_rental;br_amtyear3;br_area4;br_deposit4;br_rental4;br_amtyear4;br_versiondate;br_text;bh_fiscalyear;bh_fundkind;bh_budgetkind;bh_specialbudgetno;bh_agenno;bh_agentype;bh_budgetstate;bh_versiondate;bh_objectno;bh_endowplanno;bh_endowplanname;bh_donname;bh_endowsts;bh_budgetno;bh_subprojectno;bh_budgetsource;bh_applyid;bh_startyear;bh_endyear;bh_donrem;bh_bgtyear;bh_amt_man;bh_amt_business;bh_amt_other;bh_amt_land;bh_amt_house;bh_amt6;bh_amt7;bh_flowflag;bh_signflag;bh_signno;mj_subprojectno_na;b07_fiscalyear;b07_fundkind;b07_budgetkind;b07_specialbudgetno;b07_agenno;b07_agentype;b07_budgetstate;b07_projtype;b07_abroadplan;b07_items;b07_daypersons;b07_budgetamt;b07_versiondate;this_items;this_daypersons;this_budgetamt;職能別分類經濟性分類;消費支出_經;債務利息_經;補助地方_經;移轉民間_經;小計_經;資本形成_資;土地購入_資;增資_資;補助地方_資;移轉民間_資;小計_資;總計;url_link,每年,政府資料開放授權條款-第1版,,2019/02/20 00:00,2019/02/21 10:28,
99201,公務人員退休撫卹基金監理委員會107年度會計月報,公務人員退休撫卹基金監理委員會,公共資訊,公務人員退休撫卹基金監理委員會107年度會計月報,,每月,政府資料開放授權條款-第1版,,2019/02/21 00:00,2019/02/21 17:23,
99190,交通部中央氣象局108年法定預算,交通部中央氣象局,公共資訊,交通部中央氣象局108年法定預算,108年度法定預算PDF格式;108年度法定預算-XML格式,每日,政府資料開放授權條款-第1版,,2019/02/21 00:00,2019/02/21 14:29,
99194,108年度單位預算(法定預算),交通部運輸研究所,公共資訊,交通部運輸研究所108年度單位預算,歲入來源別預算表;歲出機關別預算表,每日,政府資料開放授權條款-第1版,https://www.iot.gov.tw/Modules/GovPubInfo/GovPubInfo-List?node=62d88a40-96fb-4452-865a-e0f6c3296444&c=1;https://www.iot.gov.tw/Modules/GovPubInfo/GovPubInfo-List?node=62d88a40-96fb-4452-865a-e0f6c3296444&c=1,2019/02/21 00:00,2019/02/21 16:26,
99016,臺灣高等檢察署臺南檢察分署108年度會計報告,臺灣高等檢察署臺南檢察分署,公共資訊,公共資訊: 係指各種財政統計報表、政策新聞、資訊服務、法律等相關資料集,會計年度;月份;款;項;目;節;預算年度;預算科目編號;預算科目名稱;細目編號;細目名稱;原預算數;追加減數;截至本月止累計分配數_1;本月實現數;截至本月止累計實現數_2;應收收入數_3;分配數預算餘額_4;分支計畫編號;分支計畫名稱;用途別編號;用途別名稱;第一預備金;第二預備金;經費流用數;預算調整數;應付數;已分配尚未執行數;備註_預暫付數;基金別;會計分類;使用機關別;科目分類;會計科目編號;會計科目名稱;金額;科目名稱;取得成本;以前年度累計折舊_長期投資評價;本年度資本資產成本變動_增加數;本年度資本資產成本變動_減少數;本年度累計折舊_長期投資評價變動數;期末帳面金額;備註;業務計畫或工作計畫;經資門;執行數;項目;收入實現數;減項_收入待納庫數;加項_以前年度待納庫繳庫數;加項_以前年度撥款於本年度繳還數_材料;加項_以前年度撥款於本年度繳還數_存出保證金;加項_以前年度撥款於本年度繳還數_其他應收款;加項_預收款;加項_剔除經費;繳付公庫數;一級用途別編號;一級用途別名稱;支出實現數;加項_預付款;加項_材料;加項_存出保證金;加項_零用金;加項_退還收入預收款;加項_其他應收款;減項_以前年度撥款於本年度實現數;公庫撥入數;公庫分配數餘額;金額_本月數;金額_累計數,每月,政府資料開放授權條款-第1版,,2019/02/18 00:00,2019/02/18 19:07,
99032,矯正署嘉義監獄108年會計報告(按月),法務部矯正署,公共資訊,矯正署嘉義監獄108年會計報告(按月),會計年度;月份;款;項;目;節;預算年度;預算科目編號;預算科目名稱;細目編號;細目名稱;原預算數;追加減數;截至本月止累計分配數_1;本月實現數;截至本月止累計實現數_2;應收收入數_3;分配數預算餘額_4;分支計畫編號;分支計畫名稱;用途別編號;用途別名稱;第一預備金;第二預備金;經費流用數;預算調整數;應付數;已分配尚未執行數;備註_預暫付數;基金別;會計分類;使用機關別;科目分類;會計科目編號;會計科目名稱;金額;科目名稱;取得成本;以前年度累計折舊_長期投資評價;本年度資本資產成本變動_增加數;本年度資本資產成本變動_減少數;本年度累計折舊_長期投資評價變動數;期末帳面金額;備註;業務計畫或工作計畫;經資門;執行數;項目;收入實現數;減項_收入待納庫數;加項_以前年度待納庫繳庫數;加項_以前年度撥款於本年度繳還數_材料;加項_以前年度撥款於本年度繳還數_存出保證金;加項_以前年度撥款於本年度繳還數_其他應收款;加項_預收款;加項_剔除經費;繳付公庫數;一級用途別編號;一級用途別名稱;支出實現數;加項_預付款;加項_材料;加項_存出保證金;加項_零用金;加項_退還收入預收款;加項_其他應收款;減項_以前年度撥款於本年度實現數;公庫撥入數;公庫分配數餘額;金額_本月數;金額_累計數;年度預算數,每月,政府資料開放授權條款-第1版,,2019/02/18 00:00,2019/02/18 16:07,
99043,矯正署臺中女子戒治所108年會計報告(XML),法務部矯正署,公共資訊,矯正署臺中女子戒治所108年會計報告(按月),會計年度;月份;款;項;目;節;預算年度;預算科目編號;預算科目名稱;細目編號;細目名稱;原預算數;追加減數;截至本月止累計分配數_1;本月實現數;截至本月止累計實現數_2;應收收入數_3;分配數預算餘額_4;分支計畫編號;分支計畫名稱;用途別編號;用途別名稱;第一預備金;第二預備金;經費流用數;預算調整數;應付數;已分配尚未執行數;備註_預暫付數;以前年度轉入數;應收數;保留數;減免;截至本月止累計實現數;調整數;尚未執行數;基金別;會計分類;使用機關別;科目分類;會計科目編號;會計科目名稱;金額;科目名稱;取得成本;以前年度累計折舊_長期投資評價;本年度資本資產成本變動_增加數;本年度資本資產成本變動_減少數;本年度累計折舊_長期投資評價變動數;期末帳面金額;備註;業務計畫或工作計畫;經資門;執行數;項目;收入實現數;減項_收入待納庫數;加項_以前年度待納庫繳庫數;加項_以前年度撥款於本年度繳還數_材料;加項_以前年度撥款於本年度繳還數_存出保證金;加項_以前年度撥款於本年度繳還數_其他應收款;加項_預收款;加項_剔除經費;繳付公庫數;一級用途別編號;一級用途別名稱;支出實現數;加項_預付款;加項_材料;加項_存出保證金;加項_零用金;加項_退還收入預收款;加項_其他應收款;減項_以前年度撥款於本年度實現數;公庫撥入數;公庫分配數餘額;金額_本月數;金額_累計數;年度預算數,每月,政府資料開放授權條款-第1版,http://www.tcw.moj.gov.tw/HitCounter.asp?xItem=545615&ixCuAttach=203143,2019/02/19 00:00,2019/02/20 08:28,授權說明網址: http://data.gov.tw/license
99070,臺灣士林地方檢察署108年度會計報告,臺灣士林地方檢察署,公共資訊,臺灣士林地方檢察署108年度會計報告,會計年度;月份;款;項;目;節;預算年度;預算科目編號;預算科目名稱;細目編號;細目名稱;原預算數;追加減數;截至本月止累計分配數_1;本月實現數;截至本月止累計實現數_2;應收收入數_3;分配數預算餘額_4;分支計畫編號;分支計畫名稱;用途別編號;用途別名稱;第一預備金;第二預備金;經費流用數;預算調整數;應付數;已分配尚未執行數;備註_預暫付數;以前年度轉入數;應收數;保留數;減免;截至本月止累計實現數;調整數;尚未執行數;基金別;會計分類;使用機關別;科目分類;會計科目編號;會計科目名稱;金額;科目名稱;取得成本;以前年度累計折舊_長期投資評價;本年度資本資產成本變動_增加數;本年度資本資產成本變動_減少數;本年度累計折舊_長期投資評價變動數;期末帳面金額;備註;業務計畫或工作計畫;經資門;執行數;項目;收入實現數;減項_收入待納庫數;加項_以前年度待納庫繳庫數;加項_以前年度撥款於本年度繳還數_材料;加項_以前年度撥款於本年度繳還數_存出保證金;加項_以前年度撥款於本年度繳還數_其他應收款;加項_預收款;加項_剔除經費;繳付公庫數;一級用途別編號;一級用途別名稱;支出實現數;加項_預付款;加項_材料;加項_存出保證金;加項_零用金;加項_退還收入預收款;加項_其他應收款;減項_以前年度撥款於本年度實現數;公庫撥入數;公庫分配數餘額;金額_本月數;金額_累計數,每月,政府資料開放授權條款-第1版,,2019/02/19 00:00,2019/02/19 11:53,
99118,矯正署高雄監獄108年度會計月報(按月),法務部矯正署高雄監獄,公共資訊,矯正署高雄監獄108年度會計月報(按月),會計年度;月份;款;項;目;節;預算年度;預算科目編號;預算科目名稱;細目編號;細目名稱;原預算數;追加減數;截至本月止累計分配數_1;本月實現數;截至本月止累計實現數_2;應收收入數_3;分配數預算餘額_4;分支計畫編號;分支計畫名稱;用途別編號;用途別名稱;第一預備金;第二預備金;經費流用數;預算調整數;應付數;已分配尚未執行數;備註_預暫付數;基金別;會計分類;使用機關別;科目分類;會計科目編號;會計科目名稱;金額;科目名稱;取得成本;以前年度累計折舊_長期投資評價;本年度資本資產成本變動_增加數;本年度資本資產成本變動_減少數;本年度累計折舊_長期投資評價變動數;期末帳面金額;備註;業務計畫或工作計畫;經資門;執行數;項目;收入實現數;減項_收入待納庫數;加項_以前年度待納庫繳庫數;加項_以前年度撥款於本年度繳還數_材料;加項_以前年度撥款於本年度繳還數_存出保證金;加項_以前年度撥款於本年度繳還數_其他應收款;加項_預收款;加項_剔除經費;繳付公庫數;一級用途別編號;一級用途別名稱;支出實現數;加項_預付款;加項_材料;加項_存出保證金;加項_零用金;加項_退還收入預收款;加項_其他應收款;減項_以前年度撥款於本年度實現數;公庫撥入數;公庫分配數餘額;金額_本月數;金額_累計數,每月,政府資料開放授權條款-第1版,,2019/02/20 00:00,2019/02/20 15:38,
99129,最高檢察署108年大事記(按月),最高檢察署,公共資訊,最高檢察署108年大事記,名稱;文件下載網址,每月,政府資料開放授權條款-第1版,,2019/02/20 00:00,2019/02/20 17:44,
99149,矯正署臺北少年觀護所108年會計報告(按月),法務部矯正署臺北少年觀護所,公共資訊,矯正署臺北少年觀護所108年會計報告(按月),會計年度;月份;款;項;目;節;預算年度;預算科目編號;預算科目名稱;細目編號;細目名稱;原預算數;追加減數;截至本月止累計分配數_1;本月實現數;截至本月止累計實現數_2;應收收入數_3;分配數預算餘額_4;分支計畫編號;分支計畫名稱;用途別編號;用途別名稱;第一預備金;第二預備金;經費流用數;預算調整數;應付數;已分配尚未執行數;備註_預暫付數;以前年度轉入數;應收數;保留數;減免;截至本月止累計實現數;調整數;尚未執行數;基金別;會計分類;使用機關別;科目分類;會計科目編號;會計科目名稱;金額;科目名稱;取得成本;以前年度累計折舊_長期投資評價;本年度資本資產成本變動_增加數;本年度資本資產成本變動_減少數;本年度累計折舊_長期投資評價變動數;期末帳面金額;備註;業務計畫或工作計畫;經資門;執行數;項目;收入實現數;減項_收入待納庫數;加項_以前年度待納庫繳庫數;加項_以前年度撥款於本年度繳還數_材料;加項_以前年度撥款於本年度繳還數_存出保證金;加項_以前年度撥款於本年度繳還數_其他應收款;加項_預收款;加項_剔除經費;繳付公庫數;一級用途別編號;一級用途別名稱;支出實現數;加項_預付款;加項_材料;加項_存出保證金;加項_零用金;加項_退還收入預收款;加項_其他應收款;減項_以前年度撥款於本年度實現數;公庫撥入數;公庫分配數餘額;金額_本月數;金額_累計數,每日,政府資料開放授權條款-第1版,,2019/02/21 00:00,2019/02/21 16:34,
99181,矯正署雲林監獄108年會計報告(按月),法務部矯正署雲林監獄,公共資訊,矯正署雲林監獄108年會計報告(按月),會計年度;月份;款;項;目;節;預算年度;預算科目編號;預算科目名稱;細目編號;細目名稱;原預算數;追加減數;截至本月止累計分配數_1;本月實現數;截至本月止累計實現數_2;應收收入數_3;分配數預算餘額_4;分支計畫編號;分支計畫名稱;用途別編號;用途別名稱;第一預備金;第二預備金;經費流用數;預算調整數;應付數;已分配尚未執行數;備註_預暫付數;基金別;會計分類;使用機關別;科目分類;會計科目編號;會計科目名稱;金額;科目名稱;取得成本;以前年度累計折舊_長期投資評價;本年度資本資產成本變動_增加數;本年度資本資產成本變動_減少數;本年度累計折舊_長期投資評價變動數;期末帳面金額;備註;業務計畫或工作計畫;經資門;執行數;項目;收入實現數;減項_收入待納庫數;加項_以前年度待納庫繳庫數;加項_以前年度撥款於本年度繳還數_材料;加項_以前年度撥款於本年度繳還數_存出保證金;加項_以前年度撥款於本年度繳還數_其他應收款;加項_預收款;加項_剔除經費;繳付公庫數;一級用途別編號;一級用途別名稱;支出實現數;加項_預付款;加項_材料;加項_存出保證金;加項_零用金;加項_退還收入預收款;加項_其他應收款;減項_以前年度撥款於本年度實現數;公庫撥入數;公庫分配數餘額;金額_本月數;金額_累計數,每月,政府資料開放授權條款-第1版,,2019/02/21 00:00,2019/02/21 14:19,
99127,中央政府前瞻基礎建設計畫第2期特別預算會計月報,衛生福利部國民健康署,公共資訊,中央政府前瞻基礎建設計畫第2期特別預算會計月報,會計年度;月份;款;項;目;節;預算年度;預算科目編號;預算科目名稱;分支計畫編號;分支計畫名稱;用途別編號;用途別名稱;原預算數;追加減數;第一預備金;第二預備金;經費流用數;預算調整數;截至本月止累計分配數_1;本月實現數;截至本月止累計實現數_2;應付數;已分配尚未執行數;備註_預暫付數;會計分類;項目;一級用途別編號;一級用途別名稱;經資門;支出實現數;加項_預付款;加項_材料;加項_存出保證金;加項_零用金;加項_退還收入預收款;加項_其他應收款;減項_以前年度撥款於本年度實現數;公庫撥入數;公庫分配數餘額,每月,政府資料開放授權條款-第1版,,2019/02/20 00:00,2019/02/20 11:52,
99179,107年財政部關務署及所屬機關會計月報,財政部關務署,公共資訊,107年財政部關務署及所屬機關會計月報,年度歲出轉入數累計表;平衡表;歲入累計表;經費累計表 ,每日,政府資料開放授權條款-第1版,,2019/02/21 00:00,2019/02/21 10:11,
99191,財政部國庫署108年度單位預算書,財政部國庫署,公共資訊,提供財政部國庫署108年度單位預算,,不更新,政府資料開放授權條款-第1版,,2019/02/21 00:00,2019/02/21 16:49,
99138,基隆市107年上期使用牌照稅徵績(滯納期滿),基隆市稅務局,公共資訊,資料來源：本表係根據使用牌照稅實際查定數與徵起數資料編製。,種     類;查定輛數;查定稅額;徵起輛數;徵起稅額;徵績輛數(%);徵績稅額(%),每年,政府資料開放授權條款-第1版,,2019/02/20 00:00,2019/02/20 16:09,
99139,基隆市107年上期使用牌照稅徵績(徵期結束),基隆市稅務局,公共資訊,資料來源：本表係根據使用牌照稅實際查定數與徵起數資料編製。,種     類;查定輛數;查定稅額;徵起輛數;徵起稅額;徵績輛數(%);徵績稅額(%),每年,政府資料開放授權條款-第1版,,2019/02/20 00:00,2019/02/20 16:09,
99140,基隆市107年下期使用牌照稅徵績(滯納期滿),基隆市稅務局,公共資訊,資料來源：本表係根據使用牌照稅實際查定數與徵起數資料編製。,種     類;查定輛數;查定稅額;徵起輛數;徵起稅額;徵績輛數(%);徵績稅額(%),每年,政府資料開放授權條款-第1版,,2019/02/20 00:00,2019/02/20 16:09,
99141,基隆市107年下期使用牌照稅徵績(徵期結束),基隆市稅務局,公共資訊,資料來源：本表係根據使用牌照稅實際查定數與徵起數資料編製。,種     類;查定輛數;查定稅額;徵起輛數;徵起稅額;徵績輛數(%);徵績稅額(%),每年,政府資料開放授權條款-第1版,,2019/02/20 00:00,2019/02/20 16:09,
99142,基隆市107年使用牌照稅稽徵,基隆市稅務局,公共資訊,資料來源：根據公路局監理所(站)所送之代徵使用牌照稅核對月報表及轄內資料編製。單位：輛 ; 新台幣：元。,,每年,政府資料開放授權條款-第1版,,2019/02/21 00:00,2019/02/21 09:35,
99143,基隆市107年使用牌照稅稅源統計表,基隆市稅務局,公共資訊,資料來源：依表報代號VLT905L編製。單位：輛 ; 新台幣：元。,汽缸排氣量;總計免稅輛數;總計應稅輛數;總計稅額;自用小客車免稅輛數;自用小客車應稅輛數;自用小客車稅額;營業小客車免稅輛數;營業小客車應稅輛數;營業小客車稅額;大客車免稅輛數;大客車應稅輛數;大客車稅額;貨車免稅輛數;貨車應稅輛數;貨車稅額;曳引車免稅輛數;曳引車應稅輛數;曳引車稅額;機器腳踏車免稅輛數;機器腳踏車應稅輛數;機器腳踏車稅額,每年,政府資料開放授權條款-第1版,,2019/02/20 00:00,2019/02/20 16:05,
99170,107年1-12月雲林縣國家賠償事件收結情形表,雲林縣政府,公共資訊,107年雲林縣國家賠償事件收結情形表,,每年,政府資料開放授權條款-第1版,,2019/02/21 00:00,2019/02/21 08:34,
