資料集識別碼,資料集名稱,提供機關,服務分類,資料集描述,主要欄位說明,更新頻率,授權方式,相關網址,上架日期,詮釋資料更新時間,備註
99287,福建連江地方法院108年各月會計報告,福建連江地方法院,公共資訊,福建連江地方法院108年各月會計報告,,每月,政府資料開放授權條款-第1版,http://lcd.judicial.gov.tw/Upload/UserFiles/10801會計報告XML.rar,2019/02/23 00:00,2019/02/23 17:25,
99211,國家教育研究院108年會計月報,國家教育研究院,公共資訊,歲入累計表、經費累計表、以前年度歲入轉入數累計表、以前年度歲出轉入數累計表、平衡表、資本資產表、資本資產變動表、歲出用途別累計表、收入實現數與繳付公庫數分析表、支出實現數與公庫撥入數分析表、收入支出彙計表,會計年度;月份;款;項;目;節;預算年度;預算科目編號;預算科目名稱;細目編號;細目名稱;原預算數;追加減數;截至本月止累計分配數_1;本月實現數;截至本月止累計實現數_2;應收收入數_3;分配數預算餘額_4;分支計畫編號;分支計畫名稱;用途別編號;用途別名稱;第一預備金;第二預備金;經費流用數;預算調整數;應付數;已分配尚未執行數;備註_預暫付數;以前年度轉入數;應收數;保留數;減免;截至本月止累計實現數;調整數;尚未執行數;基金別;會計分類;使用機關別;科目分類;會計科目編號;會計科目名稱;金額;科目名稱;取得成本;以前年度累計折舊_長期投資評價;本年度資本資產成本變動_增加數;本年度資本資產成本變動_減少數;本年度累計折舊_長期投資評價變動數;期末帳面金額;備註;業務計畫或工作計畫;經資門;執行數;項目;收入實現數;減項_收入待納庫數;加項_以前年度待納庫繳庫數;加項_以前年度撥款於本年度繳還數_材料;加項_以前年度撥款於本年度繳還數_存出保證金;加項_以前年度撥款於本年度繳還數_其他應收款;加項_預收款;加項_剔除經費;繳付公庫數;一級用途別編號;一級用途別名稱;支出實現數;加項_預付款;加項_材料;加項_存出保證金;加項_零用金;加項_退還收入預收款;加項_其他應收款;減項_以前年度撥款於本年度實現數;公庫撥入數;公庫分配數餘額;金額_本月數;金額_累計數;年度預算數,每年,政府資料開放授權條款-第1版,http://www.naer.edu.tw/ezfiles/0/1000/img/37/108.7z,2019/02/23 00:00,2019/02/23 12:41,
99181,矯正署雲林監獄108年會計報告(按月),法務部矯正署雲林監獄,公共資訊,矯正署雲林監獄108年會計報告(按月),會計年度;月份;款;項;目;節;預算年度;預算科目編號;預算科目名稱;細目編號;細目名稱;原預算數;追加減數;截至本月止累計分配數_1;本月實現數;截至本月止累計實現數_2;應收收入數_3;分配數預算餘額_4;分支計畫編號;分支計畫名稱;用途別編號;用途別名稱;第一預備金;第二預備金;經費流用數;預算調整數;應付數;已分配尚未執行數;備註_預暫付數;基金別;會計分類;使用機關別;科目分類;會計科目編號;會計科目名稱;金額;科目名稱;取得成本;以前年度累計折舊_長期投資評價;本年度資本資產成本變動_增加數;本年度資本資產成本變動_減少數;本年度累計折舊_長期投資評價變動數;期末帳面金額;備註;業務計畫或工作計畫;經資門;執行數;項目;收入實現數;減項_收入待納庫數;加項_以前年度待納庫繳庫數;加項_以前年度撥款於本年度繳還數_材料;加項_以前年度撥款於本年度繳還數_存出保證金;加項_以前年度撥款於本年度繳還數_其他應收款;加項_預收款;加項_剔除經費;繳付公庫數;一級用途別編號;一級用途別名稱;支出實現數;加項_預付款;加項_材料;加項_存出保證金;加項_零用金;加項_退還收入預收款;加項_其他應收款;減項_以前年度撥款於本年度實現數;公庫撥入數;公庫分配數餘額;金額_本月數;金額_累計數,每月,政府資料開放授權條款-第1版,,2019/02/21 00:00,2019/02/21 14:19,
99219,臺灣宜蘭地方檢察署108年度會計報告,臺灣宜蘭地方檢察署,公共資訊,公共資訊:係指各種財政統計報表、政策新聞、資訊服務、法律等相關資料集,會計年度;月份;款;項;目;節;預算年度;預算科目編號;預算科目名稱;細目編號;細目名稱;原預算數;追加減數;截至本月止累計分配數_1;本月實現數;截至本月止累計實現數_2;應收收入數_3;分配數預算餘額_4;分支計畫編號;分支計畫名稱;用途別編號;用途別名稱;第一預備金;第二預備金;經費流用數;預算調整數;應付數;已分配尚未執行數;備註_預暫付數;以前年度轉入數;應收數;保留數;減免;截至本月止累計實現數;調整數;尚未執行數;基金別;會計分類;使用機關別;科目分類;會計科目編號;會計科目名稱;金額;科目名稱;取得成本;以前年度累計折舊_長期投資評價;本年度資本資產成本變動_增加數;本年度資本資產成本變動_減少數;本年度累計折舊_長期投資評價變動數;期末帳面金額;備註;業務計畫或工作計畫;經資門;執行數;項目;收入實現數;減項_收入待納庫數;加項_以前年度待納庫繳庫數;加項_以前年度撥款於本年度繳還數_材料;加項_以前年度撥款於本年度繳還數_存出保證金;加項_以前年度撥款於本年度繳還數_其他應收款;加項_預收款;加項_剔除經費;繳付公庫數;一級用途別編號;一級用途別名稱;支出實現數;加項_預付款;加項_材料;加項_存出保證金;加項_零用金;加項_退還收入預收款;加項_其他應收款;減項_以前年度撥款於本年度實現數;公庫撥入數;公庫分配數餘額;金額_本月數;金額_累計數,每月,政府資料開放授權條款-第1版,,2019/02/22 00:00,2019/02/22 23:02,
99266,刑事政策與犯罪研究論文集(20),法務部司法官學院,公共資訊,刑事政策與犯罪研究論文集(20),論文集名稱;下載位置,即時,政府資料開放授權條款-第1版,https://www.tpi.moj.gov.tw/HitCounter.asp?xItem=494575&ixCuAttach=203504,2019/02/23 00:00,2019/02/23 11:05,
99288,108年度國民健康署公務法定預算,衛生福利部國民健康署,公共資訊,包含人事費用分析表、公務車輛明細表、各項費用彙計表、委辦經費分析表、派員出國計畫預算總表、派員出國計畫類別表-考察、派員出國計畫類別表-進修、派員出國計畫類別表-開會、派員赴大陸計畫預算表、捐助經費分析表、歲入來源別預算表、歲入項目說明提要表、歲出用途別科目分析表、歲出按職能及經濟性綜合分類表、歲出計畫提要及分支計畫概況表、歲出機關別預算表、補助經費分析表、資本支出分析表、跨年期計畫概況表、預算員額明細表、辦公房舍明細表、轉帳收支對照表,name;url,每年,政府資料開放授權條款-第1版,,2019/02/23 00:00,2019/02/23 17:31,
99240,基隆市不動產租賃實價登錄Open Data(107年12月租賃登記案件),基隆市政府地政處,購屋及遷徙,購屋及遷徙: 係指各種房屋租賃、房屋遷移、移民等相關資料集,鄉鎮市區;交易標的;土地區段位置建物區段門牌;土地面積平方公尺;都市土地使用分區;非都市土地使用分區;非都市土地使用編定;租賃年月日;租賃筆棟數;租賃層次;總樓層數;建物型態;主要用途;主要建材;建築完成年月;建物總面積平方公尺;建物現況格局-房;建物現況格局-廳;建物現況格局-衛;建物現況格局-隔間;有無管理組織;有無附傢俱;總額元;單價元平方公尺;車位類別;車位面積平方公尺;車位總額元;備註;編號,每月,政府資料開放授權條款-第1版,https://land.klcg.gov.tw/business/More?id=795;https://land.klcg.gov.tw/business/More?id=795;https://land.klcg.gov.tw/business/More?id=795,2019/02/22 00:00,2019/02/23 09:30,
99271,不動產實價登錄資訊-買賣案件-石碇區,新北市政府地政局,購屋及遷徙,不動產賣賣案件實價登錄資訊，包含標的位置(去識別化)、面積、總價等資訊。-石碇區,district;rps01;rps02;rps03;rps04;rps05;rps06;rps07;rps08;rps09;rps10;rps11;rps12;rps13;rps14;rps15;rps16;rps17;rps18;rps19;rps20;rps21;rps22;rps23;rps24;rps25;rps26;rps27,每月,政府資料開放授權條款-第1版,,2017/02/22 09:13,2019/02/23 12:04,依品質檢測結果更新主要欄位說明
99272,不動產實價登錄資訊-買賣案件-八里區,新北市政府地政局,購屋及遷徙,不動產賣賣案件實價登錄資訊，包含標的位置(去識別化)、面積、總價等資訊。-八里區,district;rps01;rps02;rps03;rps04;rps05;rps06;rps07;rps08;rps09;rps10;rps11;rps12;rps13;rps14;rps15;rps16;rps17;rps18;rps19;rps20;rps21;rps22;rps23;rps24;rps25;rps26;rps27,每月,政府資料開放授權條款-第1版,,2016/11/03 16:18,2019/02/23 12:05,依品質檢測結果更新主要欄位說明
99273,不動產實價登錄資訊-買賣案件-瑞芳區,新北市政府地政局,購屋及遷徙,不動產賣賣案件實價登錄資訊，包含標的位置(去識別化)、面積、總價等資訊。-瑞芳區,district;rps01;rps02;rps03;rps04;rps05;rps06;rps07;rps08;rps09;rps10;rps11;rps12;rps13;rps14;rps15;rps16;rps17;rps18;rps19;rps20;rps21;rps22;rps23;rps24;rps25;rps26;rps27,每月,政府資料開放授權條款-第1版,,2016/11/03 16:17,2019/02/23 12:08,依品質檢測結果更新主要欄位說明
99274,不動產實價登錄資訊-買賣案件-坪林區,新北市政府地政局,購屋及遷徙,不動產賣賣案件實價登錄資訊，包含標的位置(去識別化)、面積、總價等資訊。-坪林區,district;rps01;rps02;rps03;rps04;rps05;rps06;rps07;rps08;rps09;rps10;rps11;rps12;rps13;rps14;rps15;rps16;rps17;rps18;rps19;rps20;rps21;rps22;rps23;rps24;rps25;rps26;rps27,每月,政府資料開放授權條款-第1版,,2017/02/22 09:13,2019/02/23 12:09,依品質檢測結果更新主要欄位說明
99275,不動產實價登錄資訊-買賣案件-淡水區,新北市政府地政局,購屋及遷徙,不動產賣賣案件實價登錄資訊，包含標的位置(去識別化)、面積、總價等資訊。-淡水區,district;rps01;rps02;rps03;rps04;rps05;rps06;rps07;rps08;rps09;rps10;rps11;rps12;rps13;rps14;rps15;rps16;rps17;rps18;rps19;rps20;rps21;rps22;rps23;rps24;rps25;rps26;rps27,每月,政府資料開放授權條款-第1版,,2016/11/03 16:17,2019/02/23 12:11,依品質檢測結果更新主要欄位說明
99276,不動產實價登錄資訊-買賣案件-三芝區,新北市政府地政局,購屋及遷徙,不動產賣賣案件實價登錄資訊，包含標的位置(去識別化)、面積、總價等資訊。-三芝區,district;rps01;rps02;rps03;rps04;rps05;rps06;rps07;rps08;rps09;rps10;rps11;rps12;rps13;rps14;rps15;rps16;rps17;rps18;rps19;rps20;rps21;rps22;rps23;rps24;rps25;rps26;rps27,每月,政府資料開放授權條款-第1版,,2016/11/03 16:18,2019/02/23 12:11,依品質檢測結果更新主要欄位說明
99277,不動產實價登錄資訊-買賣案件-雙溪區,新北市政府地政局,購屋及遷徙,不動產賣賣案件實價登錄資訊，包含標的位置(去識別化)、面積、總價等資訊。-雙溪區,district;rps01;rps02;rps03;rps04;rps05;rps06;rps07;rps08;rps09;rps10;rps11;rps12;rps13;rps14;rps15;rps16;rps17;rps18;rps19;rps20;rps21;rps22;rps23;rps24;rps25;rps26;rps27,每月,政府資料開放授權條款-第1版,,2016/11/03 16:16,2019/02/23 12:13,依品質檢測結果更新主要欄位說明
99278,不動產實價登錄資訊-買賣案件-萬里區,新北市政府地政局,購屋及遷徙,不動產賣賣案件實價登錄資訊，包含標的位置(去識別化)、面積、總價等資訊。-萬里區,district;rps01;rps02;rps03;rps04;rps05;rps06;rps07;rps08;rps09;rps10;rps11;rps12;rps13;rps14;rps15;rps16;rps17;rps18;rps19;rps20;rps21;rps22;rps23;rps24;rps25;rps26;rps27,每月,政府資料開放授權條款-第1版,,2016/11/03 16:17,2019/02/23 12:14,依品質檢測結果更新主要欄位說明
99279,不動產實價登錄資訊-買賣案件-樹林區,新北市政府地政局,購屋及遷徙,不動產賣賣案件實價登錄資訊，包含標的位置(去識別化)、面積、總價等資訊。-樹林區,district;rps01;rps02;rps03;rps04;rps05;rps06;rps07;rps08;rps09;rps10;rps11;rps12;rps13;rps14;rps15;rps16;rps17;rps18;rps19;rps20;rps21;rps22;rps23;rps24;rps25;rps26;rps27,每月,政府資料開放授權條款-第1版,,2016/11/03 16:17,2019/02/23 12:14,依品質檢測結果更新主要欄位說明
99295,不動產實價登錄資訊-預售屋案件-泰山區,新北市政府地政局,購屋及遷徙,不動產預售案件實價登錄資訊，包含標的位置(去識別化)、面積、總價等資訊。-泰山區,district;rps01;rps02;rps03;rps04;rps05;rps06;rps07;rps08;rps09;rps10;rps11;rps12;rps13;rps14;rps15;rps16;rps17;rps18;rps19;rps20;rps21;rps22;rps23;rps24;rps25;rps26;rps27,每月,政府資料開放授權條款-第1版,,2017/11/23 17:22,2019/02/23 17:33,依品質檢測結果更新主要欄位說明
99298,不動產實價登錄資訊-租賃案件-五股區,新北市政府地政局,購屋及遷徙,不動產租賃案件實價登錄資訊，包含標的位置(去識別化)、面積、總價等資訊。-五股區,district;rps01;rps02;rps03;rps04;rps05;rps06;rps07;rps08;rps09;rps10;rps11;rps12;rps13;rps14;rps15;rps16;rps17;rps18;rps19;rps20;rps21;rps22;rps23;rps24;rps25;rps26;rps27;rps28,每月,政府資料開放授權條款-第1版,,2017/02/22 09:11,2019/02/23 17:39,依品質檢測結果更新主要欄位說明
99299,不動產實價登錄資訊-租賃案件-八里區,新北市政府地政局,購屋及遷徙,不動產租賃案件實價登錄資訊，包含標的位置(去識別化)、面積、總價等資訊。-八里區,district;rps01;rps02;rps03;rps04;rps05;rps06;rps07;rps08;rps09;rps10;rps11;rps12;rps13;rps14;rps15;rps16;rps17;rps18;rps19;rps20;rps21;rps22;rps23;rps24;rps25;rps26;rps27;rps28,每月,政府資料開放授權條款-第1版,,2016/11/03 15:28,2019/02/23 17:39,依品質檢測結果更新主要欄位說明
99290,新竹縣文化藝術財團法人基本資訊,新竹縣政府,公共資訊,新竹縣文化藝術財團法人基本資訊,揭露新竹縣文化藝術法人設立基本資訊,每日,政府資料開放授權條款-第1版,https://data.hsinchu.gov.tw/OpenData/Detail.aspx?GUID=BF8CBC8B-EA06-4C49-8F42-31A51CAC060A;https://data.hsinchu.gov.tw/OpenData/Detail.aspx?GUID=BF8CBC8B-EA06-4C49-8F42-31A51CAC060A;https://data.hsinchu.gov.tw/OpenData/Detail.aspx?GUID=BF8CBC8B-EA06-4C49-8F42-31A51CAC060A;https://data.hsinchu.gov.tw/OpenData/Detail.aspx?GUID=BF8CBC8B-EA06-4C49-8F42-31A51CAC060A,2019/02/23 10:36,2019/02/23 17:29,
99291,使用牌照稅稅額表二 (完全以電能為動力之小客車),新竹縣政府,公共資訊,使用牌照稅稅額表二 (完全以電能為動力之小客車),英制馬力;公制馬力;自用;營業,每日,政府資料開放授權條款-第1版,https://data.hsinchu.gov.tw/OpenData/Detail.aspx?GUID=BA4BD4E0-261B-4026-B2E0-042DFB251FF1;https://data.hsinchu.gov.tw/OpenData/Detail.aspx?GUID=BA4BD4E0-261B-4026-B2E0-042DFB251FF1;https://data.hsinchu.gov.tw/OpenData/Detail.aspx?GUID=BA4BD4E0-261B-4026-B2E0-042DFB251FF1;https://data.hsinchu.gov.tw/OpenData/Detail.aspx?GUID=BA4BD4E0-261B-4026-B2E0-042DFB251FF1,2019/02/23 16:08,2019/02/23 17:29,
99292,使用牌照稅稅額表三 (完全以電能為動力之大客車及貨車),新竹縣政府,公共資訊,使用牌照稅稅額表三 (完全以電能為動力之大客車及貨車),馬達最大馬力;電動大客車;電動貨車,每日,政府資料開放授權條款-第1版,https://data.hsinchu.gov.tw/OpenData/Detail.aspx?GUID=A5BBEA75-0BE3-4CEF-95EB-375AC5B902B1;https://data.hsinchu.gov.tw/OpenData/Detail.aspx?GUID=A5BBEA75-0BE3-4CEF-95EB-375AC5B902B1;https://data.hsinchu.gov.tw/OpenData/Detail.aspx?GUID=A5BBEA75-0BE3-4CEF-95EB-375AC5B902B1;https://data.hsinchu.gov.tw/OpenData/Detail.aspx?GUID=A5BBEA75-0BE3-4CEF-95EB-375AC5B902B1,2019/02/23 16:13,2019/02/23 17:29,
99293,使用牌照稅稅額表四 (完全以電能為動力之機車),新竹縣政府,公共資訊,使用牌照稅稅額表四 (完全以電能為動力之機車),馬達最大馬力;電動機車,每日,政府資料開放授權條款-第1版,https://data.hsinchu.gov.tw/OpenData/Detail.aspx?GUID=5DA6A985-4A79-4054-8DE5-8E3834E3D608;https://data.hsinchu.gov.tw/OpenData/Detail.aspx?GUID=5DA6A985-4A79-4054-8DE5-8E3834E3D608;https://data.hsinchu.gov.tw/OpenData/Detail.aspx?GUID=5DA6A985-4A79-4054-8DE5-8E3834E3D608;https://data.hsinchu.gov.tw/OpenData/Detail.aspx?GUID=5DA6A985-4A79-4054-8DE5-8E3834E3D608,2019/02/23 16:18,2019/02/23 17:29,
99259,108年公私立托嬰中心名冊,桃園市政府社會局,生育保健,108年公私立托嬰中心名冊,108年公私立托嬰中心名冊,每季,政府資料開放授權條款-第1版,,2019/02/22 11:43,2019/02/23 01:15,
99261,桃園市108年每月觀光遊憩區遊客人次資料,桃園市政府觀光旅遊局,休閒旅遊,每月觀光遊憩區遊客人次資料,觀光遊憩區別;門票收入;遊客人次;上年同月份遊客人次;增減數;成長率;備註,每月,政府資料開放授權條款-第1版,,2019/02/22 11:41,2019/02/23 02:05,
99283,2018苗栗縣政府公共區域無線網路服務效益總表,計畫處,公共資訊,2018苗栗縣政府公共區域無線網路服務效益總表,月份;使用人次;使用人數;總分鐘數;總流量(GB);下行流量(GB);上行流量(GB),不更新,政府資料開放授權條款-第1版,,2019/02/23 00:00,2019/02/23 16:13,
99311,高雄市政府1999話務中心派工受理前三名機關統計表108年1月,高雄市政府,公共資訊,執行機關、派工件數、受理比率(%),執行機關;派工件數;受理比率,每日,政府資料開放授權條款-第1版,http://data.kcg.gov.tw/dataset/1999-108-2,2019/02/23 07:59,2019/02/23 23:58,
99312,108年高雄市政府1999話務中心客服人員滿意度指標,高雄市政府,公共資訊,提供108年高雄市政府1999話務中心客服人員滿意度指標,"很滿意;滿意;尚可;不滿意;很不滿意",每日,政府資料開放授權條款-第1版,http://data.kcg.gov.tw/dataset/108-1999-1,2019/02/23 07:49,2019/02/23 23:58,
99313,108年高雄市政府1999話務中心服務量趨勢圖,高雄市政府,公共資訊,提供108年度高雄市政府1999話務中心各月份服務量趨勢圖,說明： ;進線總電話數=IVR總進線數 ;按1轉客服人員數=IVR總進線後，按1轉接專人數 ;客服人員應答數=;按1轉客服人員數-;電話掛斷數 ;電話掛斷數=;客服人員應答數 ;電話外撥數=話務人員績效日報表之電話外撥數 ;電話處理總數=;進線總電話數+;電話外撥數 ;服務水準%=20秒內專人接聽數/;客服人員應答數*100 ;平均等待時間=進線電話總等待時間/;按1轉客服人員數 ;平均通話時間=進線電話總通話時間/;客服人員應答數,每日,政府資料開放授權條款-第1版,http://data.kcg.gov.tw/dataset/108-1999,2019/02/23 06:59,2019/02/23 23:58,
