資料集識別碼,資料集名稱,提供機關,服務分類,資料集描述,主要欄位說明,更新頻率,授權方式,相關網址,上架日期,詮釋資料更新時間,備註
99033,108年度1月份會計月報,臺灣宜蘭地方法院,公共資訊,會計月報10張： 平衡表、歲入累計表、經費累計表、以前年度歲入轉入數累計表、資本資產表、資本資產變動表、歲出用途別累計表、收入實現數與繳付公庫數分析表、支出實現數與公庫撥入數分析表、收入支出彙計表。,,每月,政府資料開放授權條款-第1版,http://ild.judicial.gov.tw/?struID=2&navID=157&contentID=945,2019/02/19 00:00,2019/02/19 15:55,
99035,108年1月臺灣臺南地方法院會計報告,臺灣臺南地方法院,公共資訊,108年1月臺灣臺南地方法院會計報告,,不更新,政府資料開放授權條款-第1版,,2019/02/18 00:00,2019/02/18 16:16,
99068,108年度臺灣澎湖地方法院1至12月會計報告,臺灣澎湖地方法院,公共資訊,108年度臺灣澎湖地方法院1至12月會計報告,mh_itemserialno1;mh_itemserialno2;mh_itemserialno3;mh_itemserialno4;budgetno;mh_budgetname;budgetno_conver;tyear_amt;lyear_amt;byear_amt;b_amt;bc_content;blevel;ordinaryid;agenno;agentype;displayname;memo;ba_fiscalyear;ba_fundkind;ba_budgetkind;ba_specialbudgetno;ba_agenno;ba_agentype;ba_budgetstate;ba_versiondate;ba_budgetyear;ba_budgetno;ba_subprojectno;mj_subprojectname;ba_departno;ba_objectno;ba_budgettype;ba_budgetsource;ba_mergetype;ba_budgetamt;ba_flowflag;ba_signflag;ba_signno;ba_key;bc_fiscalyear;bc_fundkind;bc_budgetkind;bc_specialbudgetno;bc_agenno;bc_agentype;bc_budgetstate;bc_reportno;bc_key;bc_versiondate;objectNo;budget;total;款;項;目;節;科目名稱;預算科目編號;人事費;業務費_經;奬補助費_經;債務費;預備金_經;經常支出小計;業務費_資;設備及投資;奬補助費_資;預備金_資;資本支出小計;合計;budgetname;damt1;damt2;damt3;damt4;damt5;damt6;damt7;damt8;damt9;damt10;damt11;no1;no2;no3;no4;b_level;level;mi_objectname;objectnoname;budgetamt_sum;displaymemo;btn_memo;bn_fiscalyear;bn_fundkind;bn_budgetkind;bn_specialbudgetno;bn_agenno;bn_agentype;bn_budgetstate;bn_budgetsource;bn_man1;bn_man1_l;bn_man2;bn_man2_l;bn_man3;bn_man3_l;bn_man4;bn_man4_l;bn_man5;bn_man5_l;bn_man6;bn_man6_l;bn_man7;bn_man7_l;bn_man8;bn_man8_l;bn_man9;bn_man9_l;bn_man10;bn_man10_l;bn_man11;bn_man11_l;bn_amt_man;bn_amt_mngbsn;bn_text;display_name;bq_fiscalyear;bq_fundkind;bq_budgetkind;bq_specialbudgetno;bq_agenno;bq_agentype;bq_budgetstate;bq_budgetno;bq_objectno;bq_carid;bq_persons;bq_buydate;bq_ventsize;bq_oilamt;bq_oilprice;bq_amt_maintain;bq_amt5;bq_carnum;bq_remark;bq_lpgamt;bq_lpgprice;bq_versiondate;m33_fiscalyear;m33_reportno;m33_level1;m33_level2;m33_level3;m33_level4;m33_objectname;m33_objectno;m33_detailid;br_fiscalyear;br_fundkind;br_budgetkind;br_specialbudgetno;br_agenno;br_agentype;br_budgetstate;br_objectno;br_holds1;br_area1;br_bookvalue1;br_amtyear1;br_holds2;br_area2;br_amtyear2;br_holds3;br_area3;br_deposit;br_rental;br_amtyear3;br_area4;br_deposit4;br_rental4;br_amtyear4;br_versiondate;br_text;bh_fiscalyear;bh_fundkind;bh_budgetkind;bh_specialbudgetno;bh_agenno;bh_agentype;bh_budgetstate;bh_versiondate;bh_objectno;bh_endowplanno;bh_endowplanname;bh_donname;bh_endowsts;bh_budgetno;bh_subprojectno;bh_budgetsource;bh_applyid;bh_startyear;bh_endyear;bh_donrem;bh_bgtyear;bh_amt_man;bh_amt_business;bh_amt_other;bh_amt_land;bh_amt_house;bh_amt6;bh_amt7;bh_flowflag;bh_signflag;bh_signno;mj_subprojectno_na;職能別分類經濟性分類;消費支出_經;債務利息_經;補助地方_經;移轉民間_經;小計_經;資本形成_資;土地購入_資;增資_資;補助地方_資;移轉民間_資;小計_資;總計,不更新,政府資料開放授權條款-第1版,,2019/02/19 00:00,2019/02/19 11:17,
99077,福建高等法院金門分院108年度會計月報,福建高等法院金門分院,公共資訊,福建高等法院金門分院108年度會計月報,,每月,政府資料開放授權條款-第1版,,2019/02/19 00:00,2019/02/19 14:30,
99080,司法院108年度法定預算,司法院,公共資訊,司法院108年度法定預算,,每日,政府資料開放授權條款-第1版,,2019/02/19 00:00,2019/02/19 15:26,
99096,福建金門地方法院108年01月份會計月報_XML、PDF,福建金門地方法院,公共資訊,福建金門地方法院108年01月份會計月報,,每月,政府資料開放授權條款-第1版,,2019/02/19 00:00,2019/02/19 18:55,
99019,考試院108年度會計月報,考試院,公共資訊,歲入(經費)累計表、以前年度歲入(出)轉入數累計表、平衡表、資本資產表及其變動表、歲出用途別累計表、收入實現數與繳付公庫數分析表、支出實現數與公庫撥入數分析表、收入支出彙計表,會計年度;月份;款;項;目;節;預算年度;預算科目編號;預算科目名稱;細目編號;細目名稱;原預算數;追加減數;截至本月止累計分配數_1;本月實現數;截至本月止累計實現數_2;應收收入數_3;分配數預算餘額_4;分支計畫編號;分支計畫名稱;用途別編號;用途別名稱;第一預備金;第二預備金;經費流用數;預算調整數;應付數;已分配尚未執行數;備註_預暫付數;以前年度轉入數;保留數;減免;截至本月止累計實現數;調整數;尚未執行數;基金別;會計分類;使用機關別;科目分類;會計科目編號;會計科目名稱;金額;科目名稱;取得成本;以前年度累計折舊_長期投資評價;本年度資本資產成本變動_增加數;本年度資本資產成本變動_減少數;本年度累計折舊_長期投資評價變動數;期末帳面金額;備註;業務計畫或工作計畫;經資門;執行數;項目;收入實現數;減項_收入待納庫數;加項_以前年度待納庫繳庫數;加項_以前年度撥款於本年度繳還數_材料;加項_以前年度撥款於本年度繳還數_存出保證金;加項_以前年度撥款於本年度繳還數_其他應收款;加項_預收款;加項_剔除經費;繳付公庫數;一級用途別編號;一級用途別名稱;支出實現數;加項_預付款;加項_材料;加項_存出保證金;加項_零用金;加項_退還收入預收款;加項_其他應收款;減項_以前年度撥款於本年度實現數;公庫撥入數;公庫分配數餘額;金額_本月數;金額_累計數,每月,政府資料開放授權條款-第1版,,2019/02/19 00:00,2019/02/19 13:58,授權說明網址: http://data.gov.tw/license
99061,國家通訊傳播委員會監督之財團法人基本資料,國家通訊傳播委員會,交通及通訊,本會監督之財團法人電信技術中心、台灣網路資訊中心基本資料,財團法人統一編號;財團法人名稱;財團法人代碼;設立許可文號;設立許可日期;許可機構;所在地;董事長;執行長;狀態;聯絡電話;聯絡地址;官方網址;原始設立金額(萬元);最新法人登記證書之財產總額(萬元),每年,政府資料開放授權條款-第1版,https://www.ncc.gov.tw/chinese/gradation.aspx?site_content_sn=3956&is_history=0,2019/02/19 00:00,2019/02/19 09:44,
99071,交通部運輸研究所107年度單位決算,交通部運輸研究所,公共資訊,交通部運輸研究所107年度單位決算,科目;預算數;決算數;預決算比較增減數;決算數占預算數之比率,每日,政府資料開放授權條款-第1版,,2019/02/19 00:00,2019/02/19 11:27,
98915,國家教育研究院107年度單位決算,國家教育研究院,公共資訊,歲入來源別決算表、歲出政事別決算表、歲出機關別決算表、以前年度歲入來源別轉入數決算表、以前年度歲出政事別轉入數決算表、以前年度歲出機關別轉入數決算表、平衡表、資本資產表、總說明、立法院審議通過中央政府總預算案、總決算審核報告決議及注意事項辦理情形報告表,會計年度;款;項;目;節;預算科目編號;預算科目名稱;細目編號;細目名稱;預算數_原預算數;預算數_預算增減數;預算數_合計1;決算數_實現數;決算數_應收數;決算數_保留數;決算數_合計2;預決算比較增減數;決算數占預算數之比率;分計畫編號;分計畫名稱;用途別編號;用途別名稱;原預算數;預算追加減數;動支第一預備金數;動支第二預備金數;經費流用數;預算調整數;預算增減數小計;預算數合計1;實現數;應付數;保留數;決算數合計2;預算年度;以前年度轉入數_應收數;以前年度轉入數_保留數;本年度減免註銷數_應收數;本年度減免註銷數_保留數;本年度實現數_應收數;本年度實現數_保留數;本年度調整數_應收數;本年度調整數_保留數;本年度未結清數_應收數;本年度未結清數_保留數;以前年度轉入數_應付數;本年度減免註銷數_應付數;本年度實現數_應付數;本年度調整數_應付數;本年度未結清數_應付數;月份;基金別;會計分類;使用機關別;科目分類;會計科目編號;會計科目名稱;金額;url_link,每年,政府資料開放授權條款-第1版,http://www.naer.edu.tw/ezfiles/0/1000/img/37/739769453.7z,2019/02/15 00:00,2019/02/18 19:30,
98942,108年會計月報,國立臺灣圖書館,公共資訊,收支餘絀表、平衡表,,每日,政府資料開放授權條款-第1版,http://webmail.ntl.edu.tw:80/df/qsyxbhejlhoro9o1mb8xjkpusnnbbo,2019/02/15 00:00,2019/02/19 10:05,
99070,臺灣士林地方檢察署108年度會計報告,臺灣士林地方檢察署,公共資訊,臺灣士林地方檢察署108年度會計報告,會計年度;月份;款;項;目;節;預算年度;預算科目編號;預算科目名稱;細目編號;細目名稱;原預算數;追加減數;截至本月止累計分配數_1;本月實現數;截至本月止累計實現數_2;應收收入數_3;分配數預算餘額_4;分支計畫編號;分支計畫名稱;用途別編號;用途別名稱;第一預備金;第二預備金;經費流用數;預算調整數;應付數;已分配尚未執行數;備註_預暫付數;以前年度轉入數;應收數;保留數;減免;截至本月止累計實現數;調整數;尚未執行數;基金別;會計分類;使用機關別;科目分類;會計科目編號;會計科目名稱;金額;科目名稱;取得成本;以前年度累計折舊_長期投資評價;本年度資本資產成本變動_增加數;本年度資本資產成本變動_減少數;本年度累計折舊_長期投資評價變動數;期末帳面金額;備註;業務計畫或工作計畫;經資門;執行數;項目;收入實現數;減項_收入待納庫數;加項_以前年度待納庫繳庫數;加項_以前年度撥款於本年度繳還數_材料;加項_以前年度撥款於本年度繳還數_存出保證金;加項_以前年度撥款於本年度繳還數_其他應收款;加項_預收款;加項_剔除經費;繳付公庫數;一級用途別編號;一級用途別名稱;支出實現數;加項_預付款;加項_材料;加項_存出保證金;加項_零用金;加項_退還收入預收款;加項_其他應收款;減項_以前年度撥款於本年度實現數;公庫撥入數;公庫分配數餘額;金額_本月數;金額_累計數,每月,政府資料開放授權條款-第1版,,2019/02/19 00:00,2019/02/19 11:53,
99084,108年度1725條土石流潛勢溪流圖,行政院農業委員會,公共資訊,108年度1725條土石流潛勢溪流圖,108年度1725條土石流潛勢溪流圖,每年,政府資料開放授權條款-第1版,,2019/02/19 00:00,2019/02/19 15:45,
99072,國民健康署公務會計月報(108年),衛生福利部國民健康署,公共資訊,國民健康署公務會計月報,會計年度;月份;款;項;目;節;預算年度;預算科目編號;預算科目名稱;細目編號;細目名稱;原預算數;追加減數;截至本月止累計分配數_1;本月實現數;截至本月止累計實現數_2;應收收入數_3;分配數預算餘額_4;分支計畫編號;分支計畫名稱;用途別編號;用途別名稱;第一預備金;第二預備金;經費流用數;預算調整數;應付數;已分配尚未執行數;備註_預暫付數;以前年度轉入數;應收數;保留數;減免;截至本月止累計實現數;調整數;尚未執行數;基金別;會計分類;使用機關別;科目分類;會計科目編號;會計科目名稱;金額;科目名稱;取得成本;以前年度累計折舊_長期投資評價;本年度資本資產成本變動_增加數;本年度資本資產成本變動_減少數;本年度累計折舊_長期投資評價變動數;期末帳面金額;備註;業務計畫或工作計畫;經資門;執行數;項目;收入實現數;減項_收入待納庫數;加項_以前年度待納庫繳庫數;加項_以前年度撥款於本年度繳還數_材料;加項_以前年度撥款於本年度繳還數_存出保證金;加項_以前年度撥款於本年度繳還數_其他應收款;加項_預收款;加項_剔除經費;繳付公庫數;一級用途別編號;一級用途別名稱;支出實現數;加項_預付款;加項_材料;加項_存出保證金;加項_零用金;加項_退還收入預收款;加項_其他應收款;減項_以前年度撥款於本年度實現數;公庫撥入數;公庫分配數餘額;金額_本月數;金額_累計數,每月,政府資料開放授權條款-第1版,,2019/02/19 00:00,2019/02/19 11:37,授權說明網址：http://data.gov.tw/license
99079,臺灣銀行股份有限公司108年度會計月報,臺灣銀行股份有限公司,公共資訊,"臺灣銀行股份有限公司108年度會計月報,內含損益表.資產負債表及購建固定資產執行進度",Name3;報表名稱;年度;月份;基金;單位;SEQNO;LEVEL;編號;科目;本年度法定預算數;本月份實際數;本月份預算數;本月份比較增減-金額;本月份比較增減-百分比;本年度截至本月份實際數;本年度截至本月份預算數;本年度截至本月份比較增減-金額;本年度截至本月份比較增減-百分比;金額;百分比;計畫名稱;以前年度保留數;本年度奉准先行辦理數;調整數;累計預算分配數;實支數;應付未付數,每月,政府資料開放授權條款-第1版,,2019/02/19 00:00,2019/02/19 15:19,
