資料集識別碼,資料集名稱,提供機關,服務分類,資料集描述,主要欄位說明,更新頻率,授權方式,相關網址,上架日期,詮釋資料更新時間,備註
92244,南投縣最近5年地價稅稅源統計表,南投縣政府,公共資訊,資料所屬期間：每年 1月1日至 12月31日,主要欄位：總計戶數;總計面積;總計地價;總計查定稅額;一般用地戶數;一般用地面積;一般用地地價;一般用地查定稅額;自用住宅用地戶數;自用住宅用地面積;自用住宅用地地價;自用住宅用地查定稅額;勞工宿舍用地戶數;勞工宿舍用地面積;勞工宿舍用地地價;勞工宿舍用地查定稅額;事業直接使用土地戶數;事業直接使用土地面積;事業直接使用土地地價;事業直接使用土地查定稅額;公共設施保留地戶數;公共設施保留地面積;公共設施保留地地價;公共設施保留地查定稅額;空地戶數;空地面積;空地地價;空地查定稅額,每日,政府資料開放授權條款-第1版,,2018/10/05 00:00,2018/10/05 23:00,
92245,南投縣最近5年契稅綜合統計表,南投縣政府,公共資訊,資料所屬期間：每年1月1日至12月31日,主要欄位：應稅件數;免稅件數;應稅契價;免稅契價;應稅稅額;免稅稅額,每日,政府資料開放授權條款-第1版,,2018/10/05 00:00,2018/10/05 23:00,
92246,南投縣最近5年土地增值稅稅源統計表,南投縣政府,公共資訊,資料所屬期間：每年 1月1日至12月31日,主要欄位：稅種筆數;面積;移轉現值;調整後原地價;改良土地費用;漲價總數額;長期持有減徵;查定稅額;增繳地價抵繳;重劃減徵;徵收減徵;其他減徵;應納稅額,每日,政府資料開放授權條款-第1版,,2018/10/05 00:00,2018/10/05 23:00,
92247,南投縣最近5年房屋稅綜合統計表,南投縣政府,公共資訊,資料所屬期間：自前一年7月1日至當年6月30日,主要欄位：戶數合計;戶數應稅;戶數免稅;面積應稅;面積免稅;現值應稅;現值免稅;稅額合計;稅額本稅,每日,政府資料開放授權條款-第1版,,2018/10/05 00:00,2018/10/05 23:00,
92232,臺中市日間照顧中心,臺中市政府衛生局‧企劃資訊科,老年安養,依據衛生福利部推展日間照顧中心設置相關原則辦理,性質;主管機關;辦理單位;成立日期;立案文號;負責人;連絡電話;傳真;電子郵件;地址;可服務人數;相關網站;X坐標;Y坐標;備註;最後更新時間,每年,政府資料開放授權條款-第1版,,2018/10/04 12:00,2018/10/05 09:42,
92234,臺中市低(中低)收入老人暨原住民活動假牙補助計畫合約診所名單,臺中市政府社會局‧長青福利科,公共資訊,低(中低)收入老人暨原住民補助裝置假牙實施計畫,區域;醫事機構名稱;電話;地址;X坐標;Y坐標;備註;最後更新日期,每年,政府資料開放授權條款-第1版,,2018/10/05 13:44,2018/10/05 13:44,
92235,苗栗縣政府媒體事務中心106年度決算書,苗栗縣政府媒體事務中心,公共資訊,苗栗縣政府媒體事務中心106年度決算書,,每年,政府資料開放授權條款-第1版,,2018/10/05 00:00,2018/10/05 16:18,
92225,房屋標準單價表,屏東縣政府財稅局,公共資訊,房屋標準單價表,總層數;鋼骨造-第一類;鋼骨混凝土造-第一類;鋼骨鋼筋混凝土造-第一類;鋼骨造-第二類;鋼骨混凝土造-第二類;鋼骨鋼筋混凝土造-第二類;鋼骨造-第三類;鋼骨混凝土造-第三類;鋼骨鋼筋混凝土造-第三類;鋼骨造-第四類;鋼骨混凝土造-第四類;鋼骨鋼筋混凝土造-第四類;鋼筋混凝土造-第一類;預鑄混凝土造-第一類;鋼筋混凝土造-第二類;預鑄混凝土造-第二類;鋼筋混凝土造-第三類;預鑄混凝土造-第三類;鋼筋混凝土造-第四類;預鑄混凝土造-第四類;加強磚造-第一類;加強磚造-第二類;加強磚造-第三類;加強磚造-第四類;鋼鐵造200m*m以上-各種用途;鋼鐵造未達200m*m-各種用途;木造-各種用途;石造-各種用途;磚造-各種用途;土造-各種用途;竹造-各種用途,每日,政府資料開放授權條款-第1版,,2018/10/03 00:00,2018/10/05 08:36,
