資料集識別碼,資料集名稱,提供機關,服務分類,資料集描述,主要欄位說明,更新頻率,授權方式,相關網址,上架日期,詮釋資料更新時間,備註
92210,屏東縣政府縣政信箱1999資訊,研考處,公共資訊,屏東縣政府縣政信箱1999資訊,縣市名稱;縣市內1999電話;縣市外1999電話;縣市市政信箱網頁;縣市市政電子郵件信箱地址,每日,政府資料開放授權條款-第1版,,2018/10/02 00:00,2018/10/04 14:04,
92211,屏東縣107年度第2季房地交易課稅情形季報表,屏東縣政府財稅局,公共資訊,屏東縣107年度第2季房地交易課稅情形季報表,土地增值稅;買賣契稅,每日,政府資料開放授權條款-第1版,,2018/10/03 00:00,2018/10/04 14:04,
92212,房屋用途分類表,屏東縣政府財稅局,,構造-分類用途,,每日,政府資料開放授權條款-第1版,,2018/10/03 00:00,2018/10/04 14:05,
92214,屏東縣合法計程車叫車資訊,屏東縣政府,交通及通訊,屏東縣合法計程車叫車資訊,公司;名稱;登記地址;叫車電話;備註,每日,政府資料開放授權條款-第1版,,2018/10/04 00:00,2018/10/04 14:06,
92215,臺中市長照ABC服務中心,臺中市政府衛生局‧企劃資訊科,老年安養,提供社區整體照顧服務體系服務方式及目前辦理區域,資源彙整機關;辦理單位 ;連絡電話 ;地址 ;服務項目; X坐標 ;Y坐標 ;備註 ;最後更新時間,每年,政府資料開放授權條款-第1版,,2018/05/30 12:00,2018/10/04 17:43,
92216,臺中市身心障礙者各區居家服務支援中心,臺中市政府衛生局‧企劃資訊科,公共資訊,提供民眾臺中市身心障礙者各區居家服務支援中心相關資訊,性質;資源彙整;機關辦理單位;成立日期;立案文號;聯絡人;連絡電話;地址;服務項目;服務區域;相關網址;X坐標;Y座標;備註;最後更新時間,每月,政府資料開放授權條款-第1版,,2018/05/29 12:00,2018/10/04 17:51,
92217,臺中市長青福利服務-居家服務,臺中市政府衛生局‧企劃資訊科,老年安養,提供居家服務單位名冊，服務區域、單位名稱、地址、電話,性質;資源彙整;機關辦理單位;成立日期;立案文號;聯絡人;連絡電話;地址;服務項目;服務區域;相關網址;X坐標;Y座標;備註;最後更新時間,每年,政府資料開放授權條款-第1版,,2018/05/30 12:00,2018/10/04 17:58,
