資料集識別碼,資料集名稱,提供機關,服務分類,資料集描述,主要欄位說明,更新頻率,授權方式,相關網址,上架日期,詮釋資料更新時間,備註
92208,106年南投縣政府財產量值總目錄,南投縣政府,公共資訊,106年南投縣政府財產量值總目錄,,每日,政府資料開放授權條款-第1版,,2018/10/04 00:00,2018/10/04 09:48,
92244,南投縣最近5年地價稅稅源統計表,南投縣政府,公共資訊,資料所屬期間：每年 1月1日至 12月31日,主要欄位：總計戶數;總計面積;總計地價;總計查定稅額;一般用地戶數;一般用地面積;一般用地地價;一般用地查定稅額;自用住宅用地戶數;自用住宅用地面積;自用住宅用地地價;自用住宅用地查定稅額;勞工宿舍用地戶數;勞工宿舍用地面積;勞工宿舍用地地價;勞工宿舍用地查定稅額;事業直接使用土地戶數;事業直接使用土地面積;事業直接使用土地地價;事業直接使用土地查定稅額;公共設施保留地戶數;公共設施保留地面積;公共設施保留地地價;公共設施保留地查定稅額;空地戶數;空地面積;空地地價;空地查定稅額,每日,政府資料開放授權條款-第1版,,2018/10/05 00:00,2018/10/09 23:00,
92245,南投縣最近5年契稅綜合統計表,南投縣政府,公共資訊,資料所屬期間：每年1月1日至12月31日,主要欄位：應稅件數;免稅件數;應稅契價;免稅契價;應稅稅額;免稅稅額,每日,政府資料開放授權條款-第1版,,2018/10/05 00:00,2018/10/09 23:00,
92246,南投縣最近5年土地增值稅稅源統計表,南投縣政府,公共資訊,資料所屬期間：每年 1月1日至12月31日,主要欄位：稅種筆數;面積;移轉現值;調整後原地價;改良土地費用;漲價總數額;長期持有減徵;查定稅額;增繳地價抵繳;重劃減徵;徵收減徵;其他減徵;應納稅額,每日,政府資料開放授權條款-第1版,,2018/10/05 00:00,2018/10/09 23:00,
92247,南投縣最近5年房屋稅綜合統計表,南投縣政府,公共資訊,資料所屬期間：自前一年7月1日至當年6月30日,主要欄位：戶數合計;戶數應稅;戶數免稅;面積應稅;面積免稅;現值應稅;現值免稅;稅額合計;稅額本稅,每日,政府資料開放授權條款-第1版,,2018/10/05 00:00,2018/10/09 23:00,
92210,屏東縣政府縣政信箱1999資訊,研考處,公共資訊,屏東縣政府縣政信箱1999資訊,縣市名稱;縣市內1999電話;縣市外1999電話;縣市市政信箱網頁;縣市市政電子郵件信箱地址,每日,政府資料開放授權條款-第1版,,2018/10/02 00:00,2018/10/04 14:04,
92211,屏東縣107年度第2季房地交易課稅情形季報表,屏東縣政府財稅局,公共資訊,屏東縣107年度第2季房地交易課稅情形季報表,土地增值稅;買賣契稅,每日,政府資料開放授權條款-第1版,,2018/10/03 00:00,2018/10/08 17:11,
92212,房屋用途分類表,用途|,公共資訊,房屋用途分類表,|構造-分類,屏東縣政府財稅局,每日,政府資料開放授權條款-第1版,08-7338086#212,2018/10/03 00:00,2018/10/08 17:12
92225,房屋標準單價表,屏東縣政府財稅局,公共資訊,房屋標準單價表,總層數;鋼骨造-第一類;鋼骨混凝土造-第一類;鋼骨鋼筋混凝土造-第一類;鋼骨造-第二類;鋼骨混凝土造-第二類;鋼骨鋼筋混凝土造-第二類;鋼骨造-第三類;鋼骨混凝土造-第三類;鋼骨鋼筋混凝土造-第三類;鋼骨造-第四類;鋼骨混凝土造-第四類;鋼骨鋼筋混凝土造-第四類;鋼筋混凝土造-第一類;預鑄混凝土造-第一類;鋼筋混凝土造-第二類;預鑄混凝土造-第二類;鋼筋混凝土造-第三類;預鑄混凝土造-第三類;鋼筋混凝土造-第四類;預鑄混凝土造-第四類;加強磚造-第一類;加強磚造-第二類;加強磚造-第三類;加強磚造-第四類;鋼鐵造200m*m以上-各種用途;鋼鐵造未達200m*m-各種用途;木造-各種用途;石造-各種用途;磚造-各種用途;土造-各種用途;竹造-各種用途,每日,政府資料開放授權條款-第1版,,2018/10/03 00:00,2018/10/08 17:12,
92294,屏東縣地價稅歷年課稅級距表,屏東縣政府財稅局,公共資訊,屏東縣102至107年地價稅課稅級距及適用稅率表,|課稅地價稅率累進差額|,每日,政府資料開放授權條款-第1版,,2018/10/05 00:00,2018/10/08 17:13,
92296,地價稅歷年開徵查定表,屏東縣政府財稅局,公共資訊,屏東縣102年至106年地價稅開徵查定戶數及稅額統計表,|查定戶數面積查定稅額|,每日,政府資料開放授權條款-第1版,,2018/10/05 00:00,2018/10/08 17:13,
92297,房屋用途相近歸類表,歸類相近細類|,公共資訊,房屋用途相近歸類表,|未列房屋用途細類項目,屏東縣政府財稅局,每日,政府資料開放授權條款-第1版,08-7338086#212,2018/10/05 00:00,2018/10/08 17:14
92298,房屋耐用年數及折舊率標準表,屏東縣政府財稅局,公共資訊,房屋耐用年數及折舊率標準表,構造別;每年折舊率%;最低使用價格;最高折舊年數,每日,政府資料開放授權條款-第1版,,2018/10/05 00:00,2018/10/08 17:14,
92299,房屋地段等級表,屏東縣政府財稅局,公共資訊,房屋地段等級表,等級;增減率,每日,政府資料開放授權條款-第1版,,2018/10/05 00:00,2018/10/08 17:14,
92300,房屋地段等級表附表,增減率|,公共資訊,房屋地段等級表附表,|等級,屏東縣政府財稅局,每日,政府資料開放授權條款-第1版,08-7338086#212,2018/10/05 00:00,2018/10/08 17:15
92301,房屋稅徵績統計表,查定數-本稅,公共資訊,房屋稅徵績統計表,|查定數-戶;數,徵起數-戶;數,徵起數-本稅|,屏東縣政府財稅局,免費,劉淑娟 女士,08-7338086#212
92302,屏東縣107年度第3季房地交易課稅情形季報表,屏東縣政府財稅局,生育保健,屏東縣107年度第3季房地交易課稅情形季報表,土地增值稅;買賣契稅,每日,政府資料開放授權條款-第1版,,2018/10/06 00:00,2018/10/08 17:16,
92303,104年度屏東縣土地增值稅稅源統計表,屏東縣政府財稅局,生育保健,104年度屏東縣土地增值稅稅源統計表,屏東縣;土地增值稅;面積;筆數;應納稅額,每日,政府資料開放授權條款-第1版,,2018/10/06 00:00,2018/10/08 17:16,
92304,印花稅103年第1季徵收季報表,屏東縣政府財稅局,投資理財,印花稅103年第1季徵收季報表,|彙總繳稅額大額繳納|,每季,政府資料開放授權條款-第1版,,2018/10/08 00:00,2018/10/08 17:16,
92305,印花稅103年第2季徵收季報表,屏東縣政府財稅局,投資理財,印花稅103年第2季徵收季報表,|彙總自繳稅額大額繳納|,每季,政府資料開放授權條款-第1版,,2018/10/08 00:00,2018/10/08 17:17,
92306,印花稅103年第3季徵收季報表,屏東縣政府財稅局,投資理財,印花稅103年第3季徵收季報表,|彙總自繳稅額大額繳納|,每季,政府資料開放授權條款-第1版,,2018/10/08 00:00,2018/10/08 17:17,
92307,印花稅103年第4季徵收季報表,屏東縣政府財稅局,投資理財,印花稅103年第4季徵收季報表,|彙總自繳稅額大額繳納|,每日,政府資料開放授權條款-第1版,,2018/10/08 00:00,2018/10/08 17:18,
92308,印花稅104年第1季徵收季報表,屏東縣政府財稅局,投資理財,印花稅104年第1季徵收季報表,|彙總自繳稅額大額繳納|,每日,政府資料開放授權條款-第1版,,2018/10/08 00:00,2018/10/08 17:18,
92309,印花稅104年第2季徵收季報表,屏東縣政府財稅局,投資理財,印花稅104年第2季徵收季報表,|彙總自繳稅額大額繳納|,每季,政府資料開放授權條款-第1版,,2018/10/08 00:00,2018/10/08 17:19,
92311,印花稅104年第4季徵收季報表,屏東縣政府財稅局,投資理財,印花稅104年第4季徵收季報表,|彙總自繳稅額大額繳納|,每季,政府資料開放授權條款-第1版,,2018/10/08 00:00,2018/10/08 17:20,
92312,印花稅105年第1季徵收季報表,屏東縣政府財稅局,投資理財,印花稅105年第1季徵收季報表,|彙總自繳稅額大額繳納|,每季,政府資料開放授權條款-第1版,,2018/10/08 00:00,2018/10/08 17:20,
92313,印花稅105年第2季徵收季報表,屏東縣政府財稅局,投資理財,印花稅105年第2季徵收季報表,|彙總自繳稅額大額繳納|,每季,政府資料開放授權條款-第1版,,2018/10/08 00:00,2018/10/08 17:21,
92314,印花稅105年第3季徵收季報表,屏東縣政府財稅局,投資理財,印花稅105年第3季徵收季報表,|彙總自繳稅額大額繳納|,每季,政府資料開放授權條款-第1版,,2018/10/08 00:00,2018/10/08 17:21,
92315,印花稅105年第4季徵收季報表,屏東縣政府財稅局,投資理財,印花稅105年第4季徵收季報表,|彙總自繳稅額大額繳納|,每季,政府資料開放授權條款-第1版,,2018/10/08 00:00,2018/10/08 17:22,
92316,印花稅106年第1季徵收季報表,屏東縣政府財稅局,投資理財,印花稅106年第1季徵收季報表,|彙總自繳稅額大額繳納|,每季,政府資料開放授權條款-第1版,,2018/10/08 00:00,2018/10/08 17:22,
92317,印花稅106年第2季徵收季報表,屏東縣政府財稅局,投資理財,印花稅106年第2季徵收季報表,|彙總自繳稅額大額繳納|,每季,政府資料開放授權條款-第1版,,2018/10/08 00:00,2018/10/08 17:22,
92318,印花稅106年第3季徵收季報表,屏東縣政府財稅局,投資理財,印花稅106年第3季徵收季報表,|彙總自繳稅額大額繳納|,每季,政府資料開放授權條款-第1版,,2018/10/08 00:00,2018/10/08 17:23,
92319,印花稅106年第4季徵收季報表,屏東縣政府財稅局,投資理財,印花稅106年第4季徵收季報表,|彙總自繳稅額大額繳納|,每季,政府資料開放授權條款-第1版,,2018/10/08 00:00,2018/10/08 17:23,
92320,印花稅107年第1季徵收季報表,屏東縣政府財稅局,投資理財,印花稅107年第1季徵收季報表,|彙總自繳稅額大額繳納|,每季,政府資料開放授權條款-第1版,,2018/10/08 00:00,2018/10/08 17:24,
92321,印花稅107年第2季徵收季報表,屏東縣政府財稅局,投資理財,印花稅107年第2季徵收季報表,|彙總自繳稅額大額繳納|,每季,政府資料開放授權條款-第1版,,2018/10/08 00:00,2018/10/08 17:24,
92322,103年01月娛樂稅稅源表,屏東縣政府財稅局,投資理財,103年01月娛樂稅稅源表,|電影0歌廳1撞球場2保齡球館3高爾夫球場4舞廳舞場5電子遊戲機6有節目餐飲業7視聽視唱業8其他9臨時公演|,每月,政府資料開放授權條款-第1版,,2018/10/08 00:00,2018/10/08 17:24,
92323,103年02月娛樂稅稅源表,屏東縣政府財稅局,投資理財,103年02月娛樂稅稅源表,|電影0歌廳1撞球場2保齡球館3高爾夫球場4舞廳舞場5電子遊戲機6有節目餐飲業7視聽視唱業8其他9臨時公演|,每月,政府資料開放授權條款-第1版,,2018/10/08 00:00,2018/10/08 17:25,
92324,103年03月娛樂稅稅源表,屏東縣政府財稅局,投資理財,103年03月娛樂稅稅源表,|電影0歌廳1撞球場2保齡球館3高爾夫球場4舞廳舞場5電子遊戲機6有節目餐飲業7視聽視唱業8其他9臨時公演|,每月,政府資料開放授權條款-第1版,,2018/10/08 00:00,2018/10/08 17:25,
92325,103年04月娛樂稅稅源表,屏東縣政府財稅局,投資理財,103年04月娛樂稅稅源表,|電影0歌廳1撞球場2保齡球館3高爾夫球場4舞廳舞場5電子遊戲機6有節目餐飲業7視聽視唱業8其他9臨時公演|,每月,政府資料開放授權條款-第1版,,2018/10/08 00:00,2018/10/08 17:26,
92326,103年05月娛樂稅稅源表,屏東縣政府財稅局,投資理財,103年05月娛樂稅稅源表,|電影0歌廳1撞球場2保齡球館3高爾夫球場4舞廳舞場5電子遊戲機6有節目餐飲業7視聽視唱業8其他9臨時公演|,每月,政府資料開放授權條款-第1版,,2018/10/08 00:00,2018/10/08 17:26,
92327,103年06月娛樂稅稅源表,屏東縣政府財稅局,投資理財,103年06月娛樂稅稅源表,|電影0歌廳1撞球場2保齡球館3高爾夫球場4舞廳舞場5電子遊戲機6有節目餐飲業7視聽視唱業8其他9臨時公演|,每月,政府資料開放授權條款-第1版,,2018/10/08 00:00,2018/10/08 17:26,
92328,103年07月娛樂稅稅源表,屏東縣政府財稅局,投資理財,103年07月娛樂稅稅源表,|電影0歌廳1撞球場2保齡球館3高爾夫球場4舞廳舞場5電子遊戲機6有節目餐飲業7視聽視唱業8其他9臨時公演|,每月,政府資料開放授權條款-第1版,,2018/10/08 00:00,2018/10/08 17:27,
92329,103年8月娛樂稅稅源表,屏東縣政府財稅局,投資理財,103年08月娛樂稅稅源表,|電影0歌廳1撞球場2保齡球館3高爾夫球場4舞廳舞場5電子遊戲機6有節目餐飲業7視聽視唱業8其他9臨時公演|,每月,政府資料開放授權條款-第1版,,2018/10/08 00:00,2018/10/08 17:27,
92330,103年09月娛樂稅稅源表,屏東縣政府財稅局,投資理財,103年09月娛樂稅稅源表,|電影0歌廳1撞球場2保齡球館3高爾夫球場4舞廳舞場5電子遊戲機6有節目餐飲業7視聽視唱業8其他9臨時公演|,每月,政府資料開放授權條款-第1版,,2018/10/08 00:00,2018/10/08 17:28,
92331,103年10月娛樂稅稅源表,屏東縣政府財稅局,投資理財,103年10月娛樂稅稅源表,|電影0歌廳1撞球場2保齡球館3高爾夫球場4舞廳舞場5電子遊戲機6有節目餐飲業7視聽視唱業8其他9臨時公演|,每月,政府資料開放授權條款-第1版,,2018/10/08 00:00,2018/10/08 17:28,
92332,103年11月娛樂稅稅源表,屏東縣政府財稅局,投資理財,103年11月娛樂稅稅源表,|電影0歌廳1撞球場2保齡球館3高爾夫球場4舞廳舞場5電子遊戲機6有節目餐飲業7視聽視唱業8其他9臨時公演|,每月,政府資料開放授權條款-第1版,,2018/10/08 00:00,2018/10/08 17:28,
92333,103年12月娛樂稅稅源表,屏東縣政府財稅局,投資理財,103年12月娛樂稅稅源表,|電影0歌廳1撞球場2保齡球館3高爾夫球場4舞廳舞場5電子遊戲機6有節目餐飲業7視聽視唱業8其他9臨時公演|,每月,政府資料開放授權條款-第1版,,2018/10/08 00:00,2018/10/08 17:29,
92334,屏東縣各公所地價稅查定數,屏東縣政府財稅局,公共資訊,屏東縣33公所103年至107年地價稅開徵查定件數及查定稅額,|地價稅鄉鎮市查定件數查定稅額|,每日,政府資料開放授權條款-第1版,,2018/10/08 00:00,2018/10/08 17:29,
92335,房屋稅籍統計表,屏東縣政府財稅局,公共資訊,房屋稅籍統計表,類別-構造;戶數;面積;現值,每日,政府資料開放授權條款-第1版,,2018/10/08 00:00,2018/10/08 17:29,
92336,房屋稅最近5年查定統計表,戶數,公共資訊,房屋稅最近5年查定統計表,|年度別,面積,現值,稅額|,,免費,劉淑娟 女士
92337,104年01月娛樂稅稅源表,屏東縣政府財稅局,投資理財,104年01月娛樂稅稅源表,|電影0歌廳1撞球場2保齡球館3高爾夫球場4舞廳舞場5電子遊戲機6有節目餐飲業7視聽視唱業8其他9臨時公演|,每月,政府資料開放授權條款-第1版,,2018/10/08 00:00,2018/10/08 17:30,
92338,104年02月娛樂稅稅源表,屏東縣政府財稅局,投資理財,104年02月娛樂稅稅源表,|電影0歌廳1撞球場2保齡球館3高爾夫球場4舞廳舞場5電子遊戲機6有節目餐飲業7視聽視唱業8其他9臨時公演|,每月,政府資料開放授權條款-第1版,,2018/10/08 00:00,2018/10/08 17:31,
92339,104年03月娛樂稅稅源表,屏東縣政府財稅局,投資理財,104年03月娛樂稅稅源表,|電影0歌廳1撞球場2保齡球館3高爾夫球場4舞廳舞場5電子遊戲機6有節目餐飲業7視聽視唱業8其他9臨時公演|,每日,政府資料開放授權條款-第1版,,2018/10/08 00:00,2018/10/08 17:31,
92353,104年04月娛樂稅稅源表,屏東縣政府財稅局,投資理財,104年04月娛樂稅稅源表,|電影0歌廳1撞球場2保齡球館3高爾夫球場4舞廳舞場5電子遊戲機6有節目餐飲業7視聽視唱業8其他9臨時公演|,每月,政府資料開放授權條款-第1版,,2018/10/09 00:00,2018/10/09 10:55,
92354,104年05月娛樂稅稅源表,屏東縣政府財稅局,投資理財,104年05月娛樂稅稅源表,|電影0歌廳1撞球場2保齡球館3高爾夫球場4舞廳舞場5電子遊戲機6有節目餐飲業7視聽視唱業8其他9臨時公演|,每月,政府資料開放授權條款-第1版,,2018/10/09 00:00,2018/10/09 10:55,
92355,104年06月娛樂稅稅源表,屏東縣政府財稅局,投資理財,104年06月娛樂稅稅源表,|電影0歌廳1撞球場2保齡球館3高爾夫球場4舞廳舞場5電子遊戲機6有節目餐飲業7視聽視唱業8其他9臨時公演|,每月,政府資料開放授權條款-第1版,,2018/10/09 00:00,2018/10/09 10:56,
92356,104年07月娛樂稅稅源表,屏東縣政府財稅局,投資理財,104年07月娛樂稅稅源表,|電影0歌廳1撞球場2保齡球館3高爾夫球場4舞廳舞場5電子遊戲機6有節目餐飲業7視聽視唱業8其他9臨時公演|,每月,政府資料開放授權條款-第1版,,2018/10/09 00:00,2018/10/09 10:56,
92357,104年08月娛樂稅稅源表,屏東縣政府財稅局,投資理財,104年08月娛樂稅稅源表,|電影0歌廳1撞球場2保齡球館3高爾夫球場4舞廳舞場5電子遊戲機6有節目餐飲業7視聽視唱業8其他9臨時公演|,每月,政府資料開放授權條款-第1版,,2018/10/09 00:00,2018/10/12 17:13,
92359,104年09月娛樂稅稅源表,屏東縣政府財稅局,投資理財,104年09月娛樂稅稅源表,|電影0歌廳1撞球場2保齡球館3高爾夫球場4舞廳舞場5電子遊戲機6有節目餐飲業7視聽視唱業8其他9臨時公演|,每月,政府資料開放授權條款-第1版,,2018/10/09 00:00,2018/10/12 17:13,
92360,104年10月娛樂稅稅源表,屏東縣政府財稅局,投資理財,104年10月娛樂稅稅源表,|電影0歌廳1撞球場2保齡球館3高爾夫球場4舞廳舞場5電子遊戲機6有節目餐飲業7視聽視唱業8其他9臨時公演|,每月,政府資料開放授權條款-第1版,,2018/10/09 00:00,2018/10/12 17:14,
92361,104年11月娛樂稅稅源表,屏東縣政府財稅局,投資理財,104年11月娛樂稅稅源表,|電影0歌廳1撞球場2保齡球館3高爾夫球場4舞廳舞場5電子遊戲機6有節目餐飲業7視聽視唱業8其他9臨時公演|,每月,政府資料開放授權條款-第1版,,2018/10/09 00:00,2018/10/12 17:14,
92362,104年12月娛樂稅稅源表,屏東縣政府財稅局,投資理財,104年12月娛樂稅稅源表,|電影0歌廳1撞球場2保齡球館3高爾夫球場4舞廳舞場5電子遊戲機6有節目餐飲業7視聽視唱業8其他9臨時公演|,每月,政府資料開放授權條款-第1版,,2018/10/09 00:00,2018/10/12 17:15,
92504,印花稅104年第3季徵收季報表,屏東縣政府財稅局,投資理財,印花稅104年第3季徵收季報表,|彙總自繳稅額大額繳納|,每日,政府資料開放授權條款-第1版,,2018/10/08 00:00,2018/10/12 17:13,
92505,105年01月娛樂稅稅源表,屏東縣政府財稅局,投資理財,105年01月娛樂稅稅源表,|電影0歌廳1撞球場2保齡球館3高爾夫球場4舞廳舞場5電子遊戲機6有節目餐飲業7視聽視唱業8其他9臨時公演|,每月,政府資料開放授權條款-第1版,,2018/10/09 00:00,2018/10/12 17:16,
92506,身心障礙免稅車輛數稅額統計表-每戶一輛(截至107年9月30日),屏東縣政府財稅局,公共資訊,身心障礙免稅車輛數稅額統計表-每戶一輛(截至107年9月30日),汽缸總排氣量;自用輛數 ;營業輛數 ;自用稅額;營業稅額,每日,政府資料開放授權條款-第1版,,2018/10/09 00:00,2018/10/12 17:17,
92507,105年02月娛樂稅稅源表,屏東縣政府財稅局,投資理財,105年02月娛樂稅稅源表,|電影0歌廳1撞球場2保齡球館3高爾夫球場4舞廳舞場5電子遊戲機6有節目餐飲業7視聽視唱業8其他9臨時公演|,每月,政府資料開放授權條款-第1版,,2018/10/09 00:00,2018/10/12 17:17,
92508,105年03月娛樂稅稅源表,屏東縣政府財稅局,投資理財,105年03月娛樂稅稅源表,|電影0歌廳1撞球場2保齡球館3高爾夫球場4舞廳舞場5電子遊戲機6有節目餐飲業7視聽視唱業8其他9臨時公演|,每月,政府資料開放授權條款-第1版,,2018/10/09 00:00,2018/10/12 17:18,
92509,105年04月娛樂稅稅源表,屏東縣政府財稅局,投資理財,105年04月娛樂稅稅源表,|電影0歌廳1撞球場2保齡球館3高爾夫球場4舞廳舞場5電子遊戲機6有節目餐飲業7視聽視唱業8其他9臨時公演|,每日,政府資料開放授權條款-第1版,,2018/10/09 00:00,2018/10/12 17:18,
92510,105年05月娛樂稅稅源表,屏東縣政府財稅局,投資理財,105年05月娛樂稅稅源表,|電影0歌廳1撞球場2保齡球館3高爾夫球場4舞廳舞場5電子遊戲機6有節目餐飲業7視聽視唱業8其他9臨時公演|,每日,政府資料開放授權條款-第1版,,2018/10/09 00:00,2018/10/12 17:19,
92511,105年06月娛樂稅稅源表,屏東縣政府財稅局,投資理財,105年06月娛樂稅稅源表,|電影0歌廳1撞球場2保齡球館3高爾夫球場4舞廳舞場5電子遊戲機6有節目餐飲業7視聽視唱業8其他9臨時公演|,每月,政府資料開放授權條款-第1版,,2018/10/09 00:00,2018/10/12 17:20,
92512,105年07月娛樂稅稅源表	,屏東縣政府財稅局,投資理財,105年07月娛樂稅稅源表,|電影0歌廳1撞球場2保齡球館3高爾夫球場4舞廳舞場5電子遊戲機6有節目餐飲業7視聽視唱業8其他9臨時公演|,每月,政府資料開放授權條款-第1版,,2018/10/09 00:00,2018/10/12 17:20,
92513,105年08月娛樂稅稅源表,屏東縣政府財稅局,投資理財,105年08月娛樂稅稅源表,|電影0歌廳1撞球場2保齡球館3高爾夫球場4舞廳舞場5電子遊戲機6有節目餐飲業7視聽視唱業8其他9臨時公演|,每月,政府資料開放授權條款-第1版,,2018/10/09 00:00,2018/10/12 17:22,
92514,105年09月娛樂稅稅源表,屏東縣政府財稅局,投資理財,105年09月娛樂稅稅源表,|電影0歌廳1撞球場2保齡球館3高爾夫球場4舞廳舞場5電子遊戲機6有節目餐飲業7視聽視唱業8其他9臨時公演|,每月,政府資料開放授權條款-第1版,,2018/10/09 00:00,2018/10/12 17:22,
92515,105年10月娛樂稅稅源表,屏東縣政府財稅局,投資理財,105年10月娛樂稅稅源表,|電影0歌廳1撞球場2保齡球館3高爾夫球場4舞廳舞場5電子遊戲機6有節目餐飲業7視聽視唱業8其他9臨時公演|,每日,政府資料開放授權條款-第1版,,2018/10/09 00:00,2018/10/12 17:23,
92516,105年使用牌照稅稅源統計表,屏東縣政府財稅局,公共資訊,105年使用牌照稅稅源統計表,汽缸總排氣量;車輛類別;免稅輛數;應稅輛數;稅額,每日,政府資料開放授權條款-第1版,,2018/10/09 00:00,2018/10/12 17:23,
92517,105年11月娛樂稅稅源表,屏東縣政府財稅局,投資理財,105年11月娛樂稅稅源表,|電影0歌廳1撞球場2保齡球館3高爾夫球場4舞廳舞場5電子遊戲機6有節目餐飲業7視聽視唱業8其他9臨時公演|,每日,政府資料開放授權條款-第1版,,2018/10/09 00:00,2018/10/12 17:24,
92518,105年12月娛樂稅稅源表,屏東縣政府財稅局,投資理財,105年12月娛樂稅稅源表,|電影0歌廳1撞球場2保齡球館3高爾夫球場4舞廳舞場5電子遊戲機6有節目餐飲業7視聽視唱業8其他9臨時公演|,每月,政府資料開放授權條款-第1版,,2018/10/09 00:00,2018/10/12 17:24,
92519,106年01月娛樂稅稅源表,屏東縣政府財稅局,投資理財,106年01月娛樂稅稅源表,|電影0歌廳1撞球場2保齡球館3高爾夫球場4舞廳舞場5電子遊戲機6有節目餐飲業7視聽視唱業8其他9臨時公演|,每月,政府資料開放授權條款-第1版,,2018/10/09 00:00,2018/10/12 17:25,
92520,106年02月娛樂稅稅源表,屏東縣政府財稅局,投資理財,106年02月娛樂稅稅源表,|電影0歌廳1撞球場2保齡球館3高爾夫球場4舞廳舞場5電子遊戲機6有節目餐飲業7視聽視唱業8其他9臨時公演|,每月,政府資料開放授權條款-第1版,,2018/10/09 00:00,2018/10/12 17:27,
92521,106年03月娛樂稅稅源表,屏東縣政府財稅局,投資理財,106年03月娛樂稅稅源表,|電影0歌廳1撞球場2保齡球館3高爾夫球場4舞廳舞場5電子遊戲機6有節目餐飲業7視聽視唱業8其他9臨時公演|,每月,政府資料開放授權條款-第1版,,2018/10/09 00:00,2018/10/12 17:27,
92522,106年04月娛樂稅稅源表,屏東縣政府財稅局,投資理財,106年04月娛樂稅稅源表,|電影0歌廳1撞球場2保齡球館3高爾夫球場4舞廳舞場5電子遊戲機6有節目餐飲業7視聽視唱業8其他9臨時公演|,每月,政府資料開放授權條款-第1版,,2018/10/09 00:00,2018/10/12 17:27,
92523,106年05月娛樂稅稅源表,屏東縣政府財稅局,投資理財,106年05月娛樂稅稅源表,|電影0歌廳1撞球場2保齡球館3高爾夫球場4舞廳舞場5電子遊戲機6有節目餐飲業7視聽視唱業8其他9臨時公演|,每月,政府資料開放授權條款-第1版,,2018/10/09 00:00,2018/10/12 17:28,
92524,106年06月娛樂稅稅源表,屏東縣政府財稅局,投資理財,106年06月娛樂稅稅源表,|電影0歌廳1撞球場2保齡球館3高爾夫球場4舞廳舞場5電子遊戲機6有節目餐飲業7視聽視唱業8其他9臨時公演|,每月,政府資料開放授權條款-第1版,,2018/10/09 00:00,2018/10/12 17:29,
92525,106年07月娛樂稅稅源表,屏東縣政府財稅局,投資理財,106年07月娛樂稅稅源表,|電影0歌廳1撞球場2保齡球館3高爾夫球場4舞廳舞場5電子遊戲機6有節目餐飲業7視聽視唱業8其他9臨時公演|,每月,政府資料開放授權條款-第1版,,2018/10/09 00:00,2018/10/12 17:29,
92526,106年08月娛樂稅稅源表,屏東縣政府財稅局,投資理財,106年08月娛樂稅稅源表,|電影0歌廳1撞球場2保齡球館3高爾夫球場4舞廳舞場5電子遊戲機6有節目餐飲業7視聽視唱業8其他9臨時公演|,每月,政府資料開放授權條款-第1版,,2018/10/09 00:00,2018/10/12 17:29,
92527,106年09月娛樂稅稅源表,屏東縣政府財稅局,投資理財,106年09月娛樂稅稅源表,|電影0歌廳1撞球場2保齡球館3高爾夫球場4舞廳舞場5電子遊戲機6有節目餐飲業7視聽視唱業8其他9臨時公演|,每月,政府資料開放授權條款-第1版,,2018/10/09 00:00,2018/10/14 11:08,
92528,106年10月娛樂稅稅源表,屏東縣政府財稅局,投資理財,106年10月娛樂稅稅源表,|電影0歌廳1撞球場2保齡球館3高爾夫球場4舞廳舞場5電子遊戲機6有節目餐飲業7視聽視唱業8其他9臨時公演|,每月,政府資料開放授權條款-第1版,,2018/10/09 00:00,2018/10/12 17:32,
92529,106年11月娛樂稅稅源表,屏東縣政府財稅局,投資理財,106年11月娛樂稅稅源表,|電影0歌廳1撞球場保齡球館3高爾夫球場4舞廳舞場5電子遊戲機6有節目餐飲業7視聽視唱業8其他9臨時公演|,每月,政府資料開放授權條款-第1版,,2018/10/09 00:00,2018/10/12 17:33,
92530,106年12月娛樂稅稅源表,屏東縣政府財稅局,投資理財,106年12月娛樂稅稅源表,|電影0歌廳1撞球場2保齡球館3高爾夫球場4舞廳舞場5電子遊戲機6有節目餐飲業7視聽視唱業8其他9臨時公演|,每月,政府資料開放授權條款-第1版,,2018/10/09 00:00,2018/10/12 17:34,
92531,107年01月娛樂稅稅源表,屏東縣政府財稅局,投資理財,107年01月娛樂稅稅源表,|電影0歌廳1撞球場2保齡球館3高爾夫球場4舞廳舞場5電子遊戲機6有節目餐飲業7視聽視唱業8其他9臨時公演|,每月,政府資料開放授權條款-第1版,,2018/10/09 00:00,2018/10/12 17:35,
92532,107年02月娛樂稅稅源表,屏東縣政府財稅局,投資理財,107年02月娛樂稅稅源表,|電影0歌廳1撞球場2保齡球館3高爾夫球場4舞廳舞場5電子遊戲機6有節目餐飲業7視聽視唱業8其他9臨時公演|,每月,政府資料開放授權條款-第1版,,2018/10/09 00:00,2018/10/12 17:37,
92533,107年03月娛樂稅稅源表,屏東縣政府財稅局,投資理財,107年03月娛樂稅稅源表,|電影0歌廳1撞球場2保齡球館3高爾夫球場4舞廳舞場5電子遊戲機6有節目餐飲業7視聽視唱業8其他9臨時公演|,每月,政府資料開放授權條款-第1版,,2018/10/09 00:00,2018/10/12 17:38,
92534,107年04月娛樂稅稅源表,屏東縣政府財稅局,投資理財,107年04月娛樂稅稅源表,|電影0歌廳1撞球場2保齡球館3高爾夫球場4舞廳舞場5電子遊戲機6有節目餐飲業7視聽視唱業8其他9臨時公演|,每月,政府資料開放授權條款-第1版,,2018/10/09 00:00,2018/10/12 17:39,
92535,107年05月娛樂稅稅源表,屏東縣政府財稅局,投資理財,107年05月娛樂稅稅源表,|電影0歌廳1撞球場2保齡球館高爾夫球場4舞廳舞場5電子遊戲機6有節目餐飲業7視聽視唱業8其他9臨時公演|,每日,政府資料開放授權條款-第1版,,2018/10/09 00:00,2018/10/12 17:40,
92536,107年06月娛樂稅稅源表,屏東縣政府財稅局,投資理財,107年06月娛樂稅稅源表,|電影0歌廳1撞球場2保齡球館3高爾夫球場4舞廳舞場5電子遊戲機6有節目餐飲業7視聽視唱業8其他9臨時公演|,每日,政府資料開放授權條款-第1版,,2018/10/09 00:00,2018/10/12 17:42,
92537,107年07月娛樂稅稅源表,屏東縣政府財稅局,投資理財,107年07月娛樂稅稅源表,|電影0歌廳1撞球場2保齡球館3高爾夫球場4舞廳舞場5電子遊戲機6有節目餐飲業7視聽視唱業8其他9臨時公演|,每月,政府資料開放授權條款-第1版,,2018/10/09 00:00,2018/10/12 17:42,
92538,107年08月娛樂稅稅源表,屏東縣政府財稅局,投資理財,107年08月娛樂稅稅源表,|電影0歌廳1撞球場2保齡球館3高爾夫球場4舞廳舞場5電子遊戲機6有節目餐飲業7視聽視唱業8其他9臨時公演|,每月,政府資料開放授權條款-第1版,,2018/10/09 00:00,2018/10/12 17:43,
92539,102年度屏東縣土地增值稅稅源統計表,屏東縣政府財稅局,生育保健,102年度屏東縣土地增值稅稅源統計表,屏東縣;土地增值稅;面積;筆數;應納稅額,每日,政府資料開放授權條款-第1版,,2018/10/09 00:00,2018/10/12 17:44,
92540,103年度屏東縣土地增值稅稅源統計表,屏東縣政府財稅局,生育保健,103年度屏東縣土地增值稅稅源統計表,屏東縣;土地增值稅;面積;筆數;應納稅額,每日,政府資料開放授權條款-第1版,,2018/10/09 00:00,2018/10/12 17:44,
92541,106年使用牌照稅稅源統計表,屏東縣政府財稅局,公共資訊,106年使用牌照稅稅源統計表,汽缸總排氣量;車輛類別;免稅輛數;應稅輛數;稅額,每年,政府資料開放授權條款-第1版,,2018/10/11 00:00,2018/10/12 17:45,
92542,105年使用牌照稅稽徵報表,屏東縣政府財稅局,公共資訊,105年使用牌照稅稽徵報表,機動車輛種類;各類應稅車輛合計;應稅車輛;臨時牌照車輛;試車牌照車輛;件數;稅額;免稅車輛件數,每年,政府資料開放授權條款-第1版,,2018/10/11 00:00,2018/10/12 17:45,
92543,106年使用牌照稅稽徵報表,屏東縣政府財稅局,公共資訊,106年使用牌照稅稽徵報表,機動車輛種類;各類應稅車輛合計;應稅車輛;臨時牌照車輛;試車牌照車輛;件數;稅額;免稅車輛件數,每年,政府資料開放授權條款-第1版,,2018/10/11 00:00,2018/10/12 17:46,
92544,身心障礙免稅車輛數稅額統計表-每人一輛(截至107年9月30日),屏東縣政府財稅局,公共資訊,身心障礙免稅車輛數稅額統計表-每人一輛(截至107年9月30日),汽缸總排氣量;自用輛數;營業輛數;自用稅額;營業稅額,每日,政府資料開放授權條款-第1版,,2018/10/11 00:00,2018/10/12 17:47,
92545,各類免稅車輛統計表(截止107年9月30日),屏東縣政府財稅局,公共資訊,各類免稅車輛統計表(截止107年9月30日),免稅項目;輛數;金額,每日,政府資料開放授權條款-第1版,,2018/10/11 00:00,2018/10/12 17:47,
92546,102年使用牌照稅稅源統計表,屏東縣政府財稅局,公共資訊,102年使用牌照稅稅源統計表,汽缸總排氣量;車輛類別;免稅輛數;應稅輛數;稅額,每年,政府資料開放授權條款-第1版,,2018/10/12 00:00,2018/10/12 17:47,
92547,103年使用牌照稅稅源統計表,屏東縣政府財稅局,公共資訊,103年使用牌照稅稅源統計表,汽缸總排氣量;車輛類別;免稅輛數;應稅輛數;稅額,每年,政府資料開放授權條款-第1版,,2018/10/12 00:00,2018/10/12 17:48,
92548,104年使用牌照稅稅源統計表,屏東縣政府財稅局,公共資訊,104年使用牌照稅稅源統計表,汽缸總排氣量;車輛類別;免稅輛數;應稅輛數;稅額,每年,政府資料開放授權條款-第1版,,2018/10/12 00:00,2018/10/12 17:49,
92549,107年09月份土石特別稅績徵表,屏東縣政府財稅局,投資理財,107年09月份土石特別稅績徵表,|查定數實徵數|,每日,政府資料開放授權條款-第1版,,2018/10/12 00:00,2018/10/12 17:49,
92550,107年08月份土石特別稅績徵,屏東縣政府財稅局,投資理財,107年08月份土石特別稅績徵表,|查定數實徵數|,每日,政府資料開放授權條款-第1版,,2018/10/12 00:00,2018/10/14 11:08,
92551,社會福利團體免稅車輛數及稅額統計表(截止107年9月30日),屏東縣政府財稅局,公共資訊,社會福利團體免稅車輛數及稅額統計表(截止107年9月30日),縣;機關;數;總車輛數;總稅額;備註,每日,政府資料開放授權條款-第1版,,2018/10/12 00:00,2018/10/12 17:50,
92552,屏東縣政府財稅局清理舊欠績效表,屏東縣政府財稅局,公共資訊,屏東縣政府財稅局清理舊欠績效表,未徵稅款轉結數;更正註銷數;逾徵收;期間數;行政救濟中未徵數;應清理數;徵起數;製發執行憑證數;清理數;未徵數;印花稅;使用牌照稅;田賦;地價稅;土地增值稅;非拍賣土地增值稅;拍賣房屋稅;娛樂稅;契稅;臨時稅;特別稅;本稅,每日,政府資料開放授權條款-第1版,,2018/10/12 00:00,2018/10/12 17:50,
92553,106年度屏東縣政府財稅局欠稅（含違章罰鍰）移送執行表,屏東縣政府財稅局,公共資訊,106年度屏東縣政府財稅局欠稅（含違章罰鍰）移送執行表,|件數;金額;本年度滯納案件移送執行;以前年度滯納案件移送執行;本年度違章罰鍰案件移送執行;以前年度違章罰鍰案件移送執行 |,每年,政府資料開放授權條款-第1版,,2018/10/12 00:00,2018/10/12 17:51,
92554,106年屏東縣政府財稅局防止新欠清理舊欠競賽成績,屏東縣政府財稅局,公共資訊,106年屏東縣政府財稅局防止新欠清理舊欠競賽成績,|機關別;宜蘭縣政府地方稅務局;新竹縣政府稅捐稽徵局;雲林縣稅務局;屏東縣政府財稅局;彰化縣地方稅務局;苗栗縣政府稅務局;新竹市稅務局;總分;名次|,每年,政府資料開放授權條款-第1版,,2018/10/12 00:00,2018/10/12 17:52,
92574,107年01月份土石特別稅績徵,屏東縣政府財稅局,投資理財,107年01月份土石特別稅績徵表,|查定數實徵數|,每日,政府資料開放授權條款-第1版,,2018/10/13 00:00,2018/10/14 11:08,
92575,107年02月份土石特別稅績徵表,屏東縣政府財稅局,投資理財,107年02月份土石特別稅績徵表,|查定數實徵數|,每日,政府資料開放授權條款-第1版,,2018/10/13 00:00,2018/10/14 11:09,
92576,107年03月份土石特別稅績徵表,屏東縣政府財稅局,投資理財,107年03月份土石特別稅績徵表,|查定數實徵數|,每日,政府資料開放授權條款-第1版,,2018/10/13 00:00,2018/10/14 11:09,
92577,107年04月份土石特別稅績徵表,屏東縣政府財稅局,投資理財,107年04月份土石特別稅績徵表,|查定數實徵數|,每日,政府資料開放授權條款-第1版,,2018/10/13 00:00,2018/10/14 11:10,
92578,107年05月份土石特別稅績徵表,屏東縣政府財稅局,投資理財,107年05月份土石特別稅績徵表,|查定數實徵數|,每日,政府資料開放授權條款-第1版,,2018/10/13 00:00,2018/10/14 11:10,
92579,107年06月份土石特別稅績徵表,屏東縣政府財稅局,投資理財,107年06月份土石特別稅績徵表,|查定數實徵數|,每日,政府資料開放授權條款-第1版,,2018/10/13 00:00,2018/10/14 11:10,
92580,107年07月份土石特別稅績徵表,屏東縣政府財稅局,投資理財,107年07月份土石特別稅績徵表,|查定數實徵數|,每日,政府資料開放授權條款-第1版,,2018/10/13 00:00,2018/10/14 11:11,
92581,106年01月份土石特別稅績徵表,屏東縣政府財稅局,投資理財,106年01月份土石特別稅績徵表,|查定數實徵數|,每日,政府資料開放授權條款-第1版,,2018/10/13 00:00,2018/10/14 11:11,
92582,106年02月份土石特別稅績徵表,屏東縣政府財稅局,投資理財,106年02月份土石特別稅績徵表,查定數 實徵數,每日,政府資料開放授權條款-第1版,,2018/10/13 00:00,2018/10/14 11:11,
92583,106年03月份土石特別稅績徵表,屏東縣政府財稅局,投資理財,106年03月份土石特別稅績徵表,|查定數實徵數|,每日,政府資料開放授權條款-第1版,,2018/10/13 00:00,2018/10/14 11:11,
92584,106年04月份土石特別稅績徵表,屏東縣政府財稅局,投資理財,106年04月份土石特別稅績徵表,查定數 實徵數,每日,政府資料開放授權條款-第1版,,2018/10/13 00:00,2018/10/14 11:12,
92585,106年05月份土石特別稅績徵表,屏東縣政府財稅局,投資理財,106年05月份土石特別稅績徵表,|查定數實徵數|,每日,政府資料開放授權條款-第1版,,2018/10/13 00:00,2018/10/14 11:12,
92586,106年06月份土石特別稅績徵表,屏東縣政府財稅局,投資理財,106年06月份土石特別稅績徵表,|查定數實徵數|,每日,政府資料開放授權條款-第1版,,2018/10/13 00:00,2018/10/14 11:13,
92587,106年07月份土石特別稅績徵表,屏東縣政府財稅局,投資理財,106年07月份土石特別稅績徵表,|查定數實徵數|,每日,政府資料開放授權條款-第1版,,2018/10/13 00:00,2018/10/14 11:13,
92588,106年08月份土石特別稅績徵表,屏東縣政府財稅局,投資理財,106年08月份土石特別稅績徵表,|查定數實徵數|,每日,政府資料開放授權條款-第1版,,2018/10/13 00:00,2018/10/14 11:13,
92589,106年09月份土石特別稅績徵表,屏東縣政府財稅局,投資理財,106年09月份土石特別稅績徵表,|查定數實徵數|,每日,政府資料開放授權條款-第1版,,2018/10/13 00:00,2018/10/14 11:13,
92590,106年10月份土石特別稅績徵表,屏東縣政府財稅局,投資理財,106年10月份土石特別稅績徵表,|查定數實徵數|,每日,政府資料開放授權條款-第1版,,2018/10/13 00:00,2018/10/14 11:14,
92591,105年01月份土石特別稅績徵表,屏東縣政府財稅局,投資理財,105年01月份土石特別稅績徵表,|查定數實徵數|,每日,政府資料開放授權條款-第1版,,2018/10/13 00:00,2018/10/14 11:14,
92592,105年02月份土石特別稅績徵表,屏東縣政府財稅局,投資理財,105年02月份土石特別稅績徵表,|查定數 實徵數|,每日,政府資料開放授權條款-第1版,,2018/10/13 00:00,2018/10/14 11:15,
92593,105年03月份土石特別稅績徵表,屏東縣政府財稅局,投資理財,105年03月份土石特別稅績徵表,|查定數實徵數|,每日,政府資料開放授權條款-第1版,,2018/10/13 00:00,2018/10/14 11:15,
92594,105年04月份土石特別稅績徵表,屏東縣政府財稅局,投資理財,105年04月份土石特別稅績徵表,|查定數實徵數|,每日,政府資料開放授權條款-第1版,,2018/10/13 00:00,2018/10/14 11:16,
92595,105年05月份土石特別稅績徵表,屏東縣政府財稅局,投資理財,105年05月份土石特別稅績徵表,|查定數實徵數|,每日,政府資料開放授權條款-第1版,,2018/10/13 00:00,2018/10/14 11:16,
92596,105年06月份土石特別稅績徵表,屏東縣政府財稅局,生育保健,105年06月份土石特別稅績徵表,|查定數實徵數|,每日,政府資料開放授權條款-第1版,,2018/10/13 00:00,2018/10/14 11:16,
92597,105年07月份土石特別稅績徵表,屏東縣政府財稅局,投資理財,105年07月份土石特別稅績徵表,|查定數實徵數|,每日,政府資料開放授權條款-第1版,,2018/10/13 00:00,2018/10/14 11:17,
92598,105年08月份土石特別稅績徵表,屏東縣政府財稅局,投資理財,105年08月份土石特別稅績徵表,|查定數實徵數|,每日,政府資料開放授權條款-第1版,,2018/10/13 00:00,2018/10/14 11:17,
92599,105年09月份土石特別稅績徵表,屏東縣政府財稅局,投資理財,105年09月份土石特別稅績徵表,|查定數實徵數|,每日,政府資料開放授權條款-第1版,,2018/10/13 00:00,2018/10/14 11:17,
92600,105年10月份土石特別稅績徵表,屏東縣政府財稅局,投資理財,105年10月份土石特別稅績徵表,|查定數實徵數|,每日,政府資料開放授權條款-第1版,,2018/10/13 00:00,2018/10/14 11:18,
92601,105年11月份土石特別稅績徵表,屏東縣政府財稅局,投資理財,105年11月份土石特別稅績徵表,|查定數實徵數|,每日,政府資料開放授權條款-第1版,,2018/10/13 00:00,2018/10/14 11:18,
92602,105年12月份土石特別稅績徵表,屏東縣政府財稅局,投資理財,105年12月份土石特別稅績徵表,|查定數實徵數|,每日,政府資料開放授權條款-第1版,,2018/10/13 00:00,2018/10/14 11:19,
92603,104年01月份土石特別稅績徵表,屏東縣政府財稅局,投資理財,104年01月份土石特別稅績徵表,|查定數實徵數|,每日,政府資料開放授權條款-第1版,,2018/10/13 00:00,2018/10/14 11:19,
92604,104年02月份土石特別稅績徵表,屏東縣政府財稅局,投資理財,104年02月份土石特別稅績徵表,|查定數實徵數|,每日,政府資料開放授權條款-第1版,,2018/10/13 00:00,2018/10/14 11:19,
92605,104年03月份土石特別稅績徵表,屏東縣政府財稅局,投資理財,104年03月份土石特別稅績徵表,|查定數實徵數|,每日,政府資料開放授權條款-第1版,,2018/10/13 00:00,2018/10/14 11:19,
92606,104年04月份土石特別稅績徵表,屏東縣政府財稅局,投資理財,104年04月份土石特別稅績徵表,|查定數實徵數|,每日,政府資料開放授權條款-第1版,,2018/10/13 00:00,2018/10/14 11:20,
92607,104年05月份土石特別稅績徵表,屏東縣政府財稅局,投資理財,104年05月份土石特別稅績徵表,|查定數實徵數|,每日,政府資料開放授權條款-第1版,,2018/10/13 00:00,2018/10/14 11:20,
92608,104年06月份土石特別稅績徵表,屏東縣政府財稅局,投資理財,104年06月份土石特別稅績徵表,|查定數實徵數|,每日,政府資料開放授權條款-第1版,,2018/10/13 00:00,2018/10/14 11:21,
92609,104年07月份土石特別稅績徵表,屏東縣政府財稅局,投資理財,104年07月份土石特別稅績徵表,|查定數實徵數|,每日,政府資料開放授權條款-第1版,,2018/10/13 00:00,2018/10/14 11:21,
92610,104年08月份土石特別稅績徵表,屏東縣政府財稅局,投資理財,104年08月份土石特別稅績徵表,|查定數實徵數|,每日,政府資料開放授權條款-第1版,,2018/10/13 00:00,2018/10/14 11:21,
92611,104年09月份土石特別稅績徵表,屏東縣政府財稅局,投資理財,104年09月份土石特別稅績徵表,|查定數實徵數|,每日,政府資料開放授權條款-第1版,,2018/10/13 00:00,2018/10/14 11:21,
92612,104年10月份土石特別稅績徵表,屏東縣政府財稅局,投資理財,104年10月份土石特別稅績徵表,|查定數實徵數|,每日,政府資料開放授權條款-第1版,,2018/10/13 00:00,2018/10/14 11:22,
92613,104年11月份土石特別稅績徵表,屏東縣政府財稅局,投資理財,104年11月份土石特別稅績徵表,|查定數實徵數|,每日,政府資料開放授權條款-第1版,,2018/10/13 00:00,2018/10/14 11:23,
92614,104年12月份土石特別稅績徵表,屏東縣政府財稅局,投資理財,104年12月份土石特別稅績徵表,|查定數實徵數|,每日,政府資料開放授權條款-第1版,,2018/10/13 00:00,2018/10/14 11:23,
92488,108年度新北市總預算案歲入歲出簡明比較分析表,新北市政府主計處,公共資訊,"1.108年度新北市總預算案歲入歲出簡明比較分析表 2.單位：新臺幣千元 3.完整資料詳參""新北市政府主計處網頁->總預算->108年度預算案""(http://www.bas.ntpc.gov.tw/download/?mode=edit&type_id=10932)或電洽主計處查詢。",field1;field2;field3;field4;field5;field6;field7;field8;field9,每年,政府資料開放授權條款-第1版,,2018/10/12 10:13,2018/10/12 10:13,
92491,108年度新北市總預算案歲入歲出性質及餘絀簡明比較分析表,新北市政府主計處,公共資訊,"1.108年度新北市總預算案歲入歲出性質及餘絀簡明比較分析表 2.單位：新臺幣千元 3.完整資料詳參""新北市政府主計處網頁->總預算->108年度預算案""(http://www.bas.ntpc.gov.tw/download/?mode=edit&type_id=10932)或電洽主計處查詢。",field1;field2;field3;field4;field5;field6;field7;field8;field9,每年,政府資料開放授權條款-第1版,,2018/10/12 10:00,2018/10/12 10:36,
92408,新竹市地方型SBIR獲補助名單,新竹市政府,公共資訊,新竹市地方產業創新研發推動計畫(地方型SBIR)獲補助名單,包含本年度獲補助廠商（公司/行號）名稱;創新計畫名稱;獲補助金額,每日,政府資料開放授權條款-第1版,,2018/09/28 00:00,2018/10/11 11:56,新竹市地方產業創新研發推動計畫(地方型SBIR)獲補助名單
92409,新竹市中小企業及個人便利貸款,新竹市政府,公共資訊,新竹市中小企業及個人便利貸款核貸名單,含獲核貸之中小企業名稱及核貸金額,每日,政府資料開放授權條款-第1版,,2018/09/28 00:00,2018/10/11 11:56,新竹市中小企業及個人便利貸款核貸名單
92410,新竹市超級市場名冊,新竹市政府,公共資訊,提供本市超級市場名冊查詢,超級市場業,每日,政府資料開放授權條款-第1版,,2018/09/28 00:00,2018/10/11 11:57,提供本市超級市場名冊查詢
92411,新竹市列管電子遊戲場業名冊,新竹市政府,公共資訊,提供本市列管電子遊戲場業名冊查詢,電子遊戲場業,每日,政府資料開放授權條款-第1版,,2018/09/28 00:00,2018/10/11 11:57,提供本市列管電子遊戲場業名冊查詢
92412,新竹市列管視聽歌唱業等八種行業名冊,新竹市政府,公共資訊,提供本市列管視聽歌唱業等八種行業名冊查詢,視聽歌唱業等八種行業,每日,政府資料開放授權條款-第1版,,2018/09/28 00:00,2018/10/11 11:57,提供本市列管視聽歌唱業等八種行業名冊查詢
92413,新竹市政風檢舉管道,新竹市政府,公共資訊,新竹市政風檢舉管道,本府廉政熱線檢舉管道,每日,政府資料開放授權條款-第1版,,2018/09/26 00:00,2018/10/11 11:58,新竹市政風檢舉管道
92414,新竹市政府已簽約促參案件表,新竹市政府,公共資訊,新竹市政府已簽約促參案件相關資料,案件名稱;簽約日期; 民間機構;契約開始日期;契約結束日期;財政部核定效益,每日,政府資料開放授權條款-第1版,,2018/09/26 00:00,2018/10/11 16:02,新竹市政府已簽約促參案件相關資料
92415,新竹市政府歲入預算結構表,新竹市政府,公共資訊,新竹市政府歲入預算相關資料,科目;107年度預算金額;107年度預算百分比,每年,政府資料開放授權條款-第1版,,2018/09/26 00:00,2018/10/11 16:02,新竹市政府歲入預算相關資料
92416,新竹市政府財政處經管市有閒置房地公開標租清冊,新竹市政府,公共資訊,新竹市政府財政處經管市有閒置房地公開標租清冊,土地標示;房屋標示;標租底價,每日,政府資料開放授權條款-第1版,,2018/10/04 00:00,2018/10/11 12:03,新竹市政府財政處經管市有閒置房地公開標租清冊
92417,新竹市藝文補助案,新竹市政府,公共資訊,為推廣城市藝文，協助並鼓勵本市各藝文團體、學校、社區(以下稱演出者)辦理藝文活動，提升新竹市藝術人文風氣，豐富市民藝文生活，營造幸福城市意象，辦理本計畫。,為推廣城市藝文，協助並鼓勵本市各藝文團體;學校;社區;辦理藝文活動，提升新竹市藝術人文風氣，豐富市民藝文生活，營造幸福城市意象，辦理本計畫。,每年,政府資料開放授權條款-第1版,,2018/09/13 00:00,2018/10/11 12:05,為推廣城市藝文，協助並鼓勵本市各藝文團體、學校、社區(以下稱演出者)辦理藝文活動，提升新竹市藝術人文風氣，豐富市民藝文生活，營造幸福城市意象，辦理本計畫。
92418,新竹市演藝廳場地使用時段及收費標準,新竹市政府,公共資訊,場地別、座位容量、租用時段、租用時間、基本場地費、空調燈光費、清潔費、設號輸送費、一般錄影費、錄音費、鋼琴租用費貝森朵夫、鋼琴租用費史坦威、塑膠地板、合唱台、樂隊台、展板出租費、外拉電源費、保證金、輔助時段費,場地別;座位容量;租用時段;租用時間;基本場地費;空調燈光費;清潔費;設號輸送費;一般錄影費;錄音費;鋼琴租用費貝森朵夫;鋼琴租用費史坦威;塑膠地板;合唱台;樂隊台;展板出租費;外拉電源費;保證金;輔助時段費,每日,政府資料開放授權條款-第1版,,2018/09/17 00:00,2018/10/11 12:05,場地別、座位容量、租用時段、租用時間、基本場地費、空調燈光費、清潔費、設號輸送費、一般錄影費、錄音費、鋼琴租用費貝森朵夫、鋼琴租用費史坦威、塑膠地板、合唱台、樂隊台、展板出租費、外拉電源費、保證金、輔助時段費
92419,新竹市環境教育設施場所,新竹市政府,公共資訊,本市已通過環保署認證之環境教育設施場所,新竹市環境教育設施場所;地址;電話,每日,政府資料開放授權條款-第1版,,2018/10/03 00:00,2018/10/11 12:07,本市已通過環保署認證之環境教育設施場所
92420,新竹市自來水供水系統直接供水點（民眾端）監測數據,新竹市政府,公共資訊,序號、稽查日期、稽查結果、檢驗地點、供水系統、檢驗結果-細菌項目、檢驗結果-一般項目、檢驗結果-重金屬一、依據107年新竹市飲用水管理稽查管制計畫辦理重金屬檢測，1採樣點每年檢測1次。二、飲用水水質標準：大腸桿菌群(MPN、CFU/100mL)：6、總菌落數(CFU/mL)：100、自由有效餘氯(mg/L)：0.2~1.0、氫離子濃度指數(PH值)：6~8.5、鉛(mg/L)：0.01、銅(mg/L)：1.0、鋅(mg/L)：5.0,序號;稽查日期;稽查結果;檢驗地點;供水系統;檢驗結果-細菌項目;檢驗結果-一般項目;檢驗結果-重金屬一;依據107年新竹市飲用水管理稽查管制計畫辦理重金屬檢測，1採樣點每年檢測1次。二;飲用水水質標準：大腸桿菌群;：6;總菌落數;：100;自由有效餘氯;：0.2~1.0;氫離子濃度指數;：6~8.5;鉛;：0.01;銅;：1.0;鋅;：5.0,每日,政府資料開放授權條款-第1版,,2018/10/08 00:00,2018/10/11 12:07,序號、稽查日期、稽查結果、檢驗地點、供水系統、檢驗結果-細菌項目、檢驗結果-一般項目、檢驗結果-重金屬一、依據107年新竹市飲用水管理稽查管制計畫辦理重金屬檢測，1採樣點每年檢測1次。二、飲用水水質標準：大腸桿菌群(MPN、CFU/100mL)：6、總菌落數(CFU/mL)：100、自由有效餘氯(mg/L)：0.2~1.0、氫離子濃度指數(PH值)：6~8.5、鉛(mg/L)：0.01、銅(mg/L)：1.0、鋅(mg/L)：5.0
92421,原水檢測資料,新竹市政府,公共資訊,檢驗地點、檢驗時間、pH值、水溫、導電度、化學需氧量mg/L、鎘mg/L、鉻mg/L、氨氮mg/L、大腸桿菌群FU/100mL，註1:原水檢測系依據飲用水水源水質標準第5條檢驗項目，可執行檢驗項目檢測。,檢驗地點;檢驗時間;pH值;水溫;導電度;化學需氧量mg/L;鎘mg/L;鉻mg/L;氨氮mg/L;大腸桿菌群FU/100mL，註1:原水檢測系依據飲用水水源水質標準第5條檢驗項目，可執行檢驗項目檢測。,每日,政府資料開放授權條款-第1版,,2018/10/08 00:00,2018/10/11 12:08,檢驗地點、檢驗時間、pH值、水溫、導電度、化學需氧量mg/L、鎘mg/L、鉻mg/L、氨氮mg/L、大腸桿菌群FU/100mL，註1:原水檢測系依據飲用水水源水質標準第5條檢驗項目，可執行檢驗項目檢測。
92422,清水檢測資料,新竹市政府,公共資訊,檢驗地點、檢驗時間、pH值、水溫、餘氯mg/L、鎘mg/L、鉛mg/L、鉻mg/L、銅mg/L、鋅mg/L、鎳mg/L、氨氮mg/L、大腸桿菌群CFU/100mL、總菌落數CFU/100mL，註1:清水係指經淨水處理後輸送至用戶前之水質，依據飲用水水質標準經處理後可供飲用之項目辦理檢驗作業。,檢驗地點;檢驗時間;pH值;水溫;餘氯mg/L;鎘mg/L;鉛mg/L;鉻mg/L;銅mg/L;鋅mg/L;鎳mg/L;氨氮mg/L;大腸桿菌群CFU/100mL;總菌落數CFU/100mL，註1:清水係指經淨水處理後輸送至用戶前之水質，依據飲用水水質標準經處理後可供飲用之項目辦理檢驗作業。,每日,政府資料開放授權條款-第1版,,2018/10/08 00:00,2018/10/11 12:08,檢驗地點、檢驗時間、pH值、水溫、餘氯mg/L、鎘mg/L、鉛mg/L、鉻mg/L、銅mg/L、鋅mg/L、鎳mg/L、氨氮mg/L、大腸桿菌群CFU/100mL、總菌落數CFU/100mL，註1:清水係指經淨水處理後輸送至用戶前之水質，依據飲用水水質標準經處理後可供飲用之項目辦理檢驗作業。
92423,新竹市醫事人員執業人數,新竹市政府,公共資訊,新竹市醫事人員執業人數,新竹各區各項醫事人員的執業人數,每日,政府資料開放授權條款-第1版,,2018/09/26 00:00,2018/10/11 12:11,新竹市醫事人員執業人數
92424,新竹市轄內醫院病床數,新竹市政府,公共資訊,新竹市轄內醫院病床數,新竹八家醫院病床數,每日,政府資料開放授權條款-第1版,,2018/09/26 00:00,2018/10/11 12:11,新竹市轄內醫院病床數
92425,新竹市精神療養機構,新竹市政府,公共資訊,新竹市精神療養機構,機構類別;機構名稱,每日,政府資料開放授權條款-第1版,,2018/09/26 00:00,2018/10/11 12:11,新竹市精神療養機構
92426,新竹市精神科診所,新竹市政府,公共資訊,新竹市精神科診所,機構類別;機構名稱,每日,政府資料開放授權條款-第1版,,2018/09/26 00:00,2018/10/11 12:12,新竹市精神科診所
92427,新竹市心理治療諮詢所,新竹市政府,公共資訊,新竹市心理治療諮詢所,機構類別;機構名稱,每日,政府資料開放授權條款-第1版,,2018/09/26 00:00,2018/10/11 12:12,新竹市心理治療諮詢所
92428,新竹市居家廢棄藥物諮詢站,新竹市政府,公共資訊,新竹市居家廢棄藥物諮詢站,新竹市居家廢棄藥物諮詢站,每日,政府資料開放授權條款-第1版,,2018/09/28 00:00,2018/10/11 12:12,新竹市居家廢棄藥物諮詢站
92429,新竹市交通違規取締統計,新竹市政府,公共資訊,新竹市交通違規取締統計,新竹市交通違規取締統計,每日,政府資料開放授權條款-第1版,,2018/09/17 00:00,2018/10/11 12:15,新竹市交通違規取締統計
92430,新竹市防空避難設備容納人數,新竹市政府,公共資訊,新竹市防空避難設備容納人數,新竹市防空避難設備容納人數,每日,政府資料開放授權條款-第1版,,2018/09/11 00:00,2018/10/11 12:15,新竹市防空避難設備容納人數
92431,新竹市政府各年度補助勞工教育及育樂活動概況,新竹市政府,公共資訊,新竹市政府各年度補助勞工教育及育樂活動概況統計表,106年度補助勞工教育及育樂活動概況,每日,政府資料開放授權條款-第1版,,2018/10/05 00:00,2018/10/11 12:20,新竹市政府各年度補助勞工教育及育樂活動概況統計表
92432,新竹市勞工育樂中心場地,新竹市政府,公共資訊,新竹市勞工育樂中心場地,新竹市勞工育樂中心場地,每日,政府資料開放授權條款-第1版,,2018/10/05 00:00,2018/10/11 12:20,新竹市勞工育樂中心場地
92433,新竹市不動產實價登錄資訊-買賣案件,新竹市政府,公共資訊,新竹市不動產實價登錄資訊-買賣案件之登錄資料,鄉鎮市區;交易標的;土地區段位置/建物區段門牌;土地移轉總面積[平方公尺];使用分區或編定;非都市土地使用分區;非都市土地使用地;交易年月;交易筆棟數;移轉層次;總樓層數;建物型態;主要用途;主要建材;建物移轉總面積[平方公尺];現況格局-房;現況格局-廳;現況格局-衛;現況格局-隔間;有無管理組織;總價[元];單價[元/平方公尺];車位類別;車位移轉...,每日,政府資料開放授權條款-第1版,,2018/10/03 00:00,2018/10/11 12:21,新竹市不動產實價登錄資訊-買賣案件之登錄資料
92434,新竹市房地產消費糾紛原因及來源明細統計表,新竹市政府,公共資訊,提供每季新竹市房地產消費糾紛原因及來源明細統計表,消費糾紛原因;已備查仲介;A;未備查仲介;B;非法仲介;C;仲介;D;代銷;E;建商;F;地政士;G;非不動產服務業;H;其他;I;小計,每日,政府資料開放授權條款-第1版,,2018/09/14 00:00,2018/10/11 12:23,提供每季新竹市房地產消費糾紛原因及來源明細統計表
92435,新竹市新舊建號資料,新竹市政府,公共資訊,因重測致土地標示變更及建築改良物之基地標示變更者，其建物位置圖、建物平面圖及其他有關簿冊圖卡，應依據變更登記結果訂正轉繪之,新段;新建號;舊段;舊建號,每日,政府資料開放授權條款-第1版,,2018/09/27 00:00,2018/10/11 12:23,因重測致土地標示變更及建築改良物之基地標示變更者，其建物位置圖、建物平面圖及其他有關簿冊圖卡，應依據變更登記結果訂正轉繪之
92436,107年新竹市政府各機關編制員額一覽表,新竹市政府,公共資訊,107年新竹市政府各機關編制員額一覽表,序號;機關名稱;編制員額數,每日,政府資料開放授權條款-第1版,,2018/10/01 00:00,2018/10/11 12:23,107年新竹市政府各機關編制員額一覽表
92437,新竹市家庭福利服務中心,新竹市政府,公共資訊,新竹市家庭福利服務中心資訊,新竹市家庭福利服務中心資訊,每日,政府資料開放授權條款-第1版,,2018/08/07 00:00,2018/10/11 12:27,新竹市家庭福利服務中心資訊
92438,新竹市老人福利機構歷年評鑑成績,新竹市政府,公共資訊,新竹市老人福利機構歷年評鑑成績、評鑑年度、機構名稱、負責人、地址、電話、收容對象、核家收容人數、立案日期、評鑑辦理單位,評鑑年度;評鑑成績;機構名稱;負責人;地址;電話;收容對象;核家收容人數;立案日期;評鑑辦理單位,每日,政府資料開放授權條款-第1版,,2018/08/07 00:00,2018/10/11 12:27,新竹市老人福利機構歷年評鑑成績、評鑑年度、機構名稱、負責人、地址、電話、收容對象、核家收容人數、立案日期、評鑑辦理單位
92439,新竹市中低收入老人補助裝置假牙,新竹市政府,公共資訊,新竹市中低收入老人補助裝置假牙相關資料,107年診所名單,每日,政府資料開放授權條款-第1版,,2018/09/28 00:00,2018/10/11 12:27,新竹市中低收入老人補助裝置假牙相關資料
92440,新竹市婦女心理輔導或家庭諮詢機構,新竹市政府,公共資訊,新竹市婦女心理輔導或家庭諮詢機構,婦女館提供免費心理諮商,每日,政府資料開放授權條款-第1版,,2018/09/26 00:00,2018/10/11 12:28,新竹市婦女心理輔導或家庭諮詢機構
92441,新竹市公園綠地可出借公告場所,新竹市政府,公共資訊,序號、場地名稱、場地位置、管理單位,序號;場地名稱;場地位置;管理單位,每日,政府資料開放授權條款-第1版,,2018/09/20 00:00,2018/10/11 12:30,序號、場地名稱、場地位置、管理單位
92442,新竹市親山步道,新竹市政府,公共資訊,序號、名稱、行政區、路線、總長(m),序號;名稱;行政區;路線;總長,每日,政府資料開放授權條款-第1版,,2018/09/27 00:00,2018/10/11 12:30,序號、名稱、行政區、路線、總長(m)
92443,新竹市各公園遊樂設施統計,新竹市政府,公共資訊,序號、行政區、公園名稱、位置、傳統遊具、特色或共融式遊具,序號;行政區;公園名稱;位置;傳統遊具;特色或共融式遊具,每日,政府資料開放授權條款-第1版,,2018/10/04 00:00,2018/10/11 12:31,序號、行政區、公園名稱、位置、傳統遊具、特色或共融式遊具
92444,新竹轉運站每月發車數量,新竹市政府,公共資訊,新竹轉運站國道客運發車班次數,新竹轉運站107年7月發車班次,每日,政府資料開放授權條款-第1版,,2018/09/06 00:00,2018/10/11 12:32,新竹轉運站國道客運發車班次數
92445,新竹市公共設施用地計畫面積,新竹市政府,公共資訊,新竹市公共設施用地計畫面積,項目;公園;綠地;廣場;道路;溝渠;兒童遊樂場;停車場,每日,政府資料開放授權條款-第1版,,2018/09/27 00:00,2018/10/11 12:33,新竹市公共設施用地計畫面積
92446,新竹市都市計畫土地使用發展現況統計,新竹市政府,公共資訊,新竹市都市計畫土地使用發展現況統計,都市計畫名稱;都市計畫區面積;都市發展用地總計計畫面積公頃;都市發展用地住宅區計畫面積公頃;都市發展用地商業區計畫面積公頃;都市發展用地工業區計畫面積公頃;都市發展用地其他分區計畫面積公頃;都市發展用地公共設施用地計畫面積公頃;非都市發展用地計畫面積公頃,每日,政府資料開放授權條款-第1版,,2018/09/27 00:00,2018/10/11 12:34,新竹市都市計畫土地使用發展現況統計
92447,新竹市各都市計畫土地使用內容類型分析,新竹市政府,公共資訊,新竹市各都市計畫土地使用內容類型分析,都市計畫名稱;住宅區面積;商業區面積;工業區面積;文教區面積;農業區面積;保護區面積;河川區面積,每日,政府資料開放授權條款-第1版,,2018/09/27 00:00,2018/10/11 12:35,新竹市各都市計畫土地使用內容類型分析
92215,臺中市長照ABC服務中心,臺中市政府衛生局‧企劃資訊科,老年安養,提供社區整體照顧服務體系服務方式及目前辦理區域,資源彙整機關;辦理單位 ;連絡電話 ;地址 ;服務項目; X坐標 ;Y坐標 ;備註 ;最後更新時間,每年,政府資料開放授權條款-第1版,,2018/05/30 12:00,2018/10/04 17:43,
92216,臺中市身心障礙者各區居家服務支援中心,臺中市政府衛生局‧企劃資訊科,公共資訊,提供民眾臺中市身心障礙者各區居家服務支援中心相關資訊,性質;資源彙整;機關辦理單位;成立日期;立案文號;聯絡人;連絡電話;地址;服務項目;服務區域;相關網址;X坐標;Y座標;備註;最後更新時間,每月,政府資料開放授權條款-第1版,,2018/05/29 12:00,2018/10/04 17:51,
92217,臺中市長青福利服務-居家服務,臺中市政府衛生局‧企劃資訊科,老年安養,提供居家服務單位名冊，服務區域、單位名稱、地址、電話,性質;資源彙整;機關辦理單位;成立日期;立案文號;聯絡人;連絡電話;地址;服務項目;服務區域;相關網址;X坐標;Y座標;備註;最後更新時間,每年,政府資料開放授權條款-第1版,,2018/05/30 12:00,2018/10/04 17:58,
92232,臺中市日間照顧中心,臺中市政府衛生局‧企劃資訊科,老年安養,依據衛生福利部推展日間照顧中心設置相關原則辦理,性質;主管機關;辦理單位;成立日期;立案文號;負責人;連絡電話;傳真;電子郵件;地址;可服務人數;相關網站;X坐標;Y坐標;備註;最後更新時間,每年,政府資料開放授權條款-第1版,,2018/10/04 12:00,2018/10/08 16:54,
92234,臺中市低(中低)收入老人暨原住民活動假牙補助計畫合約診所名單,臺中市政府社會局‧長青福利科,公共資訊,低(中低)收入老人暨原住民補助裝置假牙實施計畫,區域;醫事機構名稱;電話;地址;X坐標;Y坐標;備註;最後更新日期,每年,政府資料開放授權條款-第1版,,2018/10/05 13:44,2018/10/05 13:44,
92235,苗栗縣政府媒體事務中心106年度決算書,苗栗縣政府媒體事務中心,公共資訊,苗栗縣政府媒體事務中心106年度決算書,,每年,政府資料開放授權條款-第1版,,2018/10/05 00:00,2018/10/05 16:18,
92282,9月化粧品衛生管理,苗栗縣政府衛生局,生活安全及品質,9月化粧品衛生管理,,不更新,政府資料開放授權條款-第1版,,2018/10/08 00:00,2018/10/08 17:12,
92292,9月藥物檢查暨查獲違法統計,苗栗縣政府衛生局,生活安全及品質,9月藥物檢查暨查獲違法統計,,不更新,政府資料開放授權條款-第1版,,2018/10/08 00:00,2018/10/08 17:12,
