資料集識別碼,資料集名稱,提供機關,服務分類,資料集描述,主要欄位說明,更新頻率,授權方式,相關網址,上架日期,詮釋資料更新時間,備註
94029,107年度行政院農業委員會花蓮區農業改良場會計報告,行政院農業委員會,公共資訊,提供107年度行政院農業委員會花蓮區農業改良場會計報告下載檔案,檔案名稱;下載連結,每月,政府資料開放授權條款-第1版,https://www.hdares.gov.tw/view.php?catid=2323,2018/10/25 00:00,2018/10/25 15:15,
94030,106年度行政院農業委員會花蓮區農業改良場單位決算,行政院農業委員會,公共資訊,提供106年度行政院農業委員會花蓮區農業改良場單位決算下載檔案,檔案名稱;下載連結,不更新,政府資料開放授權條款-第1版,https://www.hdares.gov.tw/view.php?catid=2323,2018/10/25 00:00,2018/10/25 15:15,
94025,興櫃公司每月營業收入彙總表,金融監督管理委員會證券期貨局,投資理財,興櫃公司每月營業收入彙總表（證交所）,出表日期;資料年月;公司代號;公司名稱;產業別;營業收入-當月營收;營業收入-上月營收;營業收入-去年當月營收;營業收入-上月比較增減(%);營業收入-去年同月增減(%);累計營業收入-當月累計營收;累計營業收入-去年累計營收;累計營業收入-前期比較增減(%);備註,每月,政府資料開放授權條款-第1版,,2018/10/25 00:00,2018/10/25 14:42,
94026,公開發行公司每月營業收入彙總表,金融監督管理委員會證券期貨局,投資理財,公開發行公司每月營業收入彙總表（證交所）,出表日期;資料年月;公司代號;公司名稱;產業別;營業收入-當月營收;營業收入-上月營收;營業收入-去年當月營收;營業收入-上月比較增減(%);營業收入-去年同月增減(%);累計營業收入-當月累計營收;累計營業收入-去年累計營收;累計營業收入-前期比較增減(%);備註,每月,政府資料開放授權條款-第1版,,2018/10/25 00:00,2018/10/25 14:42,
94015,附屬單位決算特別收入基金平衡綜計表-依基金別分列,桃園市政府主計處,公共資訊,附屬單位決算特別收入基金平衡綜計表-依基金別分列,項目1;項目2;項目3;項目4;合計_金額;合計_百分比;桃園市有線廣播電視事業發展基金_金額;桃園市有線廣播電視事業發展基金_百分比;建築物無障礙設備與設施改善基金_金額;建築物無障礙設備與設施改善基金_百分比;桃園市道路基金_金額;桃園市道路基金_百分比;桃園市共同管道管理基金_金額;桃園市共同管道管理基金_百分比;桃園市公益彩券盈餘分配基金_金額;桃園市公益彩券盈餘分配基金_百分比;桃園市身心障礙者就業基金_金額;桃園市身心障礙者就業基金_百分比;桃園市勞工權益基金_金額;桃園市勞工權益基金_百分比;桃園市農業發展基金_金額;桃園市農業發展基金_百分比;桃園市環境保護基金_金額;桃園市環境保護基金_百分比;國際機場航空噪音防制費及回饋金基金_金額;國際機場航空噪音防制費及回饋金基金_百分比;桃園市區域垃圾處理廠場回饋金基金_金額;桃園市區域垃圾處理廠場回饋金基金_百分比;桃園市警察人員安全基金_金額;桃園市警察人員安全基金_百分比;桃園市消防人員安全基金_金額;桃園市消防人員安全基金_百分比;桃園市地方教育發展基金_金額;桃園市地方教育發展基金_百分比;桃園市食品安全保護基金_金額;桃園市食品安全保護基金_百分比,每年,政府資料開放授權條款-第1版,,2018/09/21 15:49,2018/10/25 02:44,
94017,桃園市役男抽籤人數,桃園市政府民政局,服兵役,桃園市年度役男抽籤人數,年度;區別;役別;抽籤人數,每年,政府資料開放授權條款-第1版,,2018/10/24 10:22,2018/10/25 05:06,
