資料集識別碼,資料集名稱,提供機關,服務分類,資料集描述,主要欄位說明,更新頻率,授權方式,相關網址,上架日期,詮釋資料更新時間,備註
93886,中央研究院期刊論文目錄,學術及儀器事務處,公共資訊,中央研究院期刊論文目錄,contributor;creator;date;description.sponsorship;description.note;language;publisher;relation;title;type,每4年,政府資料開放授權條款-第1版,,2018/10/19 00:00,2018/10/19 15:03,
93889,中央研究院專書、論文集目錄,學術及儀器事務處,公共資訊,本院專書、論文集目錄,contributor;creator;date;description.sponsorship;description.note;language;publisher;relation;title;type,每4年,政府資料開放授權條款-第1版,,2018/10/19 00:00,2018/10/19 15:03,
93891,中央研究院研討會論文目錄,學術及儀器事務處,公共資訊,本院研討會論文目錄,contributor;creator;date;description.sponsorship;description.note;language;relation;title;type,每4年,政府資料開放授權條款-第1版,,2018/10/19 00:00,2018/10/19 15:03,
93892,中央研究院其他著作目錄,學術及儀器事務處,公共資訊,本院其他著作目錄,contributor;creator;date;description.sponsorship;description.note;language;publisher;relation;title;type,每4年,政府資料開放授權條款-第1版,,2018/10/19 00:00,2018/10/19 15:01,
93857,中部科學工業園區管理局工安環保月-活動項目清單,科技部中部科學工業園區管理局,公共資訊,相關活動資料,活動日期;活動項目,每年,政府資料開放授權條款-第1版,,2018/10/18 00:00,2018/10/18 15:54,
93876,台灣采風翦影,交通部觀光局,休閒旅遊,蒐集全台各地景點照片,PHRFNBR;PHSUBJECT;PHDESC;PHKEYWORD;PHAUTHOR;PHPATH72;link,每日,政府資料開放授權條款-第1版,,2018/10/19 00:00,2018/10/19 09:45,
93878,提供電話答詢服務,交通部觀光局,休閒旅遊,櫃台電話服務,提供電話服務人次;松山機場人數小記;松山機場百分比;桃園機場人數小記;桃園機場百分比;高雄機場人數小記;高雄機場百分比,每日,政府資料開放授權條款-第1版,,2018/10/19 00:00,2018/10/19 10:05,
93879,提供旅客資料服務,交通部觀光局,休閒旅遊,櫃台提供旅遊摺頁服務,提供旅客資料服務人次;松山機場人數小記;松山機場百分比;桃園機場人數小記;桃園機場百分比;高雄機場人數小記;高雄機場百分比,每日,政府資料開放授權條款-第1版,,2018/10/19 00:00,2018/10/19 10:09,
93884,旅行業糾紛資料集,交通部觀光局,休閒旅遊,提供旅行業糾紛案件與類型資料,編號;糾紛類別;旅遊地區;國家,每日,政府資料開放授權條款-第1版,,2018/10/19 00:00,2018/10/19 14:06,
93885,旅行業旅遊意外事故資料集,交通部觀光局,休閒旅遊,提供旅行業旅遊意外事故地區與類別資料,區域;國家;意外事故類別,每日,政府資料開放授權條款-第1版,,2018/10/19 00:00,2018/10/19 14:10,
93887,合格導遊人員資料集,交通部觀光局,休閒旅遊,提供導遊人員國考及格、領取執照與性別、出生年區間等資料,編號;語言別;性別;年齡區間,每日,政府資料開放授權條款-第1版,,2018/10/19 00:00,2018/10/19 13:56,
93888,合格領隊人員資料集,交通部觀光局,休閒旅遊,提供領隊人員國考及格、領取執照與性別、年齡區間等資料,編號;語言別;性別;年齡區間,每日,政府資料開放授權條款-第1版,,2018/10/19 00:00,2018/10/19 13:58,
93890,旅行業處份案件資料集,交通部觀光局,休閒旅遊,旅行業處份類型紀錄資料,類別;處分日期;停業日期;原登記營業處所,每日,政府資料開放授權條款-第1版,,2018/10/19 00:00,2018/10/19 14:00,
93893,內政部建築研究所建築資訊建模（BIM）推廣教育訓練課程項目一覽表,內政部建築研究所,公共資訊,介紹本所107年建築資訊建模（BIM）推廣教育訓練課程項目資訊,編號;年度;課程名稱,每年,政府資料開放授權條款-第1版,,2018/10/19 14:35,2018/10/19 15:12,
93898,內政部建築研究所歷年研究建築物外牆瓷磚及飾材檢查方法簡介,內政部建築研究所,公共資訊,介紹本所歷年研究建築物外牆瓷磚及飾材檢查方法資訊,編號;檢查方法名稱;檢查方法介紹;適用之外牆飾材種類;網址,每年,政府資料開放授權條款-第1版,,2018/10/19 15:32,2018/10/19 15:42,
93843,衛生福利部108年度預算案,衛生福利部會計處,公共資訊,108年度衛生福利部單位預算案,,不更新,政府資料開放授權條款-第1版,,2018/10/18 00:00,2018/10/18 13:36,
92499,基隆市不動產買賣實價登錄Open Data(107年4月買賣登記案件),基隆市政府地政處,購屋及遷徙,不動產賣賣案件實價登錄資訊，包含標的位置(去識別化)、面積、總價等資訊。,,每月,政府資料開放授權條款-第1版,http://plvr.land.moi.gov.tw/DownloadOpenData;http://plvr.land.moi.gov.tw/DownloadOpenData;http://plvr.land.moi.gov.tw/DownloadOpenData,2018/10/12 00:00,2018/10/15 17:38,
92500,基隆市不動產買賣實價登錄Open Data(107年3月買賣登記案件),基隆市政府地政處,購屋及遷徙,不動產賣賣案件實價登錄資訊，包含標的位置(去識別化)、面積、總價等資訊。,鄉鎮市區;交易標的;土地區段位置/建物區段門牌;土地移轉總面積(平方公尺);都市土地使用分區;非都市土地使用分區;非都市土地使用編定;交易年月日;交易筆棟數;移轉層次;總樓層數;建物型態;主要用途;主要建材;建築完成年月;建物移轉總面積(平方公尺);建物現況格局-房;建物現況格局-廳;建物現況格局-衛;建物現況格局-隔間;有無管理組織;總價(元);單價(元/平方公尺);車位類別;車位移轉總面積(平方公尺);車位總價(元);備註;編號,每月,政府資料開放授權條款-第1版,http://plvr.land.moi.gov.tw/DownloadOpenData;http://plvr.land.moi.gov.tw/DownloadOpenData;http://plvr.land.moi.gov.tw/DownloadOpenData,2018/10/12 00:00,2018/10/15 17:38,
93883,108年度新北市附屬單位預算作業基金餘絀撥補綜計表(依撥補項目分列)(預算案),新北市政府主計處,公共資訊,"1.108年度新北市附屬單位預算作業基金餘絀撥補綜計表(依撥補項目分列)(預算案) 2.單位：新臺幣千元 3.各項欄位說明詳參新北市政府主計處網頁->附屬單位預算及綜計表->108年度附屬單位預算案 (http://www.bas.ntpc.gov.tw/download/?mode=edit&type_id=10933)或電洽主計處查詢。",field1;field2;field3;field4;field5;field6;field7,每年,政府資料開放授權條款-第1版,,2018/10/19 11:11,2018/10/19 11:11,
93875,106年雲林縣政府消費爭議調解案件統計分析表,雲林縣政府,公共資訊,106年雲林縣政府消費爭議調解案件統計分析表,,每日,政府資料開放授權條款-第1版,,2018/10/19 00:00,2018/10/19 10:25,
