資料集識別碼,資料集名稱,提供機關,服務分類,資料集描述,主要欄位說明,更新頻率,授權方式,相關網址,上架日期,詮釋資料更新時間,備註
94118,11049-00-01-2 臺中市平面媒體廣告與新聞管理統計,臺中市政府新聞局‧新聞行政科第二股,公共資訊,臺中市平面媒體廣告與新聞管理統計,RptNo;RptName;StatCourseNo;StatCourseName;DataDate;PlaceNo;PlaceName;PeriodNo;PeriodName;Complex1;ComplexName;Complex2;Complex2Name;Complex3;Complex3Name;Complex4;Complex4Name;Complex5;Complex5Name;DeriveNo;DeriveExplain;FValue;SValue;RptDeptNo;RptDeptName;CreateTime;ModifyTime,即時,政府資料開放授權條款-第1版,,2018/10/28 17:32,2018/10/28 17:32,
94126,10730-09-03-2 臺中市原住民急難救助統計,臺中市政府原住民族事務委員會,公共資訊,有關本市原住民申請急難救助統計表（含生活扶助、死亡救助、醫療補助等）,RptNo;RptName;StatCourseNo;StatCourseName;DataDate;PlaceNo;PlaceName;PeriodNo;PeriodName;Complex1;ComplexName;Complex2;Complex2Name;Complex3;Complex3Name;Complex4;Complex4Name;Complex5;Complex5Name;DeriveNo;DeriveExplain;FValue;SValue;RptDeptNo;RptDeptName;CreateTime;ModifyTime,每月,政府資料開放授權條款-第1版,,2018/10/29 00:07,2018/10/29 00:07,
94119,臺北市政府客家事務委員會場地使用時間及收費基準表,臺北市政府客家事務委員會,公共資訊,提供臺北市政府客家委員會所屬館舍之「館室別」、「場地名稱」、「面積」、「設備」及「場地費用」等5大部分之統計資料,館室別;場地名稱;面積;設備;場地費用;資料來源;附註;更新日期,每年,政府資料開放授權條款-第1版,,2013/11/05 00:00,2018/10/28 20:10,
94125,臺北捷運車站無障礙設施異常公告,臺北大眾捷運股份有限公司,交通及通訊,捷運車站無障礙設施異常公告,無障礙設施,每日,政府資料開放授權條款-第1版,無,2018/10/28 20:39,2018/10/28 20:39,
