資料集識別碼,資料集名稱,提供機關,服務分類,資料集描述,主要欄位說明,更新頻率,授權方式,相關網址,上架日期,詮釋資料更新時間,備註
92369,臺灣新竹地方法院107年9月會計月報,臺灣新竹地方法院,公共資訊,歲入累計表、經費累計表、以前年度歲入轉入數累計表、以前年度歲出轉入數累計表、平衡表、資本資產表、資本資產變動表、歲出用途別累計表、收入實現數與繳付公庫數分析表、支出實現數與公庫撥入數分析表、收入支出彙計表,會計年度;月份;款;項;目;節;預算年度;預算科目編號;預算科目名稱;細目編號;細目名稱;原預算數;追加減數;截至本月止累計分配數_1;本月實現數;截至本月止累計實現數_2;應收收入數_3;分配數預算餘額_4;分支計畫編號;分支計畫名稱;用途別編號;用途別名稱;第一預備金;第二預備金;經費流用數;預算調整數;應付數;已分配尚未執行數;備註_預暫付數;以前年度轉入數;應收數;保留數;減免;截至本月止累計實現數;調整數;尚未執行數;基金別;會計分類;使用機關別;科目分類;會計科目編號;會計科目名稱;金額;科目名稱;取得成本;以前年度累計折舊_長期投資評價;本年度資本資產成本變動_增加數;本年度資本資產成本變動_減少數;本年度累計折舊_長期投資評價變動數;期末帳面金額;備註;業務計畫或工作計畫;經資門;執行數;項目;收入實現數;減項_收入待納庫數;加項_以前年度待納庫繳庫數;加項_以前年度撥款於本年度繳還數_材料;加項_以前年度撥款於本年度繳還數_存出保證金;加項_以前年度撥款於本年度繳還數_其他應收款;加項_預收款;加項_剔除經費;繳付公庫數;一級用途別編號;一級用途別名稱;支出實現數;加項_預付款;加項_材料;加項_存出保證金;加項_零用金;加項_退還收入預收款;加項_其他應收款;減項_以前年度撥款於本年度實現數;公庫撥入數;公庫分配數餘額;金額_本月數;金額_累計數,每月,政府資料開放授權條款-第1版,,2018/10/09 00:00,2018/10/09 14:18,
92375,臺灣高雄地方法院107年度9月份會計月報,臺灣高雄地方法院,公共資訊,臺灣高雄地方法院107年度9月份會計月報,會計年度;月份;款;項;目;節;預算年度;預算科目編號;預算科目名稱;細目編號;細目名稱;原預算數;追加減數;截至本月止累計分配數_1;本月實現數;截至本月止累計實現數_2;應收收入數_3;分配數預算餘額_4;分支計畫編號;分支計畫名稱;用途別編號;用途別名稱;第一預備金;第二預備金;經費流用數;預算調整數;應付數;已分配尚未執行數;備註_預暫付數;以前年度轉入數;應收數;保留數;減免;截至本月止累計實現數;調整數;尚未執行數;基金別;會計分類;使用機關別;科目分類;會計科目編號;會計科目名稱;金額;科目名稱;取得成本;以前年度累計折舊_長期投資評價;本年度資本資產成本變動_增加數;本年度資本資產成本變動_減少數;本年度累計折舊_長期投資評價變動數;期末帳面金額;備註;業務計畫或工作計畫;經資門;執行數;項目;收入實現數;減項_收入待納庫數;加項_以前年度待納庫繳庫數;加項_以前年度撥款於本年度繳還數_材料;加項_以前年度撥款於本年度繳還數_存出保證金;加項_以前年度撥款於本年度繳還數_其他應收款;加項_預收款;加項_剔除經費;繳付公庫數;一級用途別編號;一級用途別名稱;支出實現數;加項_預付款;加項_材料;加項_存出保證金;加項_零用金;加項_退還收入預收款;加項_其他應收款;減項_以前年度撥款於本年度實現數;公庫撥入數;公庫分配數餘額;金額_本月數;金額_累計數,每月,政府資料開放授權條款-第1版,,2018/10/09 00:00,2018/10/09 17:14,
92402,臺灣屏東地方法院107年9月會計報告,臺灣屏東地方法院,公共資訊,臺灣屏東地方法院107年9月會計報告,,不更新,政府資料開放授權條款-第1版,,2018/10/11 00:00,2018/10/11 17:08,
92455,臺灣雲林地方法院107年9月份會計月報,臺灣雲林地方法院,公共資訊,臺灣雲林地方法院107年9月份會計月報,會計年度;月份;款;項;目;節;預算年度;預算科目編號;預算科目名稱;細目編號;細目名稱;原預算數;追加減數;截至本月止累計分配數_1;本月實現數;截至本月止累計實現數_2;應收收入數_3;分配數預算餘額_4;分支計畫編號;分支計畫名稱;用途別編號;用途別名稱;第一預備金;第二預備金;經費流用數;預算調整數;應付數;已分配尚未執行數;備註_預暫付數;以前年度轉入數;應收數;保留數;減免;截至本月止累計實現數;調整數;尚未執行數;基金別;會計分類;使用機關別;科目分類;會計科目編號;會計科目名稱;金額;科目名稱;取得成本;以前年度累計折舊_長期投資評價;本年度資本資產成本變動_增加數;本年度資本資產成本變動_減少數;本年度累計折舊_長期投資評價變動數;期末帳面金額;備註;業務計畫或工作計畫;經資門;執行數;項目;收入實現數;減項_收入待納庫數;加項_以前年度待納庫繳庫數;加項_以前年度撥款於本年度繳還數_材料;加項_以前年度撥款於本年度繳還數_存出保證金;加項_以前年度撥款於本年度繳還數_其他應收款;加項_預收款;加項_剔除經費;繳付公庫數;一級用途別編號;一級用途別名稱;支出實現數;加項_預付款;加項_材料;加項_存出保證金;加項_零用金;加項_退還收入預收款;加項_其他應收款;減項_以前年度撥款於本年度實現數;公庫撥入數;公庫分配數餘額;金額_本月數;金額_累計數,不更新,政府資料開放授權條款-第1版,http://uld.judicial.gov.tw/UserFiles/joy214/10709會計月報(XML).zip,2018/10/11 00:00,2018/10/11 14:08,
92462,107年9月臺灣臺南地方法院會計報告,臺灣臺南地方法院,公共資訊,107年9月臺灣臺南地方法院會計報告,,不更新,政府資料開放授權條款-第1版,,2018/10/11 00:00,2018/10/11 17:02,
92457,立法院107年9月份會計月報,立法院,公共資訊,立法院107年9月份會計月報,會計年度;月份;款;項;目;節;預算年度;預算科目編號;預算科目名稱;細目編號;細目名稱;原預算數;追加減數;截至本月止累計分配數_1;本月實現數;截至本月止累計實現數_2;應收收入數_3;分配數預算餘額_4;分支計畫編號;分支計畫名稱;用途別編號;用途別名稱;第一預備金;第二預備金;經費流用數;預算調整數;應付數;已分配尚未執行數;備註_預暫付數;以前年度轉入數;保留數;減免;截至本月止累計實現數;調整數;尚未執行數;基金別;會計分類;使用機關別;科目分類;會計科目編號;會計科目名稱;金額;科目名稱;取得成本;以前年度累計折舊_長期投資評價;本年度資本資產成本變動_增加數;本年度資本資產成本變動_減少數;本年度累計折舊_長期投資評價變動數;期末帳面金額;備註;用途別科目;支付累計數;項目;經資門;收入實現數;減項_收入待納庫數;加項_以前年度待納庫繳庫數;加項_以前年度撥款於本年度繳還數_材料;加項_以前年度撥款於本年度繳還數_存出保證金;加項_以前年度撥款於本年度繳還數_其他應收款;加項_預收款;加項_剔除經費;繳付公庫數;一級用途別編號;一級用途別名稱;支出實現數;加項_預付款;加項_材料;加項_存出保證金;加項_零用金;加項_退還收入預收款;加項_其他應收款;減項_以前年度撥款於本年度實現數;公庫撥入數;公庫分配數餘額;金額_本月數;金額_累計數,每月,政府資料開放授權條款-第1版,,2018/10/11 00:00,2018/10/11 15:30,
92269,中央研究院國家生技研究園區生態與環境,總務處,公共資訊,國家生技研究園區生態與環境,生態與環境;連結網址,不更新,政府資料開放授權條款-第1版,,2018/10/08 00:00,2018/10/11 17:08,
92271,中央研究院國家生技研究園區計劃概要,總務處,公共資訊,國家生技研究園區計劃概要,計劃概要;連結網址,不更新,政府資料開放授權條款-第1版,,2018/10/08 00:00,2018/10/11 17:08,
92272,中央研究院國家生技研究園區工程設計特色,總務處,公共資訊,國家生技研究園區工程設計特色,園區設計特色;連結網址,不更新,政府資料開放授權條款-第1版,,2018/10/08 00:00,2018/10/11 17:08,
92269,中央研究院國家生技研究園區生態與環境,總務處,公共資訊,國家生技研究園區生態與環境,生態與環境;連結網址,不更新,政府資料開放授權條款-第1版,,2018/10/08 00:00,2018/10/11 17:08,
92271,中央研究院國家生技研究園區計劃概要,總務處,公共資訊,國家生技研究園區計劃概要,計劃概要;連結網址,不更新,政府資料開放授權條款-第1版,,2018/10/08 00:00,2018/10/11 17:08,
92272,中央研究院國家生技研究園區工程設計特色,總務處,公共資訊,國家生技研究園區工程設計特色,園區設計特色;連結網址,不更新,政府資料開放授權條款-第1版,,2018/10/08 00:00,2018/10/11 17:08,
92468,福建省政府107年9月份會計月報,福建省政府,公共資訊,歲入累計表等表,,每月,政府資料開放授權條款-第1版,,2018/10/11 00:00,2018/10/11 17:26,
92265,最高檢察署-機關簡介,最高檢察署,公共資訊,最高檢察署機關簡介,資料名稱;檔案下載網址;資料描述;發布時間,每4年,政府資料開放授權條款-第1版,,2018/10/08 00:00,2018/10/11 09:48,
