資料集識別碼,資料集名稱,提供機關,服務分類,資料集描述,主要欄位說明,更新頻率,授權方式,相關網址,上架日期,詮釋資料更新時間,備註
93213,臺灣基隆地方法院107年9月份會計月報,臺灣基隆地方法院,公共資訊,107年9月份會計月報,會計年度;月份;款;項;目;節;預算年度;預算科目編號;預算科目名稱;細目編號;細目名稱;原預算數;追加減數;截至本月止累計分配數_1;本月實現數;截至本月止累計實現數_2;應收收入數_3;分配數預算餘額_4;分支計畫編號;分支計畫名稱;用途別編號;用途別名稱;第一預備金;第二預備金;經費流用數;預算調整數;應付數;已分配尚未執行數;備註_預暫付數;以前年度轉入數;應收數;保留數;減免;截至本月止累計實現數;調整數;尚未執行數;基金別;會計分類;使用機關別;科目分類;會計科目編號;會計科目名稱;金額;科目名稱;取得成本;以前年度累計折舊_長期投資評價;本年度資本資產成本變動_增加數;本年度資本資產成本變動_減少數;本年度累計折舊_長期投資評價變動數;期末帳面金額;備註;業務計畫或工作計畫;經資門;執行數;項目;收入實現數;減項_收入待納庫數;加項_以前年度待納庫繳庫數;加項_以前年度撥款於本年度繳還數_材料;加項_以前年度撥款於本年度繳還數_存出保證金;加項_以前年度撥款於本年度繳還數_其他應收款;加項_預收款;加項_剔除經費;繳付公庫數;一級用途別編號;一級用途別名稱;支出實現數;加項_預付款;加項_材料;加項_存出保證金;加項_零用金;加項_退還收入預收款;加項_其他應收款;減項_以前年度撥款於本年度實現數;公庫撥入數;公庫分配數餘額;金額_本月數;金額_累計數,不更新,政府資料開放授權條款-第1版,,2018/10/16 00:00,2018/10/16 09:44,
93694,107年9月會計月報,臺灣橋頭地方法院,公共資訊,107年9月會計月報,會計年度;月份;款;項;目;節;預算年度;預算科目編號;預算科目名稱;細目編號;細目名稱;原預算數;追加減數;截至本月止累計分配數_1;本月實現數;截至本月止累計實現數_2;應收收入數_3;分配數預算餘額_4;分支計畫編號;分支計畫名稱;用途別編號;用途別名稱;第一預備金;第二預備金;經費流用數;預算調整數;應付數;已分配尚未執行數;備註_預暫付數;以前年度轉入數;應收數;保留數;減免;截至本月止累計實現數;調整數;尚未執行數;基金別;會計分類;使用機關別;科目分類;會計科目編號;會計科目名稱;金額;科目名稱;取得成本;以前年度累計折舊_長期投資評價;本年度資本資產成本變動_增加數;本年度資本資產成本變動_減少數;本年度累計折舊_長期投資評價變動數;期末帳面金額;備註;業務計畫或工作計畫;經資門;執行數;項目;收入實現數;減項_收入待納庫數;加項_以前年度待納庫繳庫數;加項_以前年度撥款於本年度繳還數_材料;加項_以前年度撥款於本年度繳還數_存出保證金;加項_以前年度撥款於本年度繳還數_其他應收款;加項_預收款;加項_剔除經費;繳付公庫數;一級用途別編號;一級用途別名稱;支出實現數;加項_預付款;加項_材料;加項_存出保證金;加項_零用金;加項_退還收入預收款;加項_其他應收款;減項_以前年度撥款於本年度實現數;公庫撥入數;公庫分配數餘額;金額_本月數;金額_累計數,每月,政府資料開放授權條款-第1版,http://ctd.judicial.gov.tw/UserFiles/10709月報XML.zip,2018/10/16 00:00,2018/10/23 10:24,
94045,107年度行政院農業委員會高雄區農業改良場會計月報,行政院農業委員會,公共資訊,提供107年度行政院農業委員會高雄區農業改良場會計月報下載檔案,檔案名稱;下載檔案,每月,政府資料開放授權條款-第1版,https://www.kdais.gov.tw/view.php?catid=6185,2018/10/26 00:00,2018/10/26 15:15,
94046,106年度行政院農業委員會高雄區農業改良場單位決算,行政院農業委員會,公共資訊,提供106年度行政院農業委員會高雄區農業改良場單位決算下載檔案,檔案名稱;下載連結,不更新,政府資料開放授權條款-第1版,https://www.kdais.gov.tw/view.php?catid=5822,2018/10/26 00:00,2018/10/26 15:15,
94047,107年度行政院農業委員會高雄區農業改良場單位預算,行政院農業委員會,公共資訊,提供107年度行政院農業委員會高雄區農業改良場單位預算下載檔案,檔案名稱;下載連結,每日,政府資料開放授權條款-第1版,https://www.kdais.gov.tw/view.php?catid=5822,2018/10/26 00:00,2018/10/26 15:30,
94048,108年度行政院農業委員會高雄區農業改良場單位預算,行政院農業委員會,公共資訊,提供108年度行政院農業委員會高雄區農業改良場單位預算下載檔案,檔案名稱;下載連結,不更新,政府資料開放授權條款-第1版,https://www.kdais.gov.tw/view.php?catid=5822,2018/10/26 00:00,2018/10/26 15:30,
92448,107年度臺東縣兒童及少年安置教養機構,臺東縣政府,公共資訊,性質、主管機關、辦理單位、地址、連絡電話、成立日期、立案文號、負責人、..、最後更新時間,性質;資源彙整機關;辦理單位;成立日期;立案文號;負責人;連絡電話;傳真;電子郵件;地址;相關網址;X坐標;Y坐標;備註;最後更新時間;;govOrprivate;localGov;welfareOrganizer;welOrgestablishDate;welOrgappDocumentNo;welOrgprincipal;welOrgtelephoneNo;welOrgfaxNo;welOrgemailAccount;welOrgaddress;welOrgURL;welOrgaddressTwd97x;welOrgaddressTwd97y,不更新,政府資料開放授權條款-第1版,http://www.taitung.gov.tw/opendata/OD_OpenData_DealData.aspx?s=78FD432702C6EE54&n=4A2DB40EB35F337E;http://www.taitung.gov.tw/opendata/OD_OpenData_DealData.aspx?s=78FD432702C6EE54&n=4A2DB40EB35F337E,2018/10/17 00:00,2018/10/26 16:24,
92449,107年度臺東縣早期療育服務通報轉介中心,臺東縣政府,公共資訊,性質、主管機關、辦理單位、地址、連絡電話、成立日期、立案文號、負責人、..、最後更新時間,性質;資源彙整機關;辦理單位;成立日期;立案文號;負責人;連絡電話;傳真;電子郵件;地址;相關網址;X坐標;Y坐標;備註;最後更新時間;govOrprivate;localGov;welfareOrganizer;welOrgestablishDate;welOrgappDocumentNo;welOrgprincipal;welOrgtelephoneNo;welOrgfaxNo;welOrgemailAccount;welOrgaddress;welOrgURL;welOrgaddressTwd97x;welOrgaddressTwd97y;welfareLastupdate,不更新,政府資料開放授權條款-第1版,http://www.taitung.gov.tw/opendata/OD_OpenData_DealData.aspx?s=764FB25D44734B79&n=4A2DB40EB35F337E;http://www.taitung.gov.tw/opendata/OD_OpenData_DealData.aspx?s=764FB25D44734B79&n=4A2DB40EB35F337E,2018/10/17 00:00,2018/10/26 16:26,
92450,107年度臺東縣兒童及少年福利服務中心,臺東縣政府,公共資訊,性質、主管機關、辦理單位、地址、連絡電話、成立日期、立案文號、負責人、..、最後更新時間,性質;資源彙整機關;辦理單位;成立日期;立案文號;負責人;連絡電話;傳真;電子郵件;地址;相關網址;X坐標;Y坐標;備註;最後更新時間;;govOrprivate;localGov;welfareOrganizer;welOrgestablishDate;welOrgappDocumentNo;welOrgprincipal;welOrgtelephoneNo;welOrgfaxNo;welOrgemailAccount;welOrgaddress;welOrgURL;welOrgaddressTwd97x;welOrgaddressTwd97y,不更新,政府資料開放授權條款-第1版,http://www.taitung.gov.tw/opendata/OD_OpenData_DealData.aspx?s=78FD432702C6EE54&n=4A2DB40EB35F337E;http://www.taitung.gov.tw/opendata/OD_OpenData_DealData.aspx?s=78FD432702C6EE54&n=4A2DB40EB35F337E,2018/10/17 00:00,2018/10/26 16:28,
92451,107年度臺東縣早期療育服務個案管理中心,臺東縣政府,公共資訊,性質、主管機關、辦理單位、地址、連絡電話、成立日期、立案文號、負責人、..、最後更新時間,性質;資源彙整機關;辦理單位;成立日期;立案文號;負責人;連絡電話;傳真;電子郵件;地址;相關網址;X坐標;Y坐標;備註;最後更新時間;govOrprivate;localGov;welfareOrganizer;welOrgestablishDate;welOrgappDocumentNo;welOrgprincipal;welOrgtelephoneNo;welOrgfaxNo;welOrgemailAccount;welOrgaddress;welOrgURL;welOrgaddressTwd97x;welOrgaddressTwd97y;welfareLastupdate,不更新,政府資料開放授權條款-第1版,http://www.taitung.gov.tw/opendata/OD_OpenData_DealData.aspx?s=D0623F9510AC3F66&n=4A2DB40EB35F337E;http://www.taitung.gov.tw/opendata/OD_OpenData_DealData.aspx?s=D0623F9510AC3F66&n=4A2DB40EB35F337E,2018/10/17 00:00,2018/10/26 16:30,
92452,107年度臺東縣身心障礙住宿機構,臺東縣政府,公共資訊,性質、主管機關、辦理單位、地址、連絡電話、成立日期、立案文號、負責人、..、最後更新時間,性質;資源彙整機關;辦理單位;成立日期;立案文號;負責人;連絡電話;傳真;電子郵件;地址;核定服務人數_全日型住宿;核定服務人數_夜間型住宿;核定服務人數_日間照顧;核定服務人數_部分時制照顧;核定服務人數_總計;相關網址;X坐標;Y坐標;備註;最後更新時間;govOrprivate;localGov;welfareOrganizer;welOrgestablishDate;welOrgappDocumentNo;welOrgprincipal;welOrgtelephoneNo;welOrgfaxNo;welOrgemailAccount;welOrgaddress;welOrgresInsdisWholedayNo;welOrgresInsdisAtnightNo;welOrgresInsdisDuringdayNo;welOrgresInsdisParttimeNo;welOrgresInsdisApptotalNo;welOrgURL;welOrgaddressTwd97x;welOrgaddressTwd97y;welfareLastupdate,不更新,政府資料開放授權條款-第1版,http://www.taitung.gov.tw/opendata/OD_OpenData_DealData.aspx?s=BC8E904435B5436C&n=4A2DB40EB35F337E;http://www.taitung.gov.tw/opendata/OD_OpenData_DealData.aspx?s=BC8E904435B5436C&n=4A2DB40EB35F337E,2018/10/17 00:00,2018/10/26 16:32,
93704,107年度臺東縣身心障礙福利服務中心,臺東縣政府,公共資訊,107年度臺東縣福利服務行動躍升計畫-開放資料收集,性質;資源彙整機關;辦理單位;成立日期;立案文號;負責人;連絡電話;傳真;電子郵件;地址;相關網址;X坐標;Y坐標;備註;最後更新時間;govOrprivate;localGov;welfareOrganizer;welOrgestablishDate;welOrgappDocumentNo;welOrgprincipal;welOrgtelephoneNo;welOrgfaxNo;welOrgemailAccount;welOrgaddress;welOrgURL;welOrgaddressTwd97x;welOrgaddressTwd97y;welfareLastupdate,不更新,政府資料開放授權條款-第1版,http://www.taitung.gov.tw/opendata/OD_OpenData_DealData.aspx?s=232D254A8071AF37&n=4A2DB40EB35F337E;http://www.taitung.gov.tw/opendata/OD_OpenData_DealData.aspx?s=232D254A8071AF37&n=4A2DB40EB35F337E,2018/10/17 00:00,2018/10/26 17:02,
93705,107年度臺東縣身心障礙福利日間照顧機構,臺東縣政府,公共資訊,107年度臺東縣福利服務行動躍升計畫-開放資料收集,性質;資源彙整機關;辦理單位;成立日期;立案文號;負責人;連絡電話;傳真;電子郵件;地址;核定服務人數_全日型住宿人數;核定服務人數_夜間型住宿人數;核定服務人數_日間照顧人數;核定服務人數_部分時制照顧人數;核定服務人數_總計;相關網址;X坐標;Y坐標;備註;最後更新時間;govOrprivate;localGov;welfareOrganizer;welOrgestablishDate;welOrgappDocumentNo;welOrgprincipal;welOrgtelephoneNo;welOrgfaxNo;welOrgemailAccount;welOrgaddress;welOrgdaycareInsdisWholedayNo;welOrgdaycareInsdisAtnightNo;welOrgdaycareInsdisDuringdayNo;welOrgdaycareInsdisParttimeNo;welOrgdaycareInsdisApptotalNo;welOrgURL;welOrgaddressTwd97x;welOrgaddressTwd97y;welfareLastupdate,不更新,政府資料開放授權條款-第1版,http://www.taitung.gov.tw/opendata/OD_OpenData_DealData.aspx?s=9240AF90F85D7659&n=4A2DB40EB35F337E;http://www.taitung.gov.tw/opendata/OD_OpenData_DealData.aspx?s=9240AF90F85D7659&n=4A2DB40EB35F337E,2018/10/17 00:00,2018/10/26 17:00,
93706,107年度臺東縣公私立協力托育資源中心,臺東縣政府,公共資訊,107年度臺東縣福利服務行動躍升計畫-開放資料收集,資源彙整機關;辦理單位;成立日期;連絡電話;傳真;電子郵件;地址;相關網址;X坐標;Y坐標;備註;最後更新時間;localGov;welfareOrganizer;welOrgestablishDate;welOrgtelephoneNo;welOrgfaxNo;welOrgemailAccount;welOrgaddress;welOrgURL;welOrgaddressTwd97x;welOrgaddressTwd97y;welfareLastupdate,不更新,政府資料開放授權條款-第1版,http://www.taitung.gov.tw/opendata/OD_OpenData_DealData.aspx?s=DC0EC7A915086D3D&n=4A2DB40EB35F337E;http://www.taitung.gov.tw/opendata/OD_OpenData_DealData.aspx?s=DC0EC7A915086D3D&n=4A2DB40EB35F337E,2018/10/17 00:00,2018/10/26 16:58,
93707,107年度臺東縣公私立協力及私立托嬰中心,臺東縣政府,公共資訊,107年度臺東縣福利服務行動躍升計畫-開放資料收集,性質;資源彙整機關;辦理單位;成立日期;立案文號;負責人;連絡電話;傳真;電子郵件;地址;核定收托人數;相關網址;X坐標;Y坐標;備註;最後更新時間,不更新,政府資料開放授權條款-第1版,http://www.taitung.gov.tw/opendata/OD_OpenData_DealData.aspx?s=FCA61C74B6398BD3&n=4A2DB40EB35F337E;http://www.taitung.gov.tw/opendata/OD_OpenData_DealData.aspx?s=FCA61C74B6398BD3&n=4A2DB40EB35F337E,2018/10/17 00:00,2018/10/26 16:56,
93708,107年度臺東縣老人福利機構,臺東縣政府,公共資訊,107年度臺東縣福利服務行動躍升計畫-開放資料收集,性質;資源彙整機關;辦理單位;成立日期;立案文號;負責人;連絡電話;傳真;電子郵件;地址;核定收容人數;收容對象_安養;收容對象_養護;收容對象_長照;收容對象_日照;收容對象_失智;收容對象_遊民;收容對象_其他;相關網址;X坐標;Y坐標;備註;最後更新時間,不更新,政府資料開放授權條款-第1版,http://www.taitung.gov.tw/Upload/OpenDataRelFile/7332/636741712431353944.csv;http://www.taitung.gov.tw/Upload/OpenDataRelFile/7332/636741712431353944.csv,2018/10/17 00:00,2018/10/26 16:54,
93709,107年度臺東縣老人文康、福利服務中心,臺東縣政府,公共資訊,107年度臺東縣福利服務行動躍升計畫-開放資料收集,資源彙整機關;中心名稱;連絡電話;傳真;電子郵件;地址;相關網址;X坐標;Y坐標;備註;最後更新時間;localGov;welSercenterName;welOrgtelephoneNo;welOrgaddress;welOrgaddressTwd97x;welOrgaddressTwd97y;welfareLastupdate,不更新,政府資料開放授權條款-第1版,http://www.taitung.gov.tw/opendata/OD_OpenData_DealData.aspx?s=6C703A2079E36479&n=4A2DB40EB35F337E;http://www.taitung.gov.tw/opendata/OD_OpenData_DealData.aspx?s=6C703A2079E36479&n=4A2DB40EB35F337E,2018/10/17 00:00,2018/10/26 16:22,
93710,107年度臺東縣婦女福利服務中心,臺東縣政府,公共資訊,107年度臺東縣福利服務行動躍升計畫-開放資料收集,資源彙整機關;中心名稱;辦理單位;連絡電話;傳真;電子郵件;地址;相關網址;X坐標;Y坐標;備註;最後更新時間;localGov;welSercenterName;welfareOrganizer;welOrgtelephoneNo;welOrgfaxNo;welOrgemailAccount;welOrgaddress;welOrgURL;welOrgaddressTwd97x;welOrgaddressTwd97y;welfareLastupdate,不更新,政府資料開放授權條款-第1版,http://www.taitung.gov.tw/opendata/OD_OpenData_DealData.aspx?s=23BFC6B24FADED31&n=4A2DB40EB35F337E;http://www.taitung.gov.tw/opendata/OD_OpenData_DealData.aspx?s=23BFC6B24FADED31&n=4A2DB40EB35F337E,2018/10/17 00:00,2018/10/26 16:52,
93711,107年度臺東縣輔具服務機構,臺東縣政府,公共資訊,107年度臺東縣福利服務行動躍升計畫-開放資料收集,性質;資源彙整機關;中心名稱;辦理單位;連絡電話;傳真;電子郵件;地址;相關網址;X坐標;Y坐標;備註;最後更新時間;govOrprivate;localGov;welSercenterName;welfareOrganizer;welOrgtelephoneNo;welOrgfaxNo;welOrgemailAccount;welOrgaddress;welOrgURL;welOrgaddressTwd97x;welOrgaddressTwd97y;welfareLastupdate,不更新,政府資料開放授權條款-第1版,http://www.taitung.gov.tw/opendata/OD_OpenData_DealData.aspx?s=0761717E86AB2B51&n=4A2DB40EB35F337E;http://www.taitung.gov.tw/opendata/OD_OpenData_DealData.aspx?s=0761717E86AB2B51&n=4A2DB40EB35F337E,2018/10/17 00:00,2018/10/26 16:50,
93712,107年度臺東縣日間照顧中心,臺東縣政府,公共資訊,107年度臺東縣福利服務行動躍升計畫-開放資料收集,性質;資源彙整機關;辦理單位;成立日期;立案文號;負責人;連絡電話;傳真;電子郵件;地址;可服務人數;相關網址;X坐標;Y坐標;備註;最後更新時間;govOrprivate;localGov;welfareOrganizer;welOrgestablishDate;welOrgappDocumentNo;welOrgprincipal;welOrgtelephoneNo;welOrgfaxNo;welOrgemailAccount;welOrgaddress;welOrgbserviceNo;welOrgURL;welOrgaddressTwd97x;welOrgaddressTwd97y;welfareLastupdate,不更新,政府資料開放授權條款-第1版,http://www.taitung.gov.tw/opendata/OD_OpenData_DealData.aspx?s=C35360FF1ECFAAD3&n=4A2DB40EB35F337E;http://www.taitung.gov.tw/opendata/OD_OpenData_DealData.aspx?s=C35360FF1ECFAAD3&n=4A2DB40EB35F337E,2018/10/17 00:00,2018/10/26 16:48,
93713,107年度臺東縣家庭暴力及性侵害防治中心,臺東縣政府,公共資訊,107年度臺東縣福利服務行動躍升計畫-開放資料收集,資源彙整機關;中心名稱;連絡電話;傳真;電子郵件;地址;相關網址;X坐標;Y坐標;備註;最後更新時間;localGov;welSercenterName;welOrgtelephoneNo;welOrgfaxNo;welOrgemailAccount;welOrgaddress;welOrgURL;welOrgaddressTwd97x;welOrgaddressTwd97y;welfareLastupdate,不更新,政府資料開放授權條款-第1版,http://www.taitung.gov.tw/opendata/OD_OpenData_DealData.aspx?s=31B2C38ACFCF6793&n=4A2DB40EB35F337E;http://www.taitung.gov.tw/opendata/OD_OpenData_DealData.aspx?s=31B2C38ACFCF6793&n=4A2DB40EB35F337E,2018/10/17 00:00,2018/10/26 16:46,
93714,107年度臺東縣社區照顧關懷據點,臺東縣政府,公共資訊,107年度臺東縣福利服務行動躍升計畫-開放資料收集,資源彙整機關;辦理單位;成立日期;負責人;連絡電話;傳真;電子郵件;地址;相關網址;X坐標;Y坐標;備註;最後更新時間,不更新,政府資料開放授權條款-第1版,http://www.taitung.gov.tw/opendata/OD_OpenData_DealData.aspx?s=7315784A9DBE8666&n=4A2DB40EB35F337E;http://www.taitung.gov.tw/opendata/OD_OpenData_DealData.aspx?s=7315784A9DBE8666&n=4A2DB40EB35F337E,2018/10/17 00:00,2018/10/26 16:44,
93715,107年度臺東縣家庭、社會福利服務中心,臺東縣政府,公共資訊,107年度臺東縣福利服務行動躍升計畫-開放資料收集,資源彙整機關;辦理單位;成立日期;連絡電話;傳真;電子郵件;地址;相關網址;X坐標;Y坐標;備註;最後更新時間;localGov;welfareOrganizer;welOrgestablishDate;welOrgtelephoneNo;welOrgfaxNo;welOrgaddress;welOrgURL;welOrgaddressTwd97x;welOrgaddressTwd97y;welfareLastupdate,不更新,政府資料開放授權條款-第1版,http://www.taitung.gov.tw/opendata/OD_OpenData_DealData.aspx?s=C6C8DE225ADF696F&n=4A2DB40EB35F337E;http://www.taitung.gov.tw/opendata/OD_OpenData_DealData.aspx?s=C6C8DE225ADF696F&n=4A2DB40EB35F337E,2018/10/17 00:00,2018/10/26 16:40,
93716,107年度臺東縣高風險家庭關懷輔導處遇服務據點,臺東縣政府,公共資訊,107年度臺東縣福利服務行動躍升計畫-開放資料收集,資源彙整機關;辦理單位;成立日期;立案文號;負責人;連絡電話;傳真;電子郵件;地址;相關網址;X坐標;Y坐標;備註;最後更新時間;localGov;welfareOrganizer;welOrgestablishDate;welOrgappDocumentNo;welOrgprincipal;welOrgtelephoneNo;welOrgfaxNo;welOrgemailAccount;welOrgaddress;welOrgURL;welOrgaddressTwd97x;welOrgaddressTwd97y;welfareLastupdate,不更新,政府資料開放授權條款-第1版,http://www.taitung.gov.tw/opendata/OD_OpenData_DealData.aspx?s=AEF79F6693F4B6DD&n=4A2DB40EB35F337E;http://www.taitung.gov.tw/opendata/OD_OpenData_DealData.aspx?s=AEF79F6693F4B6DD&n=4A2DB40EB35F337E,2018/10/17 00:00,2018/10/26 16:42,
93717,107年度臺東縣避難收容所位置及收容人數,臺東縣政府,公共資訊,107年度臺東縣福利服務行動躍升計畫-開放資料收集,資源彙整機關;收容所編號;收容所名稱;收容所鄉鎮市區;收容所村里;地址;管理人;連絡電話;收容人數;X坐標;Y坐標;備註;最後更新時間;localGov;welOrgemeShetemAccID;welOrgemeShetemAccname;welOrgtownshipCitydistrict;welOrgvillage;welOrgaddress;welOrgemeShetemAccmanager;welOrgtelephoneNo;welOrgemeShetemAccNo;welOrgaddressTwd97x;welOrgaddressTwd97y;welfareLastupdate,不更新,政府資料開放授權條款-第1版,http://www.taitung.gov.tw/opendata/OD_OpenData_DealData.aspx?s=653A3ED476D424F2&n=4A2DB40EB35F337E;http://www.taitung.gov.tw/opendata/OD_OpenData_DealData.aspx?s=653A3ED476D424F2&n=4A2DB40EB35F337E,2018/10/17 00:00,2018/10/26 16:38,
93718,107年度臺東縣新住民家庭服務中心,臺東縣政府,公共資訊,107年度臺東縣福利服務行動躍升計畫-開放資料收集,資源彙整機關;中心名稱;辦理單位;連絡電話;傳真;電子郵件;地址;服務區域;服務時間;相關網址;X坐標;Y坐標;備註;最後更新時間;localGov;welSercenterName;welfareOrganizer;welOrgtelephoneNo;welOrgfaxNo;welOrgemailAccount;welOrgaddress;welOrgserviceArea;welOrgbusinessHours;welOrgURL;welOrgaddressTwd97x;welOrgaddressTwd97y;welfareRemarks;welfareLastupdate,不更新,政府資料開放授權條款-第1版,http://www.taitung.gov.tw/opendata/OD_OpenData_DealData.aspx?s=B750418C4DC9C700&n=4A2DB40EB35F337E;http://www.taitung.gov.tw/opendata/OD_OpenData_DealData.aspx?s=B750418C4DC9C700&n=4A2DB40EB35F337E,2018/10/17 00:00,2018/10/26 16:34,
93719,107年度臺東縣實(食)物銀行,臺東縣政府,公共資訊,107年度臺東縣福利服務行動躍升計畫-開放資料收集,資源彙整機關;辦理單位;連絡電話;傳真;電子郵件;地址;服務區域;服務時間;相關網址;X坐標;Y坐標;備註;最後更新時間;localGov;welfareOrganizer;welOrgtelephoneNo;welOrgfaxNo;welOrgemailAccount;welOrgaddress;welOrgserviceArea;welOrgbusinessHours;welOrgURL;welOrgaddressTwd97x;welOrgaddressTwd97y;welfareLastupdate,不更新,政府資料開放授權條款-第1版,http://www.taitung.gov.tw/opendata/OD_OpenData_DealData.aspx?s=9713CADC77E9DB6E&n=4A2DB40EB35F337E;http://www.taitung.gov.tw/opendata/OD_OpenData_DealData.aspx?s=9713CADC77E9DB6E&n=4A2DB40EB35F337E,2018/10/17 00:00,2018/10/26 17:30,
93720,107年度臺東縣居家托育服務單位,臺東縣政府,公共資訊,107年度臺東縣福利服務行動躍升計畫-開放資料收集,性質;資源彙整機關;中心名稱;辦理單位;連絡電話;傳真;電子郵件;地址;服務區域;服務時間;相關網址;X坐標;Y坐標;備註;最後更新時間;govOrprivate;localGov;welSercenterName;welfareOrganizer;welOrgtelephoneNo;welOrgfaxNo;welOrgaddress;welOrgserviceArea;welOrgbusinessHours;welOrgURL;welOrgaddressTwd97x;welOrgaddressTwd97y;welfareLastupdate,不更新,政府資料開放授權條款-第1版,http://www.taitung.gov.tw/opendata/OD_OpenData_DealData.aspx?s=CBE45A6D64F422D6&n=4A2DB40EB35F337E;http://www.taitung.gov.tw/opendata/OD_OpenData_DealData.aspx?s=CBE45A6D64F422D6&n=4A2DB40EB35F337E,2018/10/17 00:00,2018/10/26 17:28,
93721,107年度臺東縣社區活動中心,臺東縣政府,公共資訊,107年度臺東縣福利服務行動躍升計畫-開放資料收集,資源彙整機關;鄉鎮市區;村里;中心名稱;辦理單位;連絡電話;地址;相關網址;X坐標;Y坐標;備註;最後更新時間;localGov;welOrgtownshipCitydistrict;welOrgvillage;welSercenterName;welfareOrganizer;welOrgaddress;welOrgaddressTwd97x;welOrgaddressTwd97y;welfareLastupdate,不更新,政府資料開放授權條款-第1版,http://www.taitung.gov.tw/opendata/OD_OpenData_DealData.aspx?s=70ABD7A452E89A1C&n=4A2DB40EB35F337E;http://www.taitung.gov.tw/opendata/OD_OpenData_DealData.aspx?s=70ABD7A452E89A1C&n=4A2DB40EB35F337E,2018/10/17 00:00,2018/10/26 17:26,
93722,107年度臺東縣餐飲服務提供單位,臺東縣政府,公共資訊,107年度臺東縣福利服務行動躍升計畫-開放資料收集,資源彙整機關;辦理單位;連絡電話;傳真;電子郵件;地址;服務區域;相關網址;X坐標;Y坐標;備註;最後更新時間;localGov;welfareOrganizer;welOrgtelephoneNo;welOrgfaxNo;welOrgemailAccount;welOrgaddress;welOrgserviceArea;welOrgURL;welOrgaddressTwd97x;welOrgaddressTwd97y;welfareLastupdate,不更新,政府資料開放授權條款-第1版,http://www.taitung.gov.tw/opendata/OD_OpenData_DealData.aspx?s=191CD416948CB007&n=4A2DB40EB35F337E;http://www.taitung.gov.tw/opendata/OD_OpenData_DealData.aspx?s=191CD416948CB007&n=4A2DB40EB35F337E,2018/10/17 00:00,2018/10/26 17:24,
93723,107年度臺東縣身心障礙餐飲服務提供單位,臺東縣政府,公共資訊,107年度臺東縣福利服務行動躍升計畫-開放資料收集,資源彙整機關;辦理單位;連絡電話;傳真;電子郵件;地址;服務區域;相關網址;X坐標;Y坐標;備註;最後更新時間;localGov;welfareOrganizer;welOrgtelephoneNo;welOrgfaxNo;welOrgemailAccount;welOrgaddress;welOrgserviceArea;welOrgURL;welOrgaddressTwd97x;welOrgaddressTwd97y;welfareLastupdate,不更新,政府資料開放授權條款-第1版,http://www.taitung.gov.tw/opendata/OD_OpenData_DealData.aspx?s=191CD416948CB007&n=4A2DB40EB35F337E;http://www.taitung.gov.tw/opendata/OD_OpenData_DealData.aspx?s=191CD416948CB007&n=4A2DB40EB35F337E,2018/10/17 00:00,2018/10/26 17:22,
93724,107年度臺東縣交通接送服務,臺東縣政府,公共資訊,107年度臺東縣福利服務行動躍升計畫-開放資料收集,資源彙整機關;辦理單位;連絡電話;傳真;電子郵件;地址;服務區域;相關網址;X坐標;Y坐標;備註;最後更新時間,不更新,政府資料開放授權條款-第1版,http://www.taitung.gov.tw/opendata/OD_OpenData_DealData.aspx?s=121617E8594B96B2&n=4A2DB40EB35F337E;http://www.taitung.gov.tw/opendata/OD_OpenData_DealData.aspx?s=121617E8594B96B2&n=4A2DB40EB35F337E,2018/10/17 00:00,2018/10/26 17:20,
93725,107年度臺東縣身心障礙托育養護服務提供單位,臺東縣政府,公共資訊,107年度臺東縣福利服務行動躍升計畫-開放資料收集,性質;資源彙整機關;辦理單位;成立日期;立案文號;負責人;連絡電話;傳真;電子郵件;地址;核定服務人數_全日型住宿;核定服務人數_夜間型住宿;核定服務人數_日間照顧;核定服務人數_部分時制照顧;核定服務人數_總計;相關網址;X坐標;Y坐標;備註;最後更新時間;govOrprivate;localGov;welfareOrganizer;welOrgestablishDate;welOrgappDocumentNo;welOrgprincipal;welOrgtelephoneNo;welOrgfaxNo;welOrgemailAccount;welOrgaddress;welOrgsocwelInsdisWholedayNo;welOrgsocwelInsdisAtnightNo;welOrgsocwelInsdisDuringdayNo;welOrgsocwelInsdisParttimeNo;welOrgsocwelInsdisApptotalNo;welOrgURL;welOrgaddressTwd97x;welOrgaddressTwd97y;welfareLastupdate,不更新,政府資料開放授權條款-第1版,http://www.taitung.gov.tw/opendata/OD_OpenData_DealData.aspx?s=DA0DDED8BE775313&n=4A2DB40EB35F337E;http://www.taitung.gov.tw/opendata/OD_OpenData_DealData.aspx?s=DA0DDED8BE775313&n=4A2DB40EB35F337E,2018/10/17 00:00,2018/10/26 17:18,
93726,107年度臺東縣急難救助提供單位,臺東縣政府,公共資訊,107年度臺東縣福利服務行動躍升計畫-開放資料收集,資源彙整機關;辦理單位;連絡電話;傳真;電子郵件;地址;相關網址;X坐標;Y坐標;備註;最後更新時間,不更新,政府資料開放授權條款-第1版,http://www.taitung.gov.tw/opendata/OD_OpenData_DealData.aspx?s=2FB773482AB4CE5F&n=4A2DB40EB35F337E;http://www.taitung.gov.tw/opendata/OD_OpenData_DealData.aspx?s=2FB773482AB4CE5F&n=4A2DB40EB35F337E,2018/10/17 00:00,2018/10/26 17:16,
93727,107年度臺東縣單親家庭服務提供單位,臺東縣政府,公共資訊,107年度臺東縣福利服務行動躍升計畫-開放資料收集,資源彙整機關;中心名稱;辦理單位;連絡電話;傳真;電子郵件;地址;服務區域;相關網址;X坐標;Y坐標;備註;最後更新時間,不更新,政府資料開放授權條款-第1版,http://www.taitung.gov.tw/opendata/OD_OpenData_DealData.aspx?s=ACEB44228F8D73C8&n=4A2DB40EB35F337E;http://www.taitung.gov.tw/opendata/OD_OpenData_DealData.aspx?s=ACEB44228F8D73C8&n=4A2DB40EB35F337E,2018/10/17 00:00,2018/10/26 17:14,
93728,107年度臺東縣喘息服務提供單位,臺東縣政府,公共資訊,107年度臺東縣福利服務行動躍升計畫-開放資料收集,性質;資源彙整機關;辦理單位;成立日期;立案文號;負責人;連絡電話;傳真;電子郵件;地址;服務項目;服務區域;相關網址;X坐標;Y坐標;備註;最後更新時間,不更新,政府資料開放授權條款-第1版,http://www.taitung.gov.tw/opendata/OD_OpenData_DealData.aspx?s=47D3FD72B386BCA5&n=4A2DB40EB35F337E;http://www.taitung.gov.tw/opendata/OD_OpenData_DealData.aspx?s=47D3FD72B386BCA5&n=4A2DB40EB35F337E,2018/10/17 00:00,2018/10/26 17:12,
93729,107年度臺東縣身心障礙鑑定醫院,臺東縣政府,公共資訊,107年度臺東縣福利服務行動躍升計畫-開放資料收集,資源彙整機關;醫院名稱;連絡電話;傳真;電子郵件;地址;新制鑑定類別及向度;相關網址;X坐標;Y坐標;備註;最後更新時間,不更新,政府資料開放授權條款-第1版,http://www.taitung.gov.tw/opendata/OD_OpenData_DealData.aspx?s=711CDEF131C355AE&n=4A2DB40EB35F337E;http://www.taitung.gov.tw/opendata/OD_OpenData_DealData.aspx?s=711CDEF131C355AE&n=4A2DB40EB35F337E,2018/10/17 00:00,2018/10/26 17:10,
93730,107年度臺東縣特殊教育學校,臺東縣政府,公共資訊,107年度臺東縣福利服務行動躍升計畫-開放資料收集,資源彙整機關;學校名稱;連絡電話;傳真;地址;設立別;教育階段;相關網址;X坐標;Y坐標;備註;最後更新時間;localGov;welOrgspeSchoolname;welOrgtelephoneNo;welOrgfaxNo;welOrgaddress;welOrgnatMuncouOrpri;welOrgeducationStage;welOrgURL;welOrgaddressTwd97x;welOrgaddressTwd97y;welfareLastupdate,不更新,政府資料開放授權條款-第1版,http://www.taitung.gov.tw/opendata/OD_OpenData_DealData.aspx?s=52A43F6A3C70406A&n=4A2DB40EB35F337E;http://www.taitung.gov.tw/opendata/OD_OpenData_DealData.aspx?s=52A43F6A3C70406A&n=4A2DB40EB35F337E,2018/10/17 00:00,2018/10/26 17:08,
93732,107年度臺東縣就業服務據點,臺東縣政府,公共資訊,107年度臺東縣福利服務行動躍升計畫-開放資料收集,主管機關;據點名稱;連絡電話;傳真;服務時間;地址;相關網站;X坐標;Y坐標;備註;最後更新時間;localGov;welOrgempSerofficeName;welfareOrganizer;welOrgtelephoneNo;welOrgaddress;welOrgbusinessHours;welOrgURL;welOrgaddressTwd97y,不更新,政府資料開放授權條款-第1版,http://www.taitung.gov.tw/opendata/OD_OpenData_DealData.aspx?s=CA66E6692FA8D812&n=4A2DB40EB35F337E;http://www.taitung.gov.tw/opendata/OD_OpenData_DealData.aspx?s=CA66E6692FA8D812&n=4A2DB40EB35F337E,2018/10/17 00:00,2018/10/26 17:06,
93733,107年度臺東縣家庭護理機構,臺東縣政府,公共資訊,107年度臺東縣福利服務行動躍升計畫-開放資料收集,性質;主管機關;辦理單位;連絡電話;地址;相關網站;X坐標;Y坐標;備註;最後更新時間;govOrprivate;localGov;welfareOrganizer;welOrgtelephoneNo;welOrgaddress;welOrgaddressTwd97x;welOrgaddressTwd97y;welfareLastupdate,不更新,政府資料開放授權條款-第1版,http://www.taitung.gov.tw/opendata/OD_OpenData_DealData.aspx?s=E638018CB75CB060&n=4A2DB40EB35F337E;http://www.taitung.gov.tw/opendata/OD_OpenData_DealData.aspx?s=E638018CB75CB060&n=4A2DB40EB35F337E,2018/10/17 00:00,2018/10/26 16:36,
93734,107年度臺東縣長期照顧管理中心,臺東縣政府,公共資訊,107年度臺東縣福利服務行動躍升計畫-開放資料收集,資源彙整機關;辦理單位;連絡電話;傳真;電子郵件;地址;服務時間;相關網址;X坐標;Y坐標;備註;最後更新時間;localGov;welfareOrganizer;welOrgtelephoneNo;welOrgfaxNo;welOrgaddress;welOrgURL;welOrgaddressTwd97x;welOrgaddressTwd97y;welfareLastupdate,不更新,政府資料開放授權條款-第1版,http://www.taitung.gov.tw/opendata/OD_OpenData_DealData.aspx?s=732892F547628DB9&n=4A2DB40EB35F337E;http://www.taitung.gov.tw/opendata/OD_OpenData_DealData.aspx?s=732892F547628DB9&n=4A2DB40EB35F337E,2018/10/17 00:00,2018/10/26 17:04,
93735,107年度臺東縣失智症服務及資源提供單位,臺東縣政府,公共資訊,107年度臺東縣福利服務行動躍升計畫-開放資料收集,資源彙整機關;辦理單位;連絡電話;傳真;地址;服務項目;相關網址;X坐標;Y坐標;備註;最後更新時間,不更新,政府資料開放授權條款-第1版,http://www.taitung.gov.tw/opendata/OD_OpenData_DealData.aspx?s=14F697861C7B758B&n=4A2DB40EB35F337E;http://www.taitung.gov.tw/opendata/OD_OpenData_DealData.aspx?s=14F697861C7B758B&n=4A2DB40EB35F337E,2018/10/17 00:00,2018/10/26 16:20,
93736,107年度臺東縣村里辦公室,臺東縣政府,公共資訊,107年度臺東縣福利服務行動躍升計畫-開放資料收集,主管機關;行政區分;里別名稱;里長姓名;服務電話;傳真;服務處地址;X坐標;Y坐標;備註;最後更新時間;localGov;welOrgtownshipCitydistrict;welOrgvillage;welSercenterName;welfareOrganizer;welOrgaddress;welOrgaddressTwd97x;welOrgaddressTwd97y,不更新,政府資料開放授權條款-第1版,http://www.taitung.gov.tw/opendata/OD_OpenData_DealData.aspx?s=EB9C8B061B5EA361&n=4A2DB40EB35F337E;http://www.taitung.gov.tw/opendata/OD_OpenData_DealData.aspx?s=EB9C8B061B5EA361&n=4A2DB40EB35F337E,2018/10/17 00:00,2018/10/26 17:58,
93737,107年度臺東縣身心障礙牙醫醫療院所,臺東縣政府,公共資訊,107年度臺東縣福利服務行動躍升計畫-開放資料收集,性質;主管機關;辦理單位;連絡電話;地址;相關網站;X坐標;Y坐標;備註;最後更新時間;govOrprivate;localGov;welfareOrganizer;welOrgtelephoneNo;welOrgaddress;welOrgaddressTwd97x;welOrgaddressTwd97y;welfareLastupdate,不更新,政府資料開放授權條款-第1版,http://www.taitung.gov.tw/opendata/OD_OpenData_DealData.aspx?s=75BB09111F4251A5&n=4A2DB40EB35F337E;http://www.taitung.gov.tw/opendata/OD_OpenData_DealData.aspx?s=75BB09111F4251A5&n=4A2DB40EB35F337E,2018/10/17 00:00,2018/10/26 17:56,
93738,107年度臺東縣原住民文化健康站,臺東縣政府,公共資訊,107年度臺東縣福利服務行動躍升計畫-開放資料收集,性質;主管機關;辦理單位;連絡電話;傳真;地址;相關網站;X坐標;Y坐標;備註;最後更新時間;govOrprivate;localGov;welfareOrganizer;welOrgtelephoneNo;welOrgaddressTwd97y;welfareLastupdate,不更新,政府資料開放授權條款-第1版,http://www.taitung.gov.tw/opendata/OD_OpenData_DealData.aspx?s=666972465F07F207&n=4A2DB40EB35F337E;http://www.taitung.gov.tw/opendata/OD_OpenData_DealData.aspx?s=666972465F07F207&n=4A2DB40EB35F337E,2018/10/17 00:00,2018/10/26 17:54,
93739,107年度臺東縣遊民收容位置,臺東縣政府,公共資訊,107年度臺東縣福利服務行動躍升計畫-開放資料收集,性質;主管機關;辦理單位;連絡電話;傳真;地址;相關網站;X坐標;Y坐標;備註;最後更新時間,不更新,政府資料開放授權條款-第1版,http://www.taitung.gov.tw/opendata/OD_OpenData_DealData.aspx?s=3FA81B3447968708&n=4A2DB40EB35F337E;http://www.taitung.gov.tw/opendata/OD_OpenData_DealData.aspx?s=3FA81B3447968708&n=4A2DB40EB35F337E,2018/10/17 00:00,2018/10/26 17:52,
93740,107年度臺東縣老人牙醫醫療院所,臺東縣政府,公共資訊,107年度臺東縣福利服務行動躍升計畫-開放資料收集,性質;主管機關;辦理單位;連絡電話;地址;相關網站;X坐標;Y坐標;備註;最後更新時間;govOrprivate;localGov;welfareOrganizer;welOrgtelephoneNo;welOrgaddress;welOrgaddressTwd97y;welfareLastupdate,不更新,政府資料開放授權條款-第1版,http://www.taitung.gov.tw/opendata/OD_OpenData_DealData.aspx?s=2F03EB15D7DD2C4E&n=4A2DB40EB35F337E;http://www.taitung.gov.tw/opendata/OD_OpenData_DealData.aspx?s=2F03EB15D7DD2C4E&n=4A2DB40EB35F337E,2018/10/17 00:00,2018/10/26 17:50,
93741,107年度臺東縣AED設置場所,臺東縣政府,公共資訊,107年度臺東縣福利服務行動躍升計畫-開放資料收集,主管機關;辦理單位;設置地點;裝設位置(地址);擺放地點備註;設備來源;X坐標;Y坐標;最後更新時間;localGov;welfareOrganizer;welOrgaddressTwd97x;welOrgaddressTwd97y;welfareLastupdate,不更新,政府資料開放授權條款-第1版,http://www.taitung.gov.tw/opendata/OD_OpenData_DealData.aspx?s=875F36DB32CAF3D8&n=4A2DB40EB35F337E;http://www.taitung.gov.tw/opendata/OD_OpenData_DealData.aspx?s=875F36DB32CAF3D8&n=4A2DB40EB35F337E,2018/10/17 00:00,2018/10/26 17:48,
93742,107年度臺東縣衛生所,臺東縣政府,公共資訊,107年度臺東縣福利服務行動躍升計畫-開放資料收集,性質;主管機關;辦理單位;單位名稱;連絡電話;傳真;電子郵件;地址;相關網站;X坐標;Y坐標;備註;最後更新時間;govOrprivate;localGov;welfareOrganizer;welOrgtelephoneNo;welOrgaddress;welOrgaddressTwd97y,不更新,政府資料開放授權條款-第1版,http://www.taitung.gov.tw/opendata/OD_OpenData_DealData.aspx?s=DD1764941C7049C0&n=4A2DB40EB35F337E;http://www.taitung.gov.tw/opendata/OD_OpenData_DealData.aspx?s=DD1764941C7049C0&n=4A2DB40EB35F337E,2018/10/17 00:00,2018/10/26 17:46,
93743,107年度臺東縣戒毒機構,臺東縣政府,公共資訊,107年度臺東縣福利服務行動躍升計畫-開放資料收集,性質;主管機關;辦理單位;連絡電話;傳真;電子郵件;地址;相關網址;X坐標;Y坐標;備註;最後更新時間;localGov;welfareOrganizer;welOrgtelephoneNo;welOrgaddress;welOrgaddressTwd97x;welOrgaddressTwd97y,不更新,政府資料開放授權條款-第1版,http://www.taitung.gov.tw/opendata/OD_OpenData_DealData.aspx?s=0F2E07CB44F803D4&n=4A2DB40EB35F337E;http://www.taitung.gov.tw/opendata/OD_OpenData_DealData.aspx?s=0F2E07CB44F803D4&n=4A2DB40EB35F337E,2018/10/17 00:00,2018/10/26 17:42,
93744,107年度臺東縣無線網路佈建位址,臺東縣政府,公共資訊,107年度臺東縣福利服務行動躍升計畫-開放資料收集,主管機關;辦理單位;位址名稱;連絡電話;地址;熱區分類;相關網站;X坐標;Y坐標;備註;最後更新時間,不更新,政府資料開放授權條款-第1版,http://www.taitung.gov.tw/opendata/OD_OpenData_DealData.aspx?s=BC0331AA24BA5F1C&n=4A2DB40EB35F337E;http://www.taitung.gov.tw/opendata/OD_OpenData_DealData.aspx?s=BC0331AA24BA5F1C&n=4A2DB40EB35F337E,2018/10/17 00:00,2018/10/26 17:44,
93745,107年度臺東縣原住民家庭服務中心,臺東縣政府,公共資訊,107年度臺東縣福利服務行動躍升計畫-開放資料收集,資源彙整機關;辦理單位;連絡電話;傳真;電子郵件;地址;相關網址;X坐標;Y坐標;備註;最後更新時間,不更新,政府資料開放授權條款-第1版,http://www.taitung.gov.tw/opendata/OD_OpenData_DealData.aspx?s=9A19C11721AA542C&n=4A2DB40EB35F337E;http://www.taitung.gov.tw/opendata/OD_OpenData_DealData.aspx?s=9A19C11721AA542C&n=4A2DB40EB35F337E,2018/10/17 00:00,2018/10/26 17:40,
93746,107年度臺東縣社區發展協會據點,臺東縣政府,公共資訊,107年度臺東縣福利服務行動躍升計畫-開放資料收集,主管機關;辦理單位;成立日期;立案文號;里事長;總幹事;協會名稱;服務項目;聯絡電話;傳真;協會地址;X坐標;Y坐標;備註;最後更新時間,不更新,政府資料開放授權條款-第1版,http://www.taitung.gov.tw/opendata/OD_OpenData_DealData.aspx?s=C2D95BF38D11E3C2&n=4A2DB40EB35F337E;http://www.taitung.gov.tw/opendata/OD_OpenData_DealData.aspx?s=C2D95BF38D11E3C2&n=4A2DB40EB35F337E,2018/10/17 00:00,2018/10/26 17:38,
93747,107年度臺東縣身心障礙團體,臺東縣政府,公共資訊,107年度臺東縣福利服務行動躍升計畫-開放資料收集,性質;主管機關;辦理單位;連絡電話;傳真;電子郵件;地址;相關網址;X坐標;Y坐標;備註;最後更新時間,不更新,政府資料開放授權條款-第1版,http://www.taitung.gov.tw/opendata/OD_OpenData_DealData.aspx?s=9480FE800662A75D&n=4A2DB40EB35F337E;http://www.taitung.gov.tw/opendata/OD_OpenData_DealData.aspx?s=9480FE800662A75D&n=4A2DB40EB35F337E,2018/10/17 00:00,2018/10/26 17:36,
93748,107年度臺東縣身心障礙庇護工廠,臺東縣政府,公共資訊,107年度臺東縣福利服務行動躍升計畫-開放資料收集,性質;主管機關;辦理單位;連絡電話;傳真;電子郵件;地址;相關網址;X坐標;Y坐標;備註;最後更新時間,不更新,政府資料開放授權條款-第1版,http://www.taitung.gov.tw/opendata/OD_OpenData_DealData.aspx?s=82FBE8C74D3D1B79&n=4A2DB40EB35F337E;http://www.taitung.gov.tw/opendata/OD_OpenData_DealData.aspx?s=82FBE8C74D3D1B79&n=4A2DB40EB35F337E,2018/10/17 00:00,2018/10/26 17:34,
93749,107年度臺東縣老人健檢醫療院所,臺東縣政府,公共資訊,107年度臺東縣福利服務行動躍升計畫-開放資料收集,性質;主管機關;辦理單位;連絡電話;地址;相關網站;X坐標;Y坐標;備註;最後更新時間,不更新,政府資料開放授權條款-第1版,http://www.taitung.gov.tw/opendata/OD_OpenData_DealData.aspx?s=2C33390924BD6EED&n=4A2DB40EB35F337E;http://www.taitung.gov.tw/opendata/OD_OpenData_DealData.aspx?s=2C33390924BD6EED&n=4A2DB40EB35F337E,2018/10/17 00:00,2018/10/26 17:32,
