資料集識別碼,資料集名稱,提供機關,服務分類,資料集描述,主要欄位說明,更新頻率,授權方式,相關網址,上架日期,詮釋資料更新時間,備註
94020,中央研究院世界科學院台灣分會台灣TWAS 院士,國際事務處,公共資訊,中央研究院世界科學院台灣分會台灣TWAS 院士,Year;Field;Member;English Name,即時,政府資料開放授權條款-第1版,,2018/10/25 00:00,2018/10/29 15:56,
94033,中央研究院國際研究生學程各分項學程簡介,國際事務處,公共資訊,中央研究院國際研究生學程各分項學程簡介,學程名稱;Progream Name;簡稱;網址;,每年,政府資料開放授權條款-第1版,,2018/10/25 00:00,2018/10/29 15:56,
94139,蔬食餐廳,交通部觀光局,休閒旅遊,蔬食餐廳資料,餐廳名稱;縣市別;地址及電話;營業時間,每日,政府資料開放授權條款-第1版,,2018/10/29 00:00,2018/10/29 16:39,
94140,歷年國人旅遊狀況調查,交通部觀光局,休閒旅遊,歷年國人旅遊狀況調查,旅遊月份;旅遊天數;主要住宿方式;旅遊目的;旅遊方式;主要利用交通工具;旅遊考慮因素;遊覽地區;主要從事活動;整體滿意度,每日,政府資料開放授權條款-第1版,,2018/10/29 00:00,2018/10/29 16:41,
94141,歷年來臺旅客消費及動向調查,交通部觀光局,休閒旅遊,歷年來臺旅客消費及動向調查,來臺目的;近3年來臺次數;來臺多久前開始計劃行程;旅行方式;遊覽地區;參與活動;對臺灣境內搭乘交通工具之滿意度;來臺經驗滿意度,每日,政府資料開放授權條款-第1版,,2018/10/29 00:00,2018/10/29 16:43,
94143,基隆市身心障礙餐飲服務提供單位,基隆市政府社會處,生活安全及品質,基隆市身心障礙餐飲服務提供單位,主管機關;機構名稱;地址;連絡電話;X坐標;Y坐標;備註;最後更新時間,每日,政府資料開放授權條款-第1版,,2018/10/29 16:52,2018/10/29 17:10,
94144,基隆市居家托育服務單位,基隆市政府社會處,生育保健,基隆市居家托育服務單位,主管機關;中心名稱;連絡電話;傳真;電子郵件;地址;相關網站;X坐標;Y坐標;備註;最後更新時間,每日,政府資料開放授權條款-第1版,,2018/10/29 17:09,2018/10/29 20:08,
