資料集識別碼,資料集名稱,提供機關,服務分類,資料集描述,主要欄位說明,更新頻率,授權方式,相關網址,上架日期,詮釋資料更新時間,備註
95104,工業局所轄工業區設施資料,經濟部工業局,公共資訊,提供工業區機關單位了解工業區內設施資訊,,不更新,政府資料開放授權條款-第1版,,"2018/12/04 00:00","2018/12/06 09:24",
95105,工業局所轄工廠採樣檢驗資料,經濟部工業局,公共資訊,提供工業區機關單位了解工業區內廠商採樣檢驗資訊,工業區;取樣日期時間;取樣來源;取樣原因;違規查獲日期;氣候;採樣目地;排放種類;PH;SS;COD;BOD;動物性油脂;礦物性油脂;透視度;其他;總汞;砷;氰化物;鎘;鐵;鎳;鋅;銅;氯鹽;六價鉻;攝氧率;導電度;水溫,不更新,政府資料開放授權條款-第1版,,"2018/12/04 00:00","2018/12/06 09:20",
95933,財政部補助地方政府促參前置作業費用執行情形表,財政部推動促參司,公共資訊,財政部補助地方政府促參前置作業費用執行情形表,支用事由;直轄市或縣市別;對象;本季補助金額(元);截至本季止累計金額(元),每季,政府資料開放授權條款-第1版,,2018/12/06 00:00,2018/12/06 10:03,授權說明網址: http://data.gov.tw/license
95986,107年10月份土石特別稅績徵表,屏東縣政府財稅局,投資理財,107年10月份土石特別稅績徵表,"查定數實徵數",每日,政府資料開放授權條款-第1版,,2018/11/05 00:00,2018/12/06 08:55,
95987,107.10月 屏東縣各項稅捐實徵淨額與預算數及上年同期比較－本月數,屏東縣政府財稅局,公共資訊,107.10月 屏東縣各項稅捐實徵淨額與預算數及上年同期比較－本月數,"本月實徵數,本月退還以前年度歲入款,本月實徵淨額,本月實徵淨額占預算數百分比,本月實徵淨額與上年同月比較",每日,政府資料開放授權條款-第1版,,2018/11/15 00:00,2018/12/06 08:55,
95988,107.10月 屏東縣各項稅捐實徵淨額與預算數及上年同期比較－累計數,屏東縣政府財稅局,公共資訊,107.10月 屏東縣各項稅捐實徵淨額與預算數及上年同期比較－累計數,"截至本月底止累計實徵數,截至本月底止累計退還以前年度歲入款,截 至 本 月 底 止 累 計 實 徵 淨 額,累計實徵淨額與全年預算數比較,累計實徵淨額與同期分配預算數比較,累計實徵淨額與上年同期比較",每日,政府資料開放授權條款-第1版,,2018/11/15 00:00,2018/12/06 08:56,
96005,108年公費流感抗病毒藥劑合約醫療院所,苗栗縣政府衛生局,就醫,108年公費流感抗病毒藥劑合約醫療院所,十碼章;醫院名稱;縣市別;行政區;郵遞區號;地址;連絡電話;座標緯度;座標經度;備註,每年,政府資料開放授權條款-第1版,,2018/12/06 00:00,2018/12/06 16:56,
