資料集識別碼,資料集名稱,提供機關,服務分類,資料集描述,主要欄位說明,更新頻率,授權方式,相關網址,上架日期,詮釋資料更新時間,備註
96581,公路客運無肇事公司列表,交通部公路總局,公共資訊,提供公路客運無肇事公司列表供參。,公司名稱,每日,政府資料開放授權條款-第1版,,2018/12/21 00:00,2018/12/21 17:08,
96582,溫度分布,交通部中央氣象局,生活安全及品質,溫度分布狀態，包含去背景1小時溫度分布圖、小時溫度觀測分析格點資料,datasetDescription;parameterName;左下角;解析度;網格資料時間;維度;單位;resourceDesc,每日,政府資料開放授權條款-第1版,,2018/12/21 00:00,2018/12/21 17:43,
96584,累積雨量,交通部中央氣象局,生活安全及品質,累積雨量分布狀態，包含去背景小間距日累積雨量圖、日累積雨量觀測分析格點資料,datasetDescription;parameterName;左下角;解析度;網格資料時間;維度;單位;resourceDesc,每日,政府資料開放授權條款-第1版,,2018/12/21 00:00,2018/12/21 17:50,
96569,非都市土地違規使用案件違規態樣分析統計表,地政司,公共資訊,"違規態樣,新北市,桃園市,臺中市,臺南市,高雄市,基隆市,新竹市,新竹縣,苗栗縣,彰化縣,南投縣,雲林縣,嘉義縣,屏東縣,臺東縣,宜蘭縣,花蓮縣,澎湖縣",IllegalLandUseType;NewTaipeiCity;TaoyuanCity;TaichungCity;TainanCity;KaohsiungCity;KeelungCity;HsinchuCity;HsinchuCounty;MiaoliCounty;ChanghuaCounty;NantouCounty;YunlinCounty;ChiayiCounty;PingtungCounty;TaitungCounty;YilanCounty;HualienCounty;PenghuCounty,每年,政府資料開放授權條款-第1版,,2018/12/21 09:36,2018/12/21 10:14,
96577,107年11月份會計月報,福建省政府,公共資訊,經費累計表等表,,每月,政府資料開放授權條款-第1版,,2018/12/21 00:00,2018/12/21 16:47,
96590,花蓮縣政府縣民服務升級申辦項目資訊,花蓮縣政府,公共資訊,"花蓮縣政府縣民服務升級申辦項目資訊-json,XML,CSV","序號,承辦單位,申辦項目,電話,工作天",每日,政府資料開放授權條款-第1版,,2018/12/22 00:00,2018/12/22 03:24,無
