資料集識別碼,資料集名稱,提供機關,服務分類,資料集描述,主要欄位說明,更新頻率,授權方式,相關網址,上架日期,詮釋資料更新時間,備註
96328,107年11月會計月報,臺灣橋頭地方法院,公共資訊,107年11月會計月報,會計年度;月份;款;項;目;節;預算年度;預算科目編號;預算科目名稱;細目編號;細目名稱;原預算數;追加減數;截至本月止累計分配數_1;本月實現數;截至本月止累計實現數_2;應收收入數_3;分配數預算餘額_4;分支計畫編號;分支計畫名稱;用途別編號;用途別名稱;第一預備金;第二預備金;經費流用數;預算調整數;應付數;已分配尚未執行數;備註_預暫付數;以前年度轉入數;應收數;保留數;減免;截至本月止累計實現數;調整數;尚未執行數;基金別;會計分類;使用機關別;科目分類;會計科目編號;會計科目名稱;金額;科目名稱;取得成本;以前年度累計折舊_長期投資評價;本年度資本資產成本變動_增加數;本年度資本資產成本變動_減少數;本年度累計折舊_長期投資評價變動數;期末帳面金額;備註;業務計畫或工作計畫;經資門;執行數;項目;收入實現數;減項_收入待納庫數;加項_以前年度待納庫繳庫數;加項_以前年度撥款於本年度繳還數_材料;加項_以前年度撥款於本年度繳還數_存出保證金;加項_以前年度撥款於本年度繳還數_其他應收款;加項_預收款;加項_剔除經費;繳付公庫數;一級用途別編號;一級用途別名稱;支出實現數;加項_預付款;加項_材料;加項_存出保證金;加項_零用金;加項_退還收入預收款;加項_其他應收款;減項_以前年度撥款於本年度實現數;公庫撥入數;公庫分配數餘額;金額_本月數;金額_累計數,每月,政府資料開放授權條款-第1版,http://ctd.judicial.gov.tw/UserFiles/10711月報XML.zip,2018/12/17 00:00,2018/12/17 14:22,
96507,國史館臺灣文獻館107年度11月份會計月報,國史館臺灣文獻館,公共資訊,國史館臺灣文獻館107年度11月份會計月報資料,會計年度;月份;款;項;目;節;預算年度;預算科目編號;預算科目名稱;細目編號;細目名稱;原預算數;追加減數;截至本月止累計分配數_1;本月實現數;截至本月止累計實現數_2;應收收入數_3;分配數預算餘額_4;分支計畫編號;分支計畫名稱;用途別編號;用途別名稱;第一預備金;第二預備金;經費流用數;預算調整數;應付數;已分配尚未執行數;備註_預暫付數;基金別;會計分類;使用機關別;科目分類;會計科目編號;會計科目名稱;金額;科目名稱;取得成本;以前年度累計折舊_長期投資評價;本年度資本資產成本變動_增加數;本年度資本資產成本變動_減少數;本年度累計折舊_長期投資評價變動數;期末帳面金額;備註;業務計畫或工作計畫;經資門;執行數;項目;收入實現數;減項_收入待納庫數;加項_以前年度待納庫繳庫數;加項_以前年度撥款於本年度繳還數_材料;加項_以前年度撥款於本年度繳還數_存出保證金;加項_以前年度撥款於本年度繳還數_其他應收款;加項_預收款;加項_剔除經費;繳付公庫數;一級用途別編號;一級用途別名稱;支出實現數;加項_預付款;加項_材料;加項_存出保證金;加項_零用金;加項_退還收入預收款;加項_其他應收款;減項_以前年度撥款於本年度實現數;公庫撥入數;公庫分配數餘額;金額_本月數;金額_累計數,每月,政府資料開放授權條款-第1版,,2018/12/19 00:00,2018/12/19 15:20,
96508,交通部公路總局養護工程處轄區,交通部公路總局,公共資訊,提供本局各養護工程處轄區範圍資料。,COUNTYNAME;TOWNNAME;MaintOff;Branch;Branch2;Branch3,每日,政府資料開放授權條款-第1版,,2018/12/19 00:00,2018/12/19 15:19,
96510,省道易淹水泥流水瀑路段,交通部公路總局,公共資訊,提供省道易淹水泥流水瀑路段資料。,路段名稱;跨越河川;座標;雨量站;管理單位,每日,政府資料開放授權條款-第1版,,2018/12/19 00:00,2018/12/19 15:52,
96513,交通部公路總局公路申挖系統資料,交通部公路總局,公共資訊,提供本局公路申挖案件資訊。,轄管工程處;路證核發單位;縣市別;路線別;起點樁位;終點樁位;路線方向;申請事宜;施工地點說明;核准期間起;核准期間訖;核准時段起;核准時段訖;核准文號;管線種類;申請挖掘單位;申請單位電話;單位連絡人;連絡人電話;監造單位;監造單位電話;施工單位;施工單位電話;長度;寬度,每日,政府資料開放授權條款-第1版,,2018/12/19 00:00,2018/12/19 16:58,
