資料集識別碼,資料集名稱,提供機關,服務分類,資料集描述,主要欄位說明,更新頻率,授權方式,相關網址,上架日期,詮釋資料更新時間,備註
95946,高雄高等行政法院107年度11月會計月報,高雄高等行政法院,公共資訊,高雄高等行政法院107年度11月會計月報,會計年度;月份;款;項;目;節;預算年度;預算科目編號;預算科目名稱;細目編號;細目名稱;原預算數;追加減數;截至本月止累計分配數_1;本月實現數;截至本月止累計實現數_2;應收收入數_3;分配數預算餘額_4;分支計畫編號;分支計畫名稱;用途別編號;用途別名稱;第一預備金;第二預備金;經費流用數;預算調整數;應付數;已分配尚未執行數;備註_預暫付數;以前年度轉入數;應收數;保留數;減免;截至本月止累計實現數;調整數;尚未執行數;基金別;會計分類;使用機關別;科目分類;會計科目編號;會計科目名稱;金額;科目名稱;取得成本;以前年度累計折舊_長期投資評價;本年度資本資產成本變動_增加數;本年度資本資產成本變動_減少數;本年度累計折舊_長期投資評價變動數;期末帳面金額;備註;業務計畫或工作計畫;經資門;執行數;項目;收入實現數;減項_收入待納庫數;加項_以前年度待納庫繳庫數;加項_以前年度撥款於本年度繳還數_材料;加項_以前年度撥款於本年度繳還數_存出保證金;加項_以前年度撥款於本年度繳還數_其他應收款;加項_預收款;加項_剔除經費;繳付公庫數;一級用途別編號;一級用途別名稱;支出實現數;加項_預付款;加項_材料;加項_存出保證金;加項_零用金;加項_退還收入預收款;加項_其他應收款;減項_以前年度撥款於本年度實現數;公庫撥入數;公庫分配數餘額;金額_本月數;金額_累計數,每月,政府資料開放授權條款-第1版,http://ksb.judicial.gov.tw/chinese/GovPublicInfo.aspx?p=58&pa=10227&n=10347&type=6,2018/12/05 00:00,2018/12/05 14:52,
95930,替代役訓練班服勤役男人數統計表,役政署,服兵役,內政部役政署替代役訓練班專責辦理全國替代役役男基礎訓練工作，以奠定替代役役男服勤基礎，替代役訓練班現行編制四個接訓大隊及一個直屬大隊，計21個中隊，各中隊服勤役男包括管理幹部及勤務役男，主要任務為協助各梯次受訓役男於基礎訓練期間生活管理、役別甄選、鑑測、團體課程等工作,梯次;區隊長人數;分隊長人數;勤務役男人數;總人數,每季,政府資料開放授權條款-第1版,,2018/11/23 16:26,2018/12/05 10:50,
95931,替代役各梯次受訓役男服裝發放型號統計表,役政署,服兵役,役政署替代役訓練班自成立以來，配合需用機關設計出符合替代役各役別精神之服裝，同時成立補給科服裝庫房，嚴格管控服裝進出貨及品質。為使役男穿著舒適合身，均會讓役男實際套量尺寸後發放最適合之服裝和鞋類，即使結訓後到各單位服務時，若有服裝上的疑慮也能協助處置,型號;一般役制服外套;警政役制服外套;消防役制服外套;矯正役制服外套;各型號發放總數,每月,政府資料開放授權條款-第1版,,2018/11/23 16:25,2018/12/05 10:50,
95882,法務部表揚績優榮譽觀護人名單,法務部保護司,公共資訊,法務部表揚績優榮譽觀護人名單,資料集名稱;下載網址,每年,政府資料開放授權條款-第1版,,2018/12/04 00:00,2018/12/05 09:54,
95892,法務部組織架構-會計處簡介,法務部會計處,公共資訊,法務部會計處之組織架構、主管簡介及業務職掌,,即時,政府資料開放授權條款-第1版,,2018/12/04 00:00,2018/12/05 18:13,
95920,法務部職員職等統計報表,法務部人事處,公共資訊,法務部職員職等統計報表,統計表名稱;統計表內容,每季,政府資料開放授權條款-第1版,,2018/12/05 00:00,2018/12/05 09:54,
95928,法務部調查局組織架構主管簡介業務職掌,法務部調查局,公共資訊,法務部調查局組織架構主管簡介業務職掌,,即時,政府資料開放授權條款-第1版,,2018/12/05 00:00,2018/12/05 10:57,
95936,國際及兩岸法律司-主管簡介,法務部國際及兩岸法律司,公共資訊,國際及兩岸法律司-主管簡介,,每月,政府資料開放授權條款-第1版,,2018/12/05 00:00,2018/12/05 14:51,
95937,國際及兩岸法律司-業務職掌,法務部國際及兩岸法律司,公共資訊,國際及兩岸法律司-業務職掌,,每月,政府資料開放授權條款-第1版,,2018/12/05 00:00,2018/12/05 14:52,
95940,國際刑事司法互助法,法務部國際及兩岸法律司,公共資訊,國際刑事司法互助法,,每季,政府資料開放授權條款-第1版,,2018/12/05 00:00,2018/12/05 14:52,
95957,法務部表揚參與監所教化及保護事業有功人士（團體）,法務部,公共資訊,法務部表揚參與監所教化及保護事業有功人士（團體）受獎名單,資料名稱;資料連結,每年,政府資料開放授權條款-第1版,,2018/12/05 00:00,2018/12/05 15:58,
95960,法務部全球資訊網-組織架構-法制司-主管簡介,法務部,公共資訊,法務部法制司司長學經歷簡介,,不更新,政府資料開放授權條款-第1版,https://www.moj.gov.tw/cp-104-65213-c3ee1-001.html,2018/12/05 00:00,2018/12/05 16:06,
95962,法務部表揚參與監所教化及保護事業有功人士團體實施計畫,法務部保護司,公共資訊,1070824修正法務部表揚參與監所教化及保護事業有功人士團體實施計畫,資料集名稱;下載網址,即時,政府資料開放授權條款-第1版,,2018/12/05 00:00,2018/12/05 15:59,
95969,法務部全球資訊網-組織架構-法制司-業務職掌,法務部,公共資訊,法務部法制司業務職掌,,不更新,政府資料開放授權條款-第1版,,2018/12/05 00:00,2018/12/05 16:05,
95884,民間參與公共建設金擘獎「顧問機關團隊獎」得獎名單與獲獎原因,財政部推動促參司,公共資訊,民間參與公共建設金擘獎「顧問機關團隊獎」得獎名單與獲獎原因,獎項;顧問機構;辦理案件;獲獎原因,每年,政府資料開放授權條款-第1版,,2018/12/05 00:00,2018/12/05 09:54,授權說明網址: http://data.gov.tw/license
95971,南投縣107年流感疫苗接種合約院所,南投縣政府,就醫,南投縣107年流感疫苗接種合約院所,十碼章;醫院名稱;縣市別;行政區;郵遞區號;地址;聯絡電話;座標緯度;座標經度,每日,政府資料開放授權條款-第1版,,2018/12/05 00:00,2018/12/05 16:08,
95904,宜蘭縣106年地價稅查定報告表,宜蘭縣政府,公共資訊,宜蘭縣106年地價稅查定報告表,無主要欄位 無主要欄位說明,每日,政府資料開放授權條款-第1版,,2018/12/05 00:00,2018/12/05 05:29,無
95905,宜蘭縣105年地價稅查定報告表,宜蘭縣政府,公共資訊,宜蘭縣105年地價稅查定報告表,無主要欄位 無主要欄位說明,每日,政府資料開放授權條款-第1版,,2018/12/05 00:00,2018/12/05 05:29,無
95906,宜蘭縣104年地價稅查定報告表,宜蘭縣政府,公共資訊,宜蘭縣104年地價稅查定報告表,無主要欄位 無主要欄位說明,每日,政府資料開放授權條款-第1版,,2018/12/05 00:00,2018/12/05 05:29,無
95907,宜蘭縣103年地價稅查定報告表,宜蘭縣政府,公共資訊,宜蘭縣103年地價稅查定報告表,無主要欄位 無主要欄位說明,每日,政府資料開放授權條款-第1版,,2018/12/05 00:00,2018/12/05 05:30,無
95908,宜蘭縣102年地價稅查定報告表,宜蘭縣政府,公共資訊,宜蘭縣102年地價稅查定報告表,無主要欄位 無主要欄位說明,每日,政府資料開放授權條款-第1版,,2018/12/05 00:00,2018/12/05 05:30,無
95909,宜蘭縣政府地方稅務局102年度依預算法第62條之1辦理政策宣導相關之廣告執行情形表,宜蘭縣政府,公共資訊,宣導內容、媒體形式、日期/媒體名稱/版面、預算執行數等,無主要欄位 無主要欄位說明,每日,政府資料開放授權條款-第1版,,2018/12/05 00:00,2018/12/05 05:47,無
95910,宜蘭縣政府地方稅務局103年度依預算法第62條之1辦理政策宣導相關之廣告執行情形表,宜蘭縣政府,公共資訊,宣導內容、媒體形式、日期/媒體名稱/版面、預算執行數等,無主要欄位 無主要欄位說明,每日,政府資料開放授權條款-第1版,,2018/12/05 00:00,2018/12/05 05:47,無
95911,宜蘭縣政府地方稅務局104年度依預算法第62條之1辦理政策宣導相關之廣告執行情形表,宜蘭縣政府,公共資訊,宣導內容、媒體形式、日期/媒體名稱/版面、預算執行數等,無主要欄位 無主要欄位說明,每日,政府資料開放授權條款-第1版,,2018/12/05 00:00,2018/12/05 05:48,無
95912,宜蘭縣政府地方稅務局105年度依預算法第62條之1辦理政策宣導相關之廣告執行情形表,宜蘭縣政府,公共資訊,宣導內容、媒體形式、日期/媒體名稱/版面、預算執行數等,無主要欄位 無主要欄位說明,每日,政府資料開放授權條款-第1版,,2018/12/05 00:00,2018/12/05 05:48,無
95913,宜蘭縣政府地方稅務局106年度依預算法第62條之1辦理政策宣導相關之廣告執行情形表,宜蘭縣政府,公共資訊,宣導內容、媒體形式、日期/媒體名稱/版面、預算執行數等,無主要欄位 無主要欄位說明,每日,政府資料開放授權條款-第1版,,2018/12/05 00:00,2018/12/05 05:48,無
95914,101年度宜蘭縣政府查獲涉嫌違反菸酒管理法案件數量統計表,宜蘭縣政府,公共資訊,提供101年度宜蘭縣政府查獲涉嫌違反菸酒管理法案件數量統計表,無主要欄位 無主要欄位說明,每日,政府資料開放授權條款-第1版,,2018/12/05 00:00,2018/12/05 05:51,無
95915,102年度宜蘭縣政府查獲涉嫌違反菸酒管理法案件數量統計表,宜蘭縣政府,公共資訊,提供102年度宜蘭縣政府查獲涉嫌違反菸酒管理法案件數量統計表,無主要欄位 無主要欄位說明,每日,政府資料開放授權條款-第1版,,2018/12/05 00:00,2018/12/05 05:52,無
95916,103年度宜蘭縣政府查獲涉嫌違反菸酒管理法案件數量統計表,宜蘭縣政府,公共資訊,提供103年度宜蘭縣政府查獲涉嫌違反菸酒管理法案件數量統計表,無主要欄位 無主要欄位說明,每日,政府資料開放授權條款-第1版,,2018/12/05 00:00,2018/12/05 05:52,無
95917,104年度宜蘭縣政府查獲涉嫌違反菸酒管理法案件數量統計表,宜蘭縣政府,公共資訊,提供104年度宜蘭縣政府查獲涉嫌違反菸酒管理法案件數量統計表,無主要欄位 無主要欄位說明,每日,政府資料開放授權條款-第1版,,2018/12/05 00:00,2018/12/05 05:52,無
95918,105年度宜蘭縣政府查獲涉嫌違反菸酒管理法案件數量統計表,宜蘭縣政府,公共資訊,提供105年度宜蘭縣政府查獲涉嫌違反菸酒管理法案件數量統計表,無主要欄位 無主要欄位說明,每日,政府資料開放授權條款-第1版,,2018/12/05 00:00,2018/12/05 05:53,無
95919,106年度宜蘭縣政府查獲涉嫌違反菸酒管理法案件數量統計表,宜蘭縣政府,公共資訊,提供106年度宜蘭縣政府查獲涉嫌違反菸酒管理法案件數量統計表,無主要欄位 無主要欄位說明,每日,政府資料開放授權條款-第1版,,2018/12/05 00:00,2018/12/05 05:53,無
95922,新北市專用垃圾袋代售商清冊-蘆洲信,新北市政府環境保護局,公共資訊,新北市專用垃圾袋代售商清冊-蘆洲信,"No:序;District:區域;Store:代售商;Address:地址;Tel:電話",每季,政府資料開放授權條款-第1版,,2017/03/02 14:27,2018/12/05 09:32,
95923,新北市專用垃圾袋代售商清冊-,新北市政府環境保護局,公共資訊,新北市專用垃圾袋代售商清冊-,No;District;Store;Address;Tel;twd97X;twd97Y;wgs84aX;wgs84aY,每月,政府資料開放授權條款-第1版,,2018/10/31 10:14,2018/12/05 09:36,
95929,107年臺中市公告土地現值及公告地價-豐原區、后里區、神岡區,臺中市政府資訊中心,交通及通訊,本市107年公告土地現值及公告地價,段小段;地號;面積;公告現值;公告地價;鄉鎮市區,每月,政府資料開放授權條款-第1版,,2018/12/05 10:49,2018/12/05 10:49,
95965,107年流感疫苗接種合約醫療院所(成人劑型)-更新版,苗栗縣政府衛生局,就醫,107年流感疫苗接種合約醫療院所(成人劑型)-更新版,十碼章;醫院名稱;縣市別;行政區;郵遞區號;地址（里鄰）;地址;聯絡電話;座標緯度;座標經度;備註,每月,政府資料開放授權條款-第1版,,2018/12/05 00:00,2018/12/05 16:13,
95973,107年流感疫苗接種合約醫療院所(幼兒劑型)-更新版,苗栗縣政府衛生局,就醫,107年流感疫苗接種合約醫療院所(幼兒劑型)-更新版,十碼章;醫院名稱;縣市別;行政區;郵遞區號;地址（里鄰）;地址;聯絡電話;座標緯度;座標經度;備註,每月,政府資料開放授權條款-第1版,,2018/12/05 00:00,2018/12/05 16:13,
95934,106年統計年報-人口,雲林縣政府,公共資訊,收錄本縣人口相關統計數據-現住戶數、人口密度及性比例、戶籍動態、現住人口之年齡分配、現住人口之年齡結構、15歲以上現住人口之教育程度－按年齡別分、15歲以上現住人口之教育程度－按鄉鎮市區別分、現住人口之婚姻狀況－按年齡別分、現住人口之婚姻狀況－按鄉鎮市區別分、現住原住民戶口數、現住原住民年齡分配、15歲以上現住原住民教育程度及 現住原住民婚姻狀況,,不更新,政府資料開放授權條款-第1版,,2018/12/05 00:00,2018/12/05 13:34,
95938,106年統計年報-土地類,雲林縣政府,公共資訊,收錄本縣土地相關統計數據-本縣境界、已登錄土地面積、實施三七五減租後佃農購買耕地面積與戶數、實施三七五減租成果、土地徵收面積、公地撥用面積、農地重劃成果、縣地重劃成果及主要海岸、港灣,,不更新,政府資料開放授權條款-第1版,,2018/12/05 00:00,2018/12/05 14:31,
95943,106年雲林縣統計年報-工、商業及縣建設類,雲林縣政府,公共資訊,收錄本縣工、商業及縣建設相關統計數據-營運中工廠家數、商業登記現有家數與資本額、公司登記現有家數及資本額－按組織別分、公司登記現有家數與資本額—按行業別分、都市計畫區面積及人口、都市計畫區域內公共工程實施數量、都市計畫公共設施用地計畫面積、都市計畫公共設施用地已闢建面積、核發建築物使用執照總樓地板面積、自來水供水普及率、電力供應情形、現有河川防洪設施及各項工程實施、禦潮（海堤）工程實施,,不更新,政府資料開放授權條款-第1版,,2018/12/05 00:00,2018/12/05 14:45,
95945,106年雲林縣統計年報-行政組織類,雲林縣政府,公共資訊,收錄本縣行政組織相關統計數據-本縣行政組織系統、各級機關學校正式預算員額、各級機關學校員工總人數、各級機關學校公教人員按官等別分、各級機關學校公教人員按教育程度分、各級機關學校公教人員按年齡分、立法委員區域選舉概況、縣長選舉概況、縣議員選舉概況、鄉鎮市民代表選舉概況及 鄉鎮市長選舉概況,,不更新,政府資料開放授權條款-第1版,,2018/12/05 00:00,2018/12/05 14:49,
95948,106年雲林縣統計年報-交通運輸類,雲林縣政府,公共資訊,收錄本縣交通運輸相關統計數據-車輛登記及公路里程概況,,不更新,政府資料開放授權條款-第1版,,2018/12/05 00:00,2018/12/05 14:52,
95955,106年雲林縣統計年報-農、林、漁、牧類,雲林縣政府,公共資訊,收錄本縣農、林、漁、牧相關統計數據-農耕土地面積、農戶人口數、稻米收穫面積及生產量、農產品收穫面積及生產量、造林面積及數量、森林主產物採伐及生產、森林災害、漁業從業人員、漁戶數及漁戶人口數、現有動力漁船數、漁業生產量值、水產養殖面積、遭難漁船數、遭難漁民數、現有家畜數、家畜屠宰頭數、產乳牛頭數及產乳量、現有家禽數量、水土保持處理面積、農路改善及維護工程及農田水利會灌溉排水受益地面積,,不更新,政府資料開放授權條款-第1版,,2018/12/05 00:00,2018/12/05 14:55,
95963,106年雲林縣統計年報-金融、財稅類,雲林縣政府,公共資訊,收錄本縣金融、財稅相關統計數據-金融機構分布、主要金融機構存、放款餘額、歲入預決算－按來源別分、歲出預決算－按政事別分、歷年財政狀況、各項稅捐實徵數、各項稅捐納庫數、縣公庫收支、鄉鎮市公庫收支、各鄉鎮市歲入預決算－按來源別分、各鄉鎮市歲出預決算－按政事別分、營業基金及非營業特種基金盈虧（餘絀）,,每年,政府資料開放授權條款-第1版,,2018/12/05 00:00,2018/12/05 16:29,
