資料集識別碼,資料集名稱,提供機關,服務分類,資料集描述,主要欄位說明,更新頻率,授權方式,相關網址,上架日期,詮釋資料更新時間,備註
96623,標牌公告,交通部公路總局,公共資訊,提供未決標標牌公告資訊。,監理單位;號牌類別;號牌起號;號牌迄號;起標時間;決標時間;轉帳截止時間;重複號牌明細,每日,政府資料開放授權條款-第1版,,2018/12/22 00:00,2018/12/22 09:41,
96649,幼童車資料,交通部公路總局,公共資訊,提供幼童專用車輛狀態資料。,"車牌;車主;縣市鄉鎮;出廠年月,;下次定檢日期;牌照狀態",每日,政府資料開放授權條款-第1版,https://www.mvdis.gov.tw/m3-emv-car/car/kidsVehicle,2018/12/22 00:00,2018/12/22 17:32,最新資訊可參考相關網址。
96236,法務部組織架構-檢察司簡介,法務部檢察司,公共資訊,法務部組織架構-檢察司簡介,組織架構圖;主管簡介;業務職掌,不更新,政府資料開放授權條款-第1版,,2018/12/13 00:00,2018/12/13 17:47,
96620,106年嘉義縣稅捐統計要覽-表22,嘉義縣財政稅務局,公共資訊,106年嘉義縣稅捐統計要覽-表22,"ArticleType: 公告模式:0.文章 1.附件 2.連結,FileName: 文章檔案,Link: 文章連結,其餘欄位的說明為格式欄位",每日,政府資料開放授權條款-第1版,,2018/12/22 00:00,2018/12/22 09:14,
96636,土地增值稅徵收(107年1月),嘉義縣財政稅務局,公共資訊,土地增值稅徵收(107年1月),"ArticleType: 公告模式:0.文章 1.附件 2.連結,FileName: 文章檔案,Link: 文章連結,其餘欄位的說明為格式欄位",每日,政府資料開放授權條款-第1版,,2018/12/22 00:00,2018/12/22 15:02,
96637,107年地價稅查定表,嘉義縣財政稅務局,公共資訊,107年地價稅查定表,"ArticleType: 公告模式:0.文章 1.附件 2.連結,FileName: 文章檔案,Link: 文章連結,其餘欄位的說明為格式欄位",每日,政府資料開放授權條款-第1版,,2018/12/22 00:00,2018/12/22 15:37,
96643,107年第2季印花稅統計表,嘉義縣財政稅務局,公共資訊,107年第2季印花稅統計表,"ArticleType: 公告模式:0.文章 1.附件 2.連結,FileName: 文章檔案,Link: 文章連結,其餘欄位的說明為格式欄位",每日,政府資料開放授權條款-第1版,,2018/12/22 00:00,2018/12/22 16:10,
96648,義消人數及火災死傷人數,新北市政府主計處,公共資訊,1.新北市義消人數及火災死傷人數(含性別) 2.單位：人 3.各項欄位說明詳參新北市性別圖像電子檔(網址：http://www.bas.ntpc.gov.tw/home.jsp?id=MTI5)或電洽主計處查詢。,Field1;Field2;Field3;Field4;Field5;Field6;Field7;Field8;Field9;Field10;Field11;Field12;Field13;Field14;Field15;Field16;Field17,每年,政府資料開放授權條款-第1版,,2018/12/22 16:45,2018/12/22 16:45,爰統計項目複分類數量變動，新增新資料集「義消人數及火災死傷人數」，關閉舊資料集「義消人數及火災死傷人數」，資料集名稱未變更。
96655,交通流量參考值,新竹市政府,公共資訊,針對南寮地區與台68匝道周邊道路及園區附近部分道路交通流量調查,本市部份道路及南寮區與台68匝道周邊道路交通流量,每日,政府資料開放授權條款-第1版,,2018/12/22 00:00,2018/12/22 23:57,針對南寮地區與台68匝道周邊道路及園區附近部分道路交通流量調查
