資料集識別碼,資料集名稱,提供機關,服務分類,資料集描述,主要欄位說明,更新頻率,授權方式,相關網址,上架日期,詮釋資料更新時間,備註
95734,公務員廉政倫理規範,法務部,公共資訊,公務員廉政倫理規範相關條文、處理程序、諮詢管道及表單,項目名稱;內容;摘要;諮詢管道;聯絡電話;傳真,即時,政府資料開放授權條款-第1版,,2018/11/30 00:00,2018/12/03 10:24,
95752,國家廉政建設行動方案,法務部,公共資訊,國家廉政建設行動方案,資料名稱;成果資料;摘要,即時,政府資料開放授權條款-第1版,,2018/11/30 00:00,2018/12/03 10:24,
95754,請託關說登錄查察專區,法務部,公共資訊,請託關說登錄查察專區,項目名稱;內容;摘要;諮詢管道;聯絡電話;傳真,即時,政府資料開放授權條款-第1版,,2018/11/30 00:00,2018/12/03 10:24,
95762,行政執行各分署未結情形(種類別),法務部行政執行署,公共資訊,行政執行各分署未結情形(種類別),exec_dept_id;static_year;class_id;non_over_num,每年,政府資料開放授權條款-第1版,,2018/11/30 00:00,2018/12/03 20:35,
95763,行政執行各分署未結情形(屬性別),法務部行政執行署,公共資訊,行政執行各分署未結情形(屬性別),exec_dept_id;static_year;attr_id;non_over_num,每年,政府資料開放授權條款-第1版,,2018/11/30 00:00,2018/12/03 20:34,
95767,法務部表揚從事更生保護有功人員（團體）,法務部保護司,公共資訊,從事更生保護有功人員（團體）之表楊名單,資料名稱;資料連結,即時,政府資料開放授權條款-第1版,,2018/11/30 00:00,2018/11/30 11:41,
95768,法務部行政執行署組織架構,法務部行政執行署,公共資訊,法務部行政執行署組織架構,articleName;articleLink,即時,政府資料開放授權條款-第1版,,2018/11/30 00:00,2018/12/03 20:34,
95838,法務部組織架構-法律事務司簡介,法務部法律事務司,公共資訊,法務部組織架構-法律事務司簡介,說明;組織架構圖;主管姓名及職稱;任職日期;學歷及考試;經歷;相片;法律事務司業務職掌;,即時,政府資料開放授權條款-第1版,,2018/12/03 00:00,2018/12/03 18:58,
95855,法務部調查局綠色採購比率,法務部調查局,公共資訊,法務部調查局綠色採購比率,107年度總綠色採購比率;107年度指定項目綠色採購比率,每年,政府資料開放授權條款-第1版,https://www.mjib.gov.tw/userfiles/files/OpenData/14-%E8%B3%87%E9%80%9A%E5%AE%89%E5%85%A8%E8%99%95/green.json,2018/12/03 00:00,2018/12/03 15:06,
95857,刑事政策與犯罪研究論文集(19),法務部司法官學院,公共資訊,刑事政策與犯罪研究論文集(19),論文集名稱;下載位置,即時,政府資料開放授權條款-第1版,https://www.tpi.moj.gov.tw/HitCounter.asp?xItem=451615&ixCuAttach=199213,2018/12/03 00:00,2018/12/03 14:54,
95807,第六河川局常見問題,經濟部水利署,公共資訊,經濟部水利署第六河川局業務區域位於台灣西南部，北至台南市急水溪，南至高屏溪，涵蓋嘉義縣、台南市及高雄市為使民眾能瞭解本局轄管業務，以及使民眾向本局洽辦業務時能節省時間，避免錯誤的資訊造成不必要的資源浪費。本局針對民眾洽辦業務常出現之問題，例如河川公地種植許可使用申請、河川公地許可種植植物其種類及高度限制、水道治理計畫用地範圍圖、水權登記申請、防洪等等問題，予以整理提出說明，並歸納為申請案件、水文資料提供、防汛、河川排水管理等4個類型，以提供民眾能藉由本局全球資訊網所設置常見問題得到說明，解決民眾疑惑以提高行政效益。,avBegin;avEnd;iCUItem;iDept;NewsCat;sTitle;xBody;xURL,每年,政府資料開放授權條款-第1版,https://www.wra06.gov.tw/;https://www.wra06.gov.tw/;https://www.wra06.gov.tw/,2018/11/20 13:46,2018/12/01 14:52,
95808,第七河川局最新消息,經濟部水利署,公共資訊,提供經濟部水利署第七河川局最新公告之訊息，包括最新新聞稿之發佈、最新公告、即時及歷史疏濬公告、即時河川水位資訊、各項標案之招標公告、政府機關各單位發布之重要資訊政策及本局職缺徵才等相關訊息，使民眾透過本局全球資訊網之最新消息，除可於颱風豪雨期間，隨時了解本局轄區之河川水位之即時情況，進而了解居家附近有無淹水等情事外，亦可提升民眾之防災意識，達到防災減災之效果與全民防災之目的;且也可經由本局公告之招標及歷史疏濬等公告事項等，了解本局河川疏濬及工程案件之進度，隨時了解及掌握全局即時之重要事項及資訊，以達資料透明化之目的。,avBegin;avEnd;iCUItem;iDept;NewsCat;sTitle;xBody;xURL,每日,政府資料開放授權條款-第1版,https://www.wra07.gov.tw/12594/12612/12613/;https://www.wra07.gov.tw/12594/12612/12613/;https://www.wra07.gov.tw/12594/12612/12613/,2018/11/20 13:46,2018/12/01 14:55,
95836,103年度宜蘭縣統籌分配稅款明細表,宜蘭縣政府,公共資訊,103年度宜蘭縣統籌分配稅款明細表,無主要欄位 無主要欄位說明,每日,政府資料開放授權條款-第1版,,2018/12/03 00:00,2018/12/03 06:35,無
95849,新竹縣最近5年契稅綜合統計表,新竹縣政府,公共資訊,新竹縣最近5年契稅綜合統計表,新竹縣最近5年契稅綜合統計表,每日,政府資料開放授權條款-第1版,https://data.hsinchu.gov.tw/OpenData/Detail.aspx?GUID=1BA0AF4B-5D5D-400E-AA99-9DAF8ACC7BFC;https://data.hsinchu.gov.tw/OpenData/Detail.aspx?GUID=1BA0AF4B-5D5D-400E-AA99-9DAF8ACC7BFC;https://data.hsinchu.gov.tw/OpenData/Detail.aspx?GUID=1BA0AF4B-5D5D-400E-AA99-9DAF8ACC7BFC;https://data.hsinchu.gov.tw/OpenData/Detail.aspx?GUID=1BA0AF4B-5D5D-400E-AA99-9DAF8ACC7BFC,2018/02/02 11:37,2018/12/03 11:27,
95872,108年度臺北市總預算,臺北市政府主計處,公共資訊,108年度臺北市總預算,108年度臺北市總預算,不更新,政府資料開放授權條款-第1版,,2018/12/03 20:40,2018/12/03 20:40,
