資料集識別碼,資料集名稱,提供機關,服務分類,資料集描述,主要欄位說明,更新頻率,授權方式,相關網址,上架日期,詮釋資料更新時間,備註
97933,臺灣新竹地方法院107年12月會計月報,臺灣新竹地方法院,公共資訊,歲入累計表、經費累計表、以前年度歲入轉入數累計表、以前年度歲出轉入數累計表、平衡表、資本資產表、資本資產變動表、歲出用途別累計表、收入實現數與繳付公庫數分析表、支出實現數與公庫撥入數分析表、收入支出彙計表,,每月,政府資料開放授權條款-第1版,,2019/01/22 00:00,2019/01/22 17:43,
97946,臺灣高等法院花蓮分院107年度12月份會計月報(XML),臺灣高等法院花蓮分院,公共資訊,臺灣高等法院花蓮分院107年度12月份會計月報9表(XML),,每月,政府資料開放授權條款-第1版,http://hlh.judicial.gov.tw/hlh/index.asp?struID=4&cid=16,2019/01/24 00:00,2019/01/24 10:09,
98021,107年12月臺灣臺南地方法院會計報告,臺灣臺南地方法院,公共資訊,107年12月臺灣臺南地方法院會計報告,,不更新,政府資料開放授權條款-第1版,,2019/01/24 00:00,2019/01/24 17:09,
98014,內政部空中勤務總隊執行重大意外事故搶救任務成效統計表,內政部空中勤務總隊,公共資訊,勤務項目_月份、01月、02月、03月、04月、05月、06月、07月、08月、09月、10月、11月、12月、合計,Duty_performed_month;January;February;March;April;May;June;July;August;September;October;November;December;total,每年,政府資料開放授權條款-第1版,,2019/01/24 11:48,2019/01/24 15:56,
98019,內政部空中勤務總隊執行水上救溺任務成效統計表,內政部空中勤務總隊,公共資訊,勤務項目_月份、01月、02月、03月、04月、05月、06月、07月、08月、09月、10月、11月、12月、合計,Duty_performed_month;January;February;March;April;May;June;July;August;September;October;November;December;total,每年,政府資料開放授權條款-第1版,,2019/01/24 15:07,2019/01/24 15:41,
98002,宜蘭縣治安與交通要點監錄系統,宜蘭縣政府,公共資訊,監錄系統,無主要欄位 無主要欄位說明,每年,政府資料開放授權條款-第1版,,2019/01/24 00:00,2019/01/24 05:19,無
97931,彰化縣各鄉鎮市村里數鄰數及戶數統計表,彰化縣政府民政處,公共資訊,彰化縣各鄉鎮市村里數鄰數及戶數統計表,區域別;村里數;鄰數;戶數,每月,政府資料開放授權條款-第1版,https://email.chcg.gov.tw/df/95x6ge23xbapkm3accs4eez9m6toys,2019/01/22 00:00,2019/01/24 10:46,
98007,新北市嫌疑犯人數按按教育程度別-106年,新北市政府警察局,公共資訊,新北市嫌疑犯人數按按教育程度別-106年,year;education;item;total;men;Female,每年,政府資料開放授權條款-第1版,,2019/01/24 10:21,2019/01/24 10:35,
98009,新北市嫌疑犯人數按年齡組別(NEW),新北市政府警察局,生活安全及品質,新北市嫌疑犯人數按年齡組別(NEW),"year;age;item;total;men;Female;",每年,政府資料開放授權條款-第1版,,2019/01/24 10:49,2019/01/24 10:49,
98010,新北市嫌疑犯人數按年齡組別(NEW)-106年,新北市政府警察局,生活安全及品質,新北市嫌疑犯人數按年齡組別(NEW)-106年,"year;age;item;total;men;Female;",每年,政府資料開放授權條款-第1版,,2019/01/24 10:50,2019/01/24 11:02,
98011,新北市刑事案件分類發生數、破獲數及嫌疑犯人數-105年,新北市政府警察局,生活安全及品質,新北市刑事案件分類發生數、破獲數及嫌疑犯人數-105年,year;unit;item;occur;unearth;people,每年,政府資料開放授權條款-第1版,,2019/01/24 10:54,2019/01/24 11:03,
98012,新北市刑事案件分類發生數、破獲數及嫌疑犯人數-106年,新北市政府警察局,生活安全及品質,新北市刑事案件分類發生數、破獲數及嫌疑犯人數-106年,year;unit;item;occur;unearth;people,每年,政府資料開放授權條款-第1版,,2019/01/24 10:54,2019/01/24 11:04,
98013,新北市嫌疑犯人數按年齡組別(NEW)-105年,新北市政府警察局,生活安全及品質,新北市嫌疑犯人數按年齡組別(NEW)-105年,"year;age;item;total;men;Female;",每年,政府資料開放授權條款-第1版,,2019/01/24 10:50,2019/01/24 11:06,
98028,臺北市12區健康服務中心公共護士人數,臺北市北投區健康服務中心,公共資訊,臺北市12區健康服務中心公共護士人數,"12區健康服務中心,公衛護理師;人數",每日,政府資料開放授權條款-第1版,,2019/01/01 00:00,2019/01/24 20:28,
97996,花蓮縣各項稅捐實徵淨額與預算數及上年同期比較-累計數,花蓮縣政府,公共資訊,花蓮縣各項稅捐實徵淨額與預算數及上年同期比較-累計數,詳如資料集內容,每月,政府資料開放授權條款-第1版,,2019/01/24 00:00,2019/01/25 00:38,無
97997,花蓮縣各項稅捐本月實徵數簡報表,花蓮縣政府,公共資訊,花蓮縣各項稅捐本月實徵數簡報表,詳如資料集內容,每月,政府資料開放授權條款-第1版,,2019/01/24 00:00,2019/01/25 00:39,無
97998,花蓮縣地方稅務局107年2月使用牌照稅稽徵,花蓮縣政府,公共資訊,花蓮縣地方稅務局107年2月使用牌照稅稽徵,詳如資料集內容,每日,政府資料開放授權條款-第1版,,2019/01/24 00:00,2019/01/25 00:07,無
97999,花蓮縣106年地價稅稅源統計表,花蓮縣政府,公共資訊,花蓮縣106年地價稅稅源統計表,詳如資料集內容,每日,政府資料開放授權條款-第1版,,2019/01/24 00:00,2019/01/25 00:11,無
98029,花蓮縣地方稅務局107年11月使用牌照稅稽徵,花蓮縣政府,公共資訊,花蓮縣地方稅務局107年11月使用牌照稅稽徵,詳如資料集內容,每日,政府資料開放授權條款-第1版,,2019/01/25 00:00,2019/01/25 00:08,無
98030,花蓮縣地方稅務局107使用牌照稅徵績下期結束滯納期滿,花蓮縣政府,公共資訊,花蓮縣地方稅務局107使用牌照稅徵績下期結束滯納期滿,詳如資料集內容,每日,政府資料開放授權條款-第1版,,2019/01/25 00:00,2019/01/25 00:09,無
98031,花蓮縣地方稅務局107年12月使用牌照稅稽徵,花蓮縣政府,公共資訊,花蓮縣地方稅務局107年12月使用牌照稅稽徵,詳如資料集內容,每日,政府資料開放授權條款-第1版,,2019/01/25 00:00,2019/01/25 00:09,無
98032,花蓮縣房屋稅徵績-滯納期滿,花蓮縣政府,公共資訊,花蓮縣房屋稅徵績-滯納期滿,詳如資料集內容,每日,政府資料開放授權條款-第1版,,2019/01/25 00:00,2019/01/25 00:09,無
98033,花蓮縣房屋稅籍(續1),花蓮縣政府,公共資訊,花蓮縣房屋稅籍(續1),詳如資料集內容,每日,政府資料開放授權條款-第1版,,2019/01/25 00:00,2019/01/25 00:09,無
98034,花蓮縣房屋稅籍(續2),花蓮縣政府,公共資訊,花蓮縣房屋稅籍(續2),詳如資料集內容,每日,政府資料開放授權條款-第1版,,2019/01/25 00:00,2019/01/25 00:10,無
98035,花蓮縣房屋稅籍,花蓮縣政府,公共資訊,花蓮縣房屋稅籍,詳如資料集內容,每日,政府資料開放授權條款-第1版,,2019/01/25 00:00,2019/01/25 00:10,無
98036,花蓮縣房屋稅查定,花蓮縣政府,公共資訊,花蓮縣房屋稅查定,詳如資料集內容,每日,政府資料開放授權條款-第1版,,2019/01/25 00:00,2019/01/25 00:10,無
