資料集識別碼,資料集名稱,提供機關,服務分類,資料集描述,主要欄位說明,更新頻率,授權方式,相關網址,上架日期,詮釋資料更新時間,備註
98065,臺灣花蓮地方法院107年12月份會計月報,臺灣花蓮地方法院,公共資訊,歲入累計表等表件,,不更新,政府資料開放授權條款-第1版,,2019/01/25 00:00,2019/01/25 16:50,
98124,福建金門地方法院107年12月份會計月報_XML、PDF,福建金門地方法院,公共資訊,福建金門地方法院107年12月份會計月報_XML、PDF,,每月,政府資料開放授權條款-第1版,,2019/01/28 00:00,2019/01/28 11:10,
98129,福建高等法院金門分院107年度單位決算,福建高等法院金門分院,公共資訊,福建高等法院金門分院107年度單位決算,,每年,政府資料開放授權條款-第1版,,2019/01/28 00:00,2019/01/28 15:40,
98137,國史館107年12月會計月報,國史館,公共資訊,國史館107年12月會計月報資料,,每月,政府資料開放授權條款-第1版,,2019/01/28 00:00,2019/01/28 17:28,
98138,國史館107年12月特別預算會計月報,國史館,公共資訊,國史館107年12月特別預算會計月報資料,,每月,政府資料開放授權條款-第1版,,2019/01/28 00:00,2019/01/28 17:28,
98137,國史館107年12月會計月報,國史館,公共資訊,國史館107年12月會計月報資料,,每月,政府資料開放授權條款-第1版,,2019/01/28 00:00,2019/01/28 17:28,
98138,國史館107年12月特別預算會計月報,國史館,公共資訊,國史館107年12月特別預算會計月報資料,,每月,政府資料開放授權條款-第1版,,2019/01/28 00:00,2019/01/28 17:28,
98123,107年度民航事業作業基金附屬單位分預算,民用航空局,公共資訊,本資料集係為交通部民用航空局提供之107年度民航事業作業基金附屬單位分預算,XML,每日,政府資料開放授權條款-第1版,http://www.caa.gov.tw/apfile/big5/download/imo/1548397534556.rar,2019/01/25 00:00,2019/01/28 11:18,
98133,105-106年國土利用調查成果縣市統計資料（104年版土地使用分類系統表，1級分類）,內政部國土測繪中心,公共資訊,因應資源整合，自101年由內政部、行政院農業委員會林務局（以下簡稱林務局）及水土保持局（以下簡稱水保局），劃分權責區域共同維護，內政部負責區域自105年起更新頻率由5年提升為2年，並依據內政部104年4月13日修訂並更名之「土地利用分類系統表」辦理至第2級分類。,縣市;面積單位;農業使用01;森林使用02;交通使用03;水利使用04;建築使用05;公共使用06;遊憩使用07;礦鹽使用08;其他使用09,每年,政府資料開放授權條款-第1版,https://www.tgos.tw/TGOS/Web/MetaData/TGOS_Query_MetaData.aspx?key=TW-01-301000100G-000023,2019/01/28 16:18,2019/01/28 16:51,
98134,105-106年國土利用調查成果鄉鎮市區統計資料（104年版土地使用分類系統表，2級分類）,內政部國土測繪中心,公共資訊,因應資源整合，自101年由內政部、行政院農業委員會林務局（以下簡稱林務局）及水土保持局（以下簡稱水保局），劃分權責區域共同維護，內政部負責區域自105年起更新頻率由5年提升為2年，並依據內政部104年4月13日修訂並更名之「土地利用分類系統表」辦理至第2級分類。,縣市;鄉鎮市;面積單位;水田0101;旱作0102;果園0103;水產養殖0104;畜牧0105;農業相關設施0106;未細分_02森林使用;針葉林0201;闊葉林0202;竹林0203;混淆林0204;灌木林0205;其他森林利用土地0206;未細分_03交通使用;機場0301;一般鐵路及相關設施0302;高速鐵路及相關設施0303;捷運及相關設施0304;國道0305;省道0306;快速道路0307;一般道路0308;道路相關設施0309;港口0310;未細分_04水利使用;河道0401;堤防0402;溝渠0403;水庫0404;湖泊0405;蓄水池0406;水道沙州灘地0407;水利構造物0408;防汛道路0409;海面0410;未細分_05建築使用;商業0501;純住宅0502;混合使用住宅0503;製造業0504;倉儲0505;宗教0506;殯葬設施0507;其他建築用地0508;政府機關0601;學校0602;醫療保建0603;社會福利設施0604;公用設備0605;環保設施0606;未細分_07遊憩使用;文化設施0701;公園綠地0702;休閒設施0703;礦業及相關設施0801;土石及相關設施0802;鹽業及相關設施0803;未細分_09其他使用;溼地0901;草生地0902;裸露地0903;營建剩餘土石收容相關設施0904;空置地0905,每年,政府資料開放授權條款-第1版,https://www.tgos.tw/TGOS/Web/MetaData/TGOS_Query_MetaData.aspx?key=TW-01-301000100G-000022,2019/01/28 16:15,2019/01/28 16:58,
98135,95-104年國土利用調查成果縣市統計資料（95年版土地使用分類系統表，1級分類）,內政部國土測繪中心,公共資訊,本中心自95年度起依據內政部95年11月10日頒訂「土地使用分類系統表」辦理國土利用調查工作至第3級分類，至97年度完成全國調查成果，並持續辦理更新維護工作，為便利各界了解全國國土利用調查變化情形，爰彙整分析歷年（95至104年）內政部最新成果進行分類統計。,縣市;面積單位;農業使用01;森林使用02;交通使用03;水利使用04;建築使用05;公共使用06;遊憩使用07;礦鹽使用08;其他使用09,每年,政府資料開放授權條款-第1版,https://www.tgos.tw/tgos/Web/MetaData/TGOS_Query_MetaData.aspx?key=TW-01-301000100G-000021,2019/01/28 11:42,2019/01/28 17:04,
98136,95-104年國土利用調查成果統計資料（95年版土地使用分類系統表，3級分類）,內政部國土測繪中心,公共資訊,本中心自95年度起依據內政部95年11月10日頒訂「土地使用分類系統表」辦理國土利用調查工作至第3級分類，至97年度完成全國調查成果，並持續辦理更新維護工作，為便利各界了解全國國土利用調查變化情形，爰彙整分析歷年（95至104年）內政部最新成果進行分類統計。,縣市;鄉鎮市區;面積單位;稻作010101;旱作010102;果樹010103;廢耕地010104;水產養殖010200;畜禽舍010301;牧場010302;溫室010401;倉儲設施010402;農產品展售場010403;其他設施010404;天然針葉樹純林020101;天然闊葉樹純林020102;天然竹林020103;天然竹針闊葉混淆林020104;人工針葉樹純林020201;人工闊葉樹純林020202;人工竹林020203;人工竹針闊葉混淆林020204;伐木跡地020301;苗圃020302;防火線020303;土場020304;機場030100;一般鐵路030201;高速鐵路030202;鐵路相關設施030203;國道030301;省道快速道路030302;一般道路030303;道路相關設施030304;商港030401;漁港030402;專用港030403;其他港口相關設施030404;河川040101;減河040102;運河040103;堤防040104;溝渠040200;水庫040301;湖泊040302;其他蓄水池040303;人工湖040304;水道沙洲灘地040400;水閘門040501;抽水站040502;水庫堰壩040503;地下取水井040504;其他設施040505;防汛道路040600;海面040700;零售批發050101;服務業050102;純住宅050201;兼工業使用住宅050202;兼商業使用住宅050203;兼其他使用住宅050204;製造業050301;倉儲050302;宗教050401;殯葬設施050402;興建中050403;其他050404;政府機關060100;幼稚園060201;小學060202;中學060203;大專院校060204;特種學校060205;醫療保健060300;社會福利設施060400;氣象060501;電力060502;瓦斯060503;自來水060504;加油站060505;環保設施060600;法定文化資產070101;一般文化設施070102;其他文化設施070103;公園綠地廣場070201;遊樂場所070202;體育場所070203;礦場080101;礦業相關設施080102;土石採取場080201;土石相關設施080202;鹽田080301;鹽業相關設施080302;軍事用地090100;溼地090200;草生地090300;灘地090401;崩塌地090402;礁岩090403;裸露空地090404;灌木荒地090500;災害地090600;營建剩餘土石方090700;未使用地090801;人工改變中土地090802;測量標090803;省道;快速道路030302,每10年,政府資料開放授權條款-第1版,https://www.tgos.tw/TGOS/Web/MetaData/TGOS_Query_MetaData.aspx?key=TW-01-301000100G-000020;https://www.tgos.tw/TGOS/Web/MetaData/TGOS_Query_MetaData.aspx?key=TW-01-301000100G-000020,2019/01/28 11:12,2019/01/28 17:05,
98131,傳藝中心-出國、赴大陸計畫執行情形,國立傳統藝術中心,公共資訊,本中心出差執行情形,,每年,政府資料開放授權條款-第1版,,2019/01/29 00:00,2019/01/28 16:32,
98127,礦務局_各縣市火藥庫設置寄存及爆炸物儲存家數業別統計,經濟部礦務局,公共資訊,各縣市火藥庫設置寄存及爆炸物儲存家數業別統計,年;月;縣市;煙火製造業設置(有儲存爆炸物);煙火製造業設置(無儲存爆炸物);煙火製造業寄存(有儲存爆炸物);煙火製造業寄存(無儲存爆炸物);販賣業設置(有儲存爆炸物);販賣業設置(無儲存爆炸物);販賣業寄存(有儲存爆炸物);販賣業寄存(無儲存爆炸物);礦業設置(有儲存爆炸物);礦業設置(無儲存爆炸物);礦業寄存(有儲存爆炸物);礦業寄存(無儲存爆炸物);工程設置(有儲存爆炸物);工程設置(無儲存爆炸物);工程寄存(有儲存爆炸物);工程寄存(無儲存爆炸物),每月,政府資料開放授權條款-第1版,,2019/01/28 00:00,2019/01/28 14:07,授權說明網址: https://data.gov.tw/license
98016,中央政府債務基金107年度附屬單位預算,財政部國庫署,公共資訊,提供中央政府債務基金107年度附屬單位預算,SEQNO;LEVEL;BOLD;前年度決算數;項目;本年度預算數;上年度預算數;比較增減;預算數;說明,不更新,政府資料開放授權條款-第1版,,2019/01/28 00:00,2019/01/28 10:38,
98122,基隆市已登記公私有土地登記管理 Open Data(107年案件登記),基隆市政府地政處,購屋及遷徙,購屋及遷徙: 係指各種房屋買賣、房屋遷移、移民等相關資料集,,每年,政府資料開放授權條款-第1版,,2019/01/28 00:00,2019/01/28 18:15,
98119,新北市政府警察局查獲非法槍彈刀械-105年,新北市政府警察局,生活安全及品質,新北市政府警察局查獲非法槍彈刀械-105年,"year;month;type;Quantity;",每年,政府資料開放授權條款-第1版,,2019/01/28 10:12,2019/01/28 10:33,
98121,新北市政府警察局查獲非法槍彈刀械-106年,新北市政府警察局,生活安全及品質,新北市政府警察局查獲非法槍彈刀械-106年,"year;month;type;Quantity;",每年,政府資料開放授權條款-第1版,,2019/01/28 10:12,2019/01/28 10:38,
98147,垃圾清運路線及時間,高雄市政府,公共資訊,提供垃圾清運路線及時間,垃圾清運路線及時間,每日,政府資料開放授權條款-第1版,http://data.kcg.gov.tw/dataset/garbage-clean-up,2019/01/28 01:09,2019/01/28 23:29,
