資料集識別碼,資料集名稱,提供機關,服務分類,資料集描述,主要欄位說明,更新頻率,授權方式,相關網址,上架日期,詮釋資料更新時間,備註
97564,全國性公民投票連署查對結果,中央選舉委員會,選舉及投票,107年全國性公民投票第7案至第16案連署查對結果,"序號;行政區;連署人數(B);符合規定人數(C);年齡(F);居住期間(G);受監護宣告未撤銷(J);連署前死亡(M);重複簽署(K);姓名錯誤或不明(H);未填具本人國民身分證統一編號或有錯誤、不明(I);未填具戶籍地址或有錯誤、不明(N);未簽名或蓋章(E);有偽造情事(L);小計(D)",每年,政府資料開放授權條款-第1版,,2019/01/14 00:00,2019/01/14 14:47,
97561,內政部空中勤務總隊五大任務執行比例,內政部空中勤務總隊,公共資訊,空中救災、空中救難、空中救護、空中觀測偵巡、空中運輸,空中救災;空中救難;空中救護;空中觀測偵巡;空中運輸,每年,政府資料開放授權條款-第1版,,2019/01/14 08:57,2019/01/14 09:06,
97567,本局107年多元繳稅管道件數及手續費支出,嘉義縣財政稅務局,公共資訊,本局107年多元繳稅管道件數及手續費支出,"ArticleType: 公告模式:0.文章 1.附件 2.連結,FileName: 文章檔案,Link: 文章連結,其餘欄位的說明為格式欄位",每年,政府資料開放授權條款-第1版,,2019/01/14 00:00,2019/01/14 15:21,
97535,基隆市不動產租賃實價登錄Open Data(107年11月租賃登記案件),基隆市政府地政處,購屋及遷徙,購屋及遷徙: 係指各種房屋租賃、房屋遷移、移民等相關資料集,鄉鎮市區;交易標的;土地區段位置建物區段門牌;土地面積平方公尺;都市土地使用分區;非都市土地使用分區;非都市土地使用編定;租賃年月日;租賃筆棟數;租賃層次;總樓層數;建物型態;主要用途;主要建材;建築完成年月;建物總面積平方公尺;建物現況格局-房;建物現況格局-廳;建物現況格局-衛;建物現況格局-隔間;有無管理組織;有無附傢俱;總額元;單價元平方公尺;車位類別;車位面積平方公尺;車位總額元;備註;編號,每月,政府資料開放授權條款-第1版,https://land.klcg.gov.tw/business/More?id=783;https://land.klcg.gov.tw/business/More?id=783,2019/01/11 00:00,2019/01/14 17:19,
