資料集識別碼,資料集名稱,提供機關,服務分類,資料集描述,主要欄位說明,更新頻率,授權方式,相關網址,上架日期,詮釋資料更新時間,備註
97630,內政部空中勤務總隊勤務第一大隊任務執行成效,內政部空中勤務總隊,公共資訊,勤務項目、飛行架次、飛行時數_時、飛行時數_分、救援_護_人數_男、救援_護_人數_女、運載人員、運載物資_裝備_油料_公斤、滅火水量_公噸、投水次數,勤務項目;飛行架次;飛行時數_時;飛行時數_分;救援_護_人數_男;救援_護_人數_女;運載人員;運載物資_裝備_油料_公斤;滅火水量_公噸;投水次數,每年,政府資料開放授權條款-第1版,,2019/01/16 08:27,2019/01/16 10:00,
97631,內政部空中勤務總隊勤務第二大隊任務執行成效,內政部空中勤務總隊,公共資訊,勤務項目、飛行架次、飛行時數_時、飛行時數_分、救援_護_人數_男、救援_護_人數_女、運載人員、運載物資_裝備_油料_公斤、滅火水量_公噸、投水次數,勤務項目;飛行架次;飛行時數_時;飛行時數_分;救援_護_人數_男;救援_護_人數_女;運載人員;運載物資_裝備_油料_公斤;滅火水量_公噸;投水次數,每年,政府資料開放授權條款-第1版,,2019/01/16 11:05,2019/01/16 13:49,
97632,內政部空中勤務總隊勤務第三大隊任務執行成效,內政部空中勤務總隊,公共資訊,勤務項目、飛行架次、飛行時數_時、飛行時數_分、救援_護_人數_男、救援_護_人數_女、運載人員、運載物資_裝備_油料_公斤、滅火水量_公噸、投水次數,勤務項目;飛行架次;飛行時數_時;飛行時數_分;救援_護_人數_男;救援_護_人數_女;運載人員;運載物資_裝備_油料_公斤;滅火水量_公噸;投水次數,每年,政府資料開放授權條款-第1版,,2019/01/16 11:12,2019/01/16 13:51,
97634,內政部空中勤務總隊執行緊急任務飛行架次及飛行時數統計表,內政部空中勤務總隊,公共資訊,隊別、機型、緊急架次、緊急架次時數、其他勤務架次、其他勤務架次時數、架次合計、飛行總時數,隊別;機型;緊急架次;緊急架次時數;其他勤務架次;其他勤務架次時數;架次合計;飛行總時數,每年,政府資料開放授權條款-第1版,,2019/01/16 13:37,2019/01/16 14:04,
