資料集識別碼,資料集名稱,提供機關,服務分類,資料集描述,主要欄位說明,更新頻率,授權方式,相關網址,上架日期,詮釋資料更新時間,備註
98163,高速公路局工務段轄區範圍,交通部高速公路局,公共資訊,高速公路局工務段轄區範圍,養護工程分局名稱;工務段名稱;轄區範圍,每年,政府資料開放授權條款-第1版,,2019/01/29 00:00,2019/01/29 10:31,
98177,臺灣銅金屬年腐蝕速率資料,交通部運輸研究所,公共資訊,於臺灣各地共佈放90個試驗站，建置臺灣銅金屬大氣腐蝕環境分類資料，提供產官學各界參考應用,項次;年;試驗地點;銅腐蝕速率,每年,政府資料開放授權條款-第1版,https://www.ihmt.gov.tw/opendata/upload/act/corrosion_Cu.xlsx,2019/01/10 00:00,2019/01/29 16:34,
98178,臺灣碳鋼年腐蝕速率資料,交通部運輸研究所,公共資訊,於臺灣各地共佈放90個試驗站，建置臺灣碳鋼大氣腐蝕環境分類資料，提供產官學各界參考應用,項次;年;試驗地點;碳鋼年腐蝕速率,每年,政府資料開放授權條款-第1版,https://www.ihmt.gov.tw/opendata/upload/act/corrosion_fe.xlsx,2019/01/10 00:00,2019/01/29 16:34,
98150,內政部空中勤務總隊執行海洋(岸)空偵巡護任務成效統計表,內政部空中勤務總隊,公共資訊,勤務項目_月份、01月、02月、03月、04月、05月、06月、07月、08月、09月、10月、11月、12月、合計,Duty_performed_month;January;February;March;April;May;June;July;August;September;October;November;December;total,每年,政府資料開放授權條款-第1版,,2019/01/28 16:54,2019/01/29 09:43,
98151,內政部空中勤務總隊執行國土安全空巡任務成效統計表,內政部空中勤務總隊,公共資訊,勤務項目_月份、01月、02月、03月、04月、05月、06月、07月、08月、09月、10月、11月、12月、合計,Duty_performed_month;January;February;March;April;May;June;July;August;September;October;November;December;total,每年,政府資料開放授權條款-第1版,,2019/01/29 08:32,2019/01/29 09:55,
98166,內政部空中勤務總隊執行環境汙染調查任務成效統計表,內政部空中勤務總隊,公共資訊,勤務項目_月份、01月、02月、03月、04月、05月、06月、07月、08月、09月、10月、11月、12月、合計,Duty_performed_month;January;February;March;April;May;June;July;August;September;October;November;December;total,每年,政府資料開放授權條款-第1版,,2019/01/29 13:33,2019/01/29 14:14,
98168,內政部空中勤務總隊執行國土綜合規劃空勘航攝任務成效統計表,內政部空中勤務總隊,公共資訊,勤務項目_月份、01月、02月、03月、04月、05月、06月、07月、08月、09月、10月、11月、12月、合計,Duty_performed_month;January;February;March;April;May;June;July;August;September;October;November;December;total,每年,政府資料開放授權條款-第1版,,2019/01/29 13:58,2019/01/29 14:35,
98176,電信詐欺犯罪資料,警政署,生活安全及品質,提供電信詐欺案類犯罪發生資料 (本資料為每季初步統計，僅供參考，正確統計數字仍以本署年度刑案統計資料為準。,type;oc_dt;oc_p1,每年,政府資料開放授權條款-第1版,,2019/01/29 15:40,2019/01/29 16:13,
98152,傳藝中心性別平等專區,國立傳統藝術中心,公共資訊,本中心性別平等檔案下載與相關連結,原始網頁資料,每年,政府資料開放授權條款-第1版,,2019/01/29 00:00,2019/01/29 09:13,
98153,傳藝中心創意傳藝教案競賽徵選計畫,國立傳統藝術中心,公共資訊,本中心年度創意傳藝教案競賽徵選計畫之相關資料，主題包含：京劇、歌仔戲、布袋戲、皮影戲、北管樂,,每年,政府資料開放授權條款-第1版,,2019/01/29 00:00,2019/01/29 09:16,
98154,傳藝中心內部控制聲明書,國立傳統藝術中心,公共資訊,本中心年度內部控制聲明書,,每年,政府資料開放授權條款-第1版,,2019/01/29 00:00,2019/01/29 09:19,
98155,傳藝中心-補捐助預算執行情形,國立傳統藝術中心,公共資訊,本中心補捐助預算執行-公款補助國內團體情形季報表,,每年,政府資料開放授權條款-第1版,,2019/01/29 00:00,2019/01/29 09:21,
98156,傳藝中心-資訊圖表,國立傳統藝術中心,公共資訊,本中心各項分析資訊圖，包含：預算執行與重要績效、表演藝術消費參與概況調查計畫－研究主要發現、表演藝術團體基礎概況調查計畫－成果資訊圖表、傳藝中心園區委外經營績效、傳藝中心性別統計等。,Id;SiteId;UnitId;TypeId;FileName;ImageName;Url;BaseCategoryName;Content;PublishTime;Subject;PageUrl; Mutilimage; Mutilattach,每年,政府資料開放授權條款-第1版,,2019/01/29 00:00,2019/01/29 09:21,
98157,傳藝中心-支付或接受之補助,國立傳統藝術中心,公共資訊,傳藝中心-支付或接受之補助，受捐與徵信資訊,"Id;SiteId;UnitId;TypeId;FileName;ImageName;Url;BaseCategoryName;Content;PublishTime;Subject;PageUrl; Mutilimage; Mutilattach",每年,政府資料開放授權條款-第1版,,2019/01/29 00:00,2019/01/29 09:22,
98158,傳藝中心-採購案招標公告,國立傳統藝術中心,公共資訊,傳藝中心-採購案招標公告,Id;SiteId;UnitId;TypeId;FileName;ImageName;Url;BaseCategoryName;Content;PublishTime;Subject;PageUrl; Mutilimage; Mutilattach,每年,政府資料開放授權條款-第1版,,2019/01/29 00:00,2019/01/29 09:22,
98159,傳藝中心-研究典藏-最新消息,國立傳統藝術中心,公共資訊,國立傳統藝術中心傳藝資料館位於宜蘭園區，提供傳藝資料館對外相關訊息，包含：館所公告、館藏目錄、新書介紹...等。,"Id;SiteId;UnitId;TypeId;FileName;ImageName;Url;BaseCategoryName;Content;PublishTime;Subject;PageUrl; Mutilimage; Mutilattach",每月,政府資料開放授權條款-第1版,,2019/01/28 00:00,2019/01/29 09:23,
98160,傳藝中心法律法規及行政規則,國立傳統藝術中心,公共資訊,傳藝中心法律法規及行政規則，依內容分為：組織類、文物典藏類、圖書館類、獎助/濟助/補助類、作業要點/須知類、其他,"Id;SiteId;UnitId;TypeId;FileName;ImageName;Url;BaseCategoryName;Content;PublishTime;Subject;PageUrl; Mutilimage; Mutilattach;Id;TypeId;BaseCategoryName;Content;PageUrl",每年,政府資料開放授權條款-第1版,,2019/01/17 00:00,2019/01/29 09:28,
98161,基隆市108年公告土地現值資料檔,基隆市政府地政處,公共資訊,基隆市108年公告土地現值(係為產製當時之資料，後續因土地分割、合併等致地價變動，可利用基隆市政府地政處便民查詢系統(http://163.29.218.196/query/valueprice.jsp?menu=true&type=P)所提供公告土地現值及公告地價查詢功能，如有土地合併或分割時，該系統會同步更新土地分割或合併後之地價資料，亦可顯示面積資料。) 資料內容說明： １.地號：例：10000地號表示為1地號、10001地號表示為1-1地號、260000地號表示為26地號。 ２.公告土地現值單位：元/㎡。,縣市;行政區;段小段;地號;公告現值,每年,政府資料開放授權條款-第1版,http://163.29.218.196/query/valueprice.jsp?menu=true&type=P,2019/01/29 00:00,2019/01/29 10:00,
98186,107年度本市地方總預算半年結算報告,臺北市政府主計處,公共資訊,107年度本市地方總預算半年結算報告,"歲入來源別結算總表歲出機關別結算總表",不更新,政府資料開放授權條款-第1版,,2018/08/31 00:00,2019/01/29 20:37,
98187,花蓮縣各項稅收稽徵人力,花蓮縣政府,公共資訊,花蓮縣各項稅收稽徵人力,詳如資料集內容,每日,政府資料開放授權條款-第1版,,2019/01/30 00:00,2019/01/30 01:13,無
98188,107年12月花蓮縣娛樂稅稅源-1,花蓮縣政府,公共資訊,107年12月花蓮縣娛樂稅稅源-1,詳如資料集內容,每日,政府資料開放授權條款-第1版,,2019/01/30 00:00,2019/01/30 00:11,無
98189,107年12月花蓮縣娛樂稅稅源-2,花蓮縣政府,公共資訊,107年12月花蓮縣娛樂稅稅源-2,詳如資料集內容,每日,政府資料開放授權條款-第1版,,2019/01/30 00:00,2019/01/30 00:11,無
98190,107年1月花蓮縣娛樂稅稅源-1,花蓮縣政府,公共資訊,107年1月花蓮縣娛樂稅稅源-1,詳如資料集內容,每日,政府資料開放授權條款-第1版,,2019/01/30 00:00,2019/01/30 00:12,無
98191,107年1月花蓮縣娛樂稅稅源-2,花蓮縣政府,公共資訊,107年1月花蓮縣娛樂稅稅源-2,詳如資料集內容,每日,政府資料開放授權條款-第1版,,2019/01/30 00:00,2019/01/30 00:12,無
98192,107年2月花蓮縣娛樂稅稅源-1,花蓮縣政府,公共資訊,107年2月花蓮縣娛樂稅稅源-1,詳如資料集內容,每日,政府資料開放授權條款-第1版,,2019/01/30 00:00,2019/01/30 00:12,無
98193,107年2月花蓮縣娛樂稅稅源-2,花蓮縣政府,公共資訊,107年2月花蓮縣娛樂稅稅源-2,詳如資料集內容,每日,政府資料開放授權條款-第1版,,2019/01/30 00:00,2019/01/30 00:12,無
98194,107年3月花蓮縣娛樂稅稅源-1,花蓮縣政府,公共資訊,107年3月花蓮縣娛樂稅稅源-1,詳如資料集內容,每日,政府資料開放授權條款-第1版,,2019/01/30 00:00,2019/01/30 00:13,無
98195,107年3月花蓮縣娛樂稅稅源-2,花蓮縣政府,公共資訊,107年3月花蓮縣娛樂稅稅源-2,詳如資料集內容,每日,政府資料開放授權條款-第1版,,2019/01/30 00:00,2019/01/30 00:13,無
98196,107年4月花蓮縣娛樂稅稅源-1,花蓮縣政府,公共資訊,107年4月花蓮縣娛樂稅稅源-1,詳如資料集內容,每日,政府資料開放授權條款-第1版,,2019/01/30 00:00,2019/01/30 00:13,無
98197,107年4月花蓮縣娛樂稅稅源-2,花蓮縣政府,公共資訊,107年4月花蓮縣娛樂稅稅源-2,詳如資料集內容,每日,政府資料開放授權條款-第1版,,2019/01/30 00:00,2019/01/30 00:13,無
98198,107年5月花蓮縣娛樂稅稅源-1,花蓮縣政府,公共資訊,107年5月花蓮縣娛樂稅稅源-1,詳如資料集內容,每日,政府資料開放授權條款-第1版,,2019/01/30 00:00,2019/01/30 00:14,無
98199,107年5月花蓮縣娛樂稅稅源-2,花蓮縣政府,公共資訊,107年5月花蓮縣娛樂稅稅源-2,詳如資料集內容,每日,政府資料開放授權條款-第1版,,2019/01/30 00:00,2019/01/30 00:14,無
98200,107年6月花蓮縣娛樂稅稅源-1,花蓮縣政府,公共資訊,107年6月花蓮縣娛樂稅稅源-1,詳如資料集內容,每日,政府資料開放授權條款-第1版,,2019/01/30 00:00,2019/01/30 00:14,無
98201,107年6月花蓮縣娛樂稅稅源-2,花蓮縣政府,公共資訊,107年6月花蓮縣娛樂稅稅源-2,詳如資料集內容,每日,政府資料開放授權條款-第1版,,2019/01/30 00:00,2019/01/30 01:17,無
98202,107年7月花蓮縣娛樂稅稅源-1,花蓮縣政府,公共資訊,107年7月花蓮縣娛樂稅稅源-1,詳如資料集內容,每日,政府資料開放授權條款-第1版,,2019/01/30 00:00,2019/01/30 01:18,無
98203,107年7月花蓮縣娛樂稅稅源-2,花蓮縣政府,公共資訊,107年7月花蓮縣娛樂稅稅源-2,詳如資料集內容,每日,政府資料開放授權條款-第1版,,2019/01/30 00:00,2019/01/30 00:57,無
98204,107年8月花蓮縣娛樂稅稅源-1,花蓮縣政府,公共資訊,107年8月花蓮縣娛樂稅稅源-1,詳如資料集內容,每日,政府資料開放授權條款-第1版,,2019/01/30 00:00,2019/01/30 00:58,無
98205,107年8月花蓮縣娛樂稅稅源-2,花蓮縣政府,公共資訊,107年8月花蓮縣娛樂稅稅源-2,詳如資料集內容,每日,政府資料開放授權條款-第1版,,2019/01/30 00:00,2019/01/30 00:59,無
98206,107年9月花蓮縣娛樂稅稅源-1,花蓮縣政府,公共資訊,107年9月花蓮縣娛樂稅稅源-1,詳如資料集內容,每日,政府資料開放授權條款-第1版,,2019/01/30 00:00,2019/01/30 01:00,無
98207,107年9月花蓮縣娛樂稅稅源-2,花蓮縣政府,公共資訊,107年9月花蓮縣娛樂稅稅源-2,詳如資料集內容,每日,政府資料開放授權條款-第1版,,2019/01/30 00:00,2019/01/30 01:02,無
98208,107年10月花蓮縣娛樂稅稅源-1,花蓮縣政府,公共資訊,107年10月花蓮縣娛樂稅稅源-1,詳如資料集內容,每日,政府資料開放授權條款-第1版,,2019/01/30 00:00,2019/01/30 01:03,無
98209,107年10月花蓮縣娛樂稅稅源-2,花蓮縣政府,公共資訊,107年10月花蓮縣娛樂稅稅源-2,詳如資料集內容,每日,政府資料開放授權條款-第1版,,2019/01/30 00:00,2019/01/30 01:04,無
98210,107年11月花蓮縣娛樂稅稅源-1,花蓮縣政府,公共資訊,107年11月花蓮縣娛樂稅稅源-1,詳如資料集內容,每日,政府資料開放授權條款-第1版,,2019/01/30 00:00,2019/01/30 00:46,無
98211,107年11月花蓮縣娛樂稅稅源-2,花蓮縣政府,公共資訊,107年11月花蓮縣娛樂稅稅源-2,詳如資料集內容,每日,政府資料開放授權條款-第1版,,2019/01/30 00:00,2019/01/30 01:06,無
98212,花蓮縣107年使用牌照稅稅源-1,花蓮縣政府,公共資訊,花蓮縣107年使用牌照稅稅源-1,詳如資料集內容,每日,政府資料開放授權條款-第1版,,2019/01/30 00:00,2019/01/30 01:07,無
98213,花蓮縣107年使用牌照稅稅源-2,花蓮縣政府,公共資訊,花蓮縣107年使用牌照稅稅源-2,詳如資料集內容,每日,政府資料開放授權條款-第1版,,2019/01/30 00:00,2019/01/30 01:09,無
98169,苗栗縣108年公告地價及公告土地現值,地政處,購屋及遷徙,揭露苗栗縣108年公告地價及公告土地現值。,,每年,政府資料開放授權條款-第1版,,2019/01/29 00:00,2019/01/29 14:46,
