資料集識別碼,資料集名稱,提供機關,服務分類,資料集描述,主要欄位說明,更新頻率,授權方式,相關網址,上架日期,備註
101248,公務人員退休撫卹基金管理委員會107年單位決算書,公務人員退休撫卹基金管理委員會,公共資訊,公務人員退休撫卹基金管理委員會107年單位決算書,會計年度;款;項;目;節;預算科目編號;預算科目名稱;細目編號;細目名稱;預算數_原預算數;預算數_預算增減數;預算數_合計1;決算數_實現數;決算數_應收數;決算數_保留數;決算數_合計2;預決算比較增減數;決算數占預算數之比率;分計畫編號;分計畫名稱;用途別編號;用途別名稱;原預算數;預算追加減數;動支第一預備金數;動支第二預備金數;經費流用數;預算調整數;預算增減數小計;預算數合計1;實現數;應付數;保留數;決算數合計2;預算年度;以前年度轉入數_應付數;以前年度轉入數_保留數;本年度減免註銷數_應付數;本年度減免註銷數_保留數;本年度實現數_應付數;本年度實現數_保留數;本年度調整數_應付數;本年度調整數_保留數;本年度未結清數_應付數;本年度未結清數_保留數;月份;基金別;會計分類;使用機關別;科目分類;會計科目編號;會計科目名稱;本年度金額;上年度金額;url_link,每年,政府資料開放授權條款-第1版,,2019/04/23 00:00,
101296,嘉義縣垃圾清運,嘉義縣政府,公共資訊,嘉義縣垃圾清運,"ArticleType: 公告模式:0.文章 1.附件 2.連結,FileName: 文章檔案,Link: 文章連結,其餘欄位的說明為格式欄位",每日,政府資料開放授權條款-第1版,,2019/04/24 00:00,
101183,國史館臺灣文獻館108年度3月份會計月報,國史館臺灣文獻館,公共資訊,國史館臺灣文獻館108年度3月份會計月報資料,會計年度;月份;款;項;目;節;預算年度;預算科目編號;預算科目名稱;細目編號;細目名稱;原預算數;追加減數;截至本月止累計分配數_1;本月實現數;截至本月止累計實現數_2;應收收入數_3;分配數預算餘額_4;分支計畫編號;分支計畫名稱;用途別編號;用途別名稱;第一預備金;第二預備金;經費流用數;預算調整數;應付數;已分配尚未執行數;備註_預暫付數;基金別;會計分類;使用機關別;科目分類;會計科目編號;會計科目名稱;金額;科目名稱;取得成本;以前年度累計折舊_長期投資評價;本年度資本資產成本變動_增加數;本年度資本資產成本變動_減少數;本年度累計折舊_長期投資評價變動數;期末帳面金額;備註;業務計畫或工作計畫;經資門;執行數;項目;收入實現數;減項_收入待納庫數;加項_以前年度待納庫繳庫數;加項_以前年度撥款於本年度繳還數_材料;加項_以前年度撥款於本年度繳還數_存出保證金;加項_以前年度撥款於本年度繳還數_其他應收款;加項_預收款;加項_剔除經費;繳付公庫數;一級用途別編號;一級用途別名稱;支出實現數;加項_預付款;加項_材料;加項_存出保證金;加項_零用金;加項_退還收入預收款;加項_其他應收款;減項_以前年度撥款於本年度實現數;公庫撥入數;公庫分配數餘額;金額_本月數;金額_累計數,每月,政府資料開放授權條款-第1版,,2019/04/22 00:00,
101257,桃園市13行政區各項稅收徵稽統計表107年8月,桃園市政府地方稅務局,公共資訊,桃園市13行政區各項稅收徵稽統計表107年8月,項目;行政區;全年預算數;本年度累計實徵淨額;比重;排序;累計實徵淨額與全年預算數比較;累計實徵淨額與全年預算數比較百分比;上年同期累計實徵淨額;累計實徵淨額與上年同期比較;累計實徵淨額與上年同期比較百分比,每日,政府資料開放授權條款-第1版,,2019/03/06 13:58,
101258,桃園市政府地方稅務局107年度歲出預算表,桃園市政府地方稅務局,公共資訊,桃園市政府地方稅務局107年度歲出預算表,款;項;目;節;名稱及編號;本年度預算數;上年度預算數;前年度決算數;本年度與上年度比較,每日,政府資料開放授權條款-第1版,,2019/03/06 14:40,
101259,桃園市政府地方稅務局107年度歲出決算表,桃園市政府地方稅務局,公共資訊,桃園市政府地方稅務局107年度歲出決算表,款;項;目;節;科目名稱及編號;原預算數;預算增減數;預算數合計;預算數合計1;決算實現數;決算應付數;決算保留數;決算數合計;決算數合計2;比較增減數;=;減;比較增減數3=2減1;決算數占預算數之比率;/;％;說明,每日,政府資料開放授權條款-第1版,,2019/03/07 16:58,
101260,桃園市政府地方稅務局107年稅務秘書執行成果表,桃園市政府地方稅務局,公共資訊,桃園市政府地方稅務局107年稅務秘書執行成果表,科室;親臨里長辦公室;下鄉服務;電話服務次數;網路服務次數;宣導諮詢服務人數;受理案件數,每日,政府資料開放授權條款-第1版,,2019/03/06 13:24,
101261,桃園市政府地方稅務局107年度歲入決算表,桃園市政府地方稅務局,公共資訊,桃園市政府地方稅務局107年度歲入決算表,款;項;目;節;科目名稱及編號;原預算數;預算增減數;預算數合計;預算數合計1;決算實現數;決算應收數;決算保留數;決算數合計;決算數合計2;比較增減數;=;減;比較增減數3=2減1;決算數占預算數之比率;/;％,每日,政府資料開放授權條款-第1版,,2019/03/07 17:00,
101262,桃園市13行政區各項稅收徵稽統計表107年7月,桃園市政府地方稅務局,公共資訊,桃園市13行政區各項稅收徵稽統計表107年7月,項目;行政區;全年預算數;本年度累計實徵淨額;比重;排序;累計實徵淨額與全年預算數比較;累計實徵淨額與全年預算數比較百分比;上年同期累計實徵淨額;累計實徵淨額與上年同期比較;累計實徵淨額與上年同期比較百分比,每日,政府資料開放授權條款-第1版,,2019/03/06 13:44,
101263,桃園市政府地方稅務局106年度歲入決算表,桃園市政府地方稅務局,公共資訊,桃園市政府地方稅務局106年度歲入決算表,款;項;目;節;科目名稱及編號;原預算數;預算增減數;預算數合計;預算數合計1;決算實現數;決算應收數;決算保留數;決算數合計;決算數合計2;比較增減數;=;減;比較增減數3=2減1;決算數占預算數之比率;/;％,每日,政府資料開放授權條款-第1版,,2019/03/07 17:01,
101264,桃園市政府地方稅務局106年度歲出決算表,桃園市政府地方稅務局,公共資訊,桃園市政府地方稅務局106年度歲出決算表,款;項;目;節;科目名稱及編號;原預算數;預算增減數;預算數合計;預算數合計1;決算實現數;決算應付數;決算保留數;決算數合計;決算數合計2;比較增減數;=;減;比較增減數3=2減1;決算數占預算數之比率;/;％;說明,每日,政府資料開放授權條款-第1版,,2019/03/07 16:59,
101265,107年7月直轄市稅捐徵收按稅目比較表,桃園市政府地方稅務局,公共資訊,107年7月直轄市稅捐徵收按稅目比較表,直轄市;台北市;新北市;桃園市;台中市;台南市;高雄市;其他縣市;總計,每日,政府資料開放授權條款-第1版,,2019/03/06 13:28,
101266,完全以電能為動力之電動機車使用牌照稅稅額表,桃園市政府地方稅務局,公共資訊,完全以電能為動力之電動機車使用牌照稅稅額表,英制馬力;英制馬力HP;公制馬力;公制馬力PS;稅額,每日,政府資料開放授權條款-第1版,,2019/03/06 14:41,
101267,桃園市政府地方稅務局108年度歲出預算表,桃園市政府地方稅務局,公共資訊,桃園市政府地方稅務局108年度歲出預算表,款;項;目;節;科目名稱及編號;本年度預算數;上年度預算數;前年度決算數;本年度與上年度比較;說明,每日,政府資料開放授權條款-第1版,,2019/03/06 13:21,
101268,桃園市政府地方稅務局105年度歲入決算表,桃園市政府地方稅務局,公共資訊,桃園市政府地方稅務局105年度歲入決算表,名稱;歲入決算,每日,政府資料開放授權條款-第1版,,2019/03/06 13:21,
101269,桃園市13行政區各項稅收徵稽統計表107年9月,桃園市政府地方稅務局,公共資訊,桃園市13行政區各項稅收徵稽統計表107年9月,項目;行政區;全年預算數;本年度累計實徵淨額;比重;排序;累計實徵淨額與全年預算數比較;累計實徵淨額與全年預算數比較百分比;上年同期累計實徵淨額;累計實徵淨額與上年同期比較;累計實徵淨額與上年同期比較百分比,每日,政府資料開放授權條款-第1版,,2019/03/06 13:59,
101270,桃園市政府地方稅務局108年度歲入預算表,桃園市政府地方稅務局,公共資訊,桃園市政府地方稅務局108年度歲入預算表,款;項;目;節;科目名稱及編號;本年度預算數;上年度預算數;前年度決算數;本年度與上年度比較;說明,每日,政府資料開放授權條款-第1版,,2019/03/06 13:22,
101271,桃園市13行政區各項稅收徵稽統計表107年12月,桃園市政府地方稅務局,公共資訊,桃園市13行政區各項稅收徵稽統計表107年12月,項目;行政區;全年預算數;本年度累計實徵淨額;比重;排序;累計實徵淨額與全年預算數比較;累計實徵淨額與全年預算數比較百分比;上年同期累計實徵淨額;累計實徵淨額與上年同期比較;累計實徵淨額與上年同期比較百分比,每日,政府資料開放授權條款-第1版,,2019/03/06 14:26,
101272,桃園市政府地方稅務局106年稅務秘書執行成果表,桃園市政府地方稅務局,公共資訊,桃園市政府地方稅務局106年稅務秘書執行成果表,科室;親臨里長辦公室;宣導活動服務次數;電話網路服務次數;郵寄服務次數;宣導諮詢服務人數;受理案件數,每日,政府資料開放授權條款-第1版,,2019/03/06 13:24,
101274,107年8月直轄市稅捐徵收按稅目比較表,桃園市政府地方稅務局,公共資訊,107年8月直轄市稅捐徵收按稅目比較表,直轄市;台北市;新北市;桃園市;台中市;台南市;高雄市;其他縣市;總計,每日,政府資料開放授權條款-第1版,,2019/03/06 13:29,
101275,107年桃園市各項稅捐實徵淨額與預算數及上年同期比較-累計數,桃園市政府地方稅務局,公共資訊,107年桃園市各項稅捐實徵淨額與預算數及上年同期比較-累計數,稅目別;截至本月底止累計實徵數合計; ;截至本月底止累計實徵數;截至本月底止累計實徵數本年度;截至本月底止累計實徵數以前年度;截至本月底止累計退還以前年度歲入款;截至本月底止累計退還以前年度歲入款2;截至本月底止累計實徵淨額;減;截至本月底止累計實徵淨額1減2;全年預算數;累計實徵淨額與全年預算數比較;累計實徵淨額與全年預算數比較百分比;同期分配預算數;累計實徵淨額與同期分配預算數比較;累計實徵淨額與同期分配預算數比較百分比;上年同期實徵淨額;累計實徵淨額與上年同期比較;累計實徵淨額與上年同期比較增減百分比,每日,政府資料開放授權條款-第1版,,2019/03/07 17:01,
101276,桃園市各項稅收稽徵人力107年,桃園市政府地方稅務局,公共資訊,桃園市各項稅收稽徵人力107年,項目;細目;稅目;合計;地價稅;土地增值稅;房屋稅;使用牌照稅;契稅;印花稅;娛樂稅;特別稅;臨時稅,每日,政府資料開放授權條款-第1版,,2019/03/06 14:40,
101277,107年全功能服務櫃臺統計表,桃園市政府地方稅務局,公共資訊,107年全功能服務櫃臺統計表,服務項目;服務次項目;件數;跨機關件數,每日,政府資料開放授權條款-第1版,,2019/03/06 13:30,
101279,機車使用牌照稅稅額表,桃園市政府地方稅務局,公共資訊,機車使用牌照稅稅額表,車輛種類及稅額（新臺幣/元）汽缸總排氣量;機車,每日,政府資料開放授權條款-第1版,,2019/03/06 14:51,
101280,桃園市政府地方稅務局105年度歲出決算表,桃園市政府地方稅務局,公共資訊,桃園市政府地方稅務局105年度歲出決算表,名稱;預算數;預算數1;決算數實現數;決算應付數;決算保留數;決算合計;決算合計2;比較增減數;=;減;比較增減數3=2減1;剔除經費繳庫數,每日,政府資料開放授權條款-第1版,,2019/03/07 16:59,
101281,107年桃園市查定開徵數情形,桃園市政府地方稅務局,公共資訊,107年桃園市查定開徵數情形,類別;年度;稅目別;查;定開徵數;件數;金額;實徵數;減免註銷數;逾徵收期限數;逾執行期限數;逾核課期限數;未徵數餘額,每日,政府資料開放授權條款-第1版,,2019/03/06 13:28,
101282,107年9月直轄市稅捐徵收按稅目比較表,桃園市政府地方稅務局,公共資訊,107年9月直轄市稅捐徵收按稅目比較表,直轄市;台北市;新北市;桃園市;台中市;台南市;高雄市;其他縣市;總計,每日,政府資料開放授權條款-第1版,,2019/03/06 13:34,
101283,桃園市各項稅收稽徵成本107年,桃園市政府地方稅務局,公共資訊,桃園市各項稅收稽徵成本107年,稅目;實徵淨額;成本總計;直接成本小計;直接成本人事費;直接成本業務費;直接成本獎補助及損失;間接成本小計;間接成本人事費;間接成本業務費;間接成本設備及投資費;間接成本其他;每千元成本,每日,政府資料開放授權條款-第1版,,2019/03/06 14:26,
101284,桃園市政府地方稅務局105年稅務秘書執行成果表,桃園市政府地方稅務局,公共資訊,桃園市政府地方稅務局105年稅務秘書執行成果表,科室;親臨里長辦公室;下鄉服務;電話服務次數;網路服務次數;宣導諮詢服務人數;受理案件數,每日,政府資料開放授權條款-第1版,,2019/03/06 13:24,
101285,107年各稅目受理行政救濟案件明細表,桃園市政府地方稅務局,公共資訊,107年各稅目受理行政救濟案件明細表,項目;復查;續提訴願;逕提訴願;行政訴訟;合計,每日,政府資料開放授權條款-第1版,,2019/03/06 13:23,
101286,桃園市政府地方稅務局107年度歲入預算表,桃園市政府地方稅務局,公共資訊,桃園市政府地方稅務局107年度歲入預算表,名稱;年度預算數,每日,政府資料開放授權條款-第1版,,2019/03/06 14:27,
101256,桃園市道路禁挖區,桃園市政府工務局,交通及通訊,道挖挖掘禁挖區,桃園市禁挖區資料,每日,政府資料開放授權條款-第1版,,2018/12/25 13:33,
101278,桃園市消防安全檢查重大不合格場所,桃園市政府消防局,生活安全及品質,提供本市消防安全檢查(消防安全設備、防火管理、防焰物品)經複查不合格之場所。,場所名稱;場所地點;檢查結果;檢查日期,每月,政府資料開放授權條款-第1版,,2019/04/22 15:04,
101291,臺中市政府警察局108年2月份交通事故資料,臺中市政府警察局交通警察大隊,交通及通訊,本局108年2月份交通事故逐案細部資料,年;月;日;時;分;縣市;區;死;受傷;2-30;天候;光線;道路類別;速限;道路型態;事故位置;路面鋪裝;路面狀態;路面缺陷;障礙物;視距;號誌種類;號誌動作;分向設施;快車道或一般車道間;快慢車道間;路面邊線;事故類型及型態;主要肇因;受傷程度;主要傷處;保護裝備;行動電話;當事者區分_類別;車輛用途;當事者行動狀態;駕駛資格情形;駕駛執照種類;飲酒情形;車輛撞擊部位最初;車輛撞擊部位其他;肇事因素個別;肇事因素主要;肇事逃逸;職業;旅次目的;車種;GPS座標_緯度;GPS座標_經度,即時,政府資料開放授權條款-第1版,,2019/04/24 13:21,
101304,107年多元繳稅統計表,臺北市稅捐稽徵處,公共資訊,臺北市稅捐稽徵處多元繳稅統計,方式;長期約定轉帳繳稅;信用卡繳稅;自動櫃員機繳稅;活期;存款帳戶繳稅;便利商店繳稅;晶片金融卡;金融機構臨櫃繳稅,每年,政府資料開放授權條款-第1版,,2019/04/24 20:34,
