資料集識別碼,資料集名稱,提供機關,服務分類,資料集描述,主要欄位說明,更新頻率,授權方式,相關網址,上架日期,備註
101326,地方檢察署辦理毒品案件偵查終結件數(統計),法務部統計處,生活安全及品質,地方檢察署辦理毒品案件偵查終結件數－按罪名及偵查終結情形分,罪名別;偵查終結情形;日期;統計值,每月,政府資料開放授權條款-第1版,,2019/04/26 00:00,
101327,地方檢察署執行毒品案件裁判確定件數(統計),法務部統計處,生活安全及品質,地方檢察署執行毒品案件裁判確定件數－按罪名分,罪名別;日期;統計值,每月,政府資料開放授權條款-第1版,,2019/04/26 00:00,
101331,大肚台地產業與資源調查_山坡地,臺中市政府都市發展局‧秘書室第一股,生活安全及品質,大肚台地的產業與資源調查_山坡地,名稱;編號;違規面積_平方公尺;破壞面積_平方公尺;地籍_面積;經緯度_WGS84;街景連結;破壞原因;現況;照片;範圍;提供,即時,政府資料開放授權條款-第1版,,2019/04/26 14:42,
101335,大肚台地產業與資源調查_湧泉水井水堀,臺中市政府都市發展局‧秘書室第一股,生活安全及品質,大肚台地產業與資源調查_湧泉水井水堀,編號;名稱;類型;經緯度;位置;簡介;資料來源簡介;資料來源;照片1;照片2;照片3,即時,政府資料開放授權條款-第1版,,2019/04/26 15:23,
101346,臺北市各項稅捐本月實徵數簡報表108年3月,臺北市稅捐稽徵處,公共資訊,項目別、本月實徵數/本年度、本月實徵數/以前年度、本月退還以前年度歲入款,項目別;本月實徵數/本年度;本月實徵數/以前年度;本月退還以前年度歲入款,每日,政府資料開放授權條款-第1版,,2019/04/26 20:32,
101336,菸害防制及衛生保健基金補(捐)助情形季報表(108年),衛生福利部國民健康署,公共資訊,國民健康署菸害防制及衛生保健基金補(捐)助其他政府機關及捐助團體、個人情形季報表(108年),補(捐)助對象;核淮日期;本季金額;累積金額;補助事項或用途;經費來源;分配用途;縣市,每季,政府資料開放授權條款-第1版,,2019/04/26 00:00,
101332,高雄高等行政法院107年度單位決算,高雄高等行政法院,公共資訊,高雄高等行政法院107年度單位決算,會計年度;款;項;目;節;預算科目編號;預算科目名稱;細目編號;細目名稱;預算數_原預算數;預算數_預算增減數;預算數_合計1;決算數_實現數;決算數_應收數;決算數_保留數;決算數_合計2;預決算比較增減數;決算數占預算數之比率;分計畫編號;分計畫名稱;用途別編號;用途別名稱;原預算數;預算追加減數;動支第一預備金數;動支第二預備金數;經費流用數;預算調整數;預算增減數小計;預算數合計1;實現數;應付數;保留數;決算數合計2;預算年度;以前年度轉入數_應收數;以前年度轉入數_保留數;本年度減免註銷數_應收數;本年度減免註銷數_保留數;本年度實現數_應收數;本年度實現數_保留數;本年度調整數_應收數;本年度調整數_保留數;本年度未結清數_應收數;本年度未結清數_保留數;月份;基金別;會計分類;使用機關別;科目分類;會計科目編號;會計科目名稱;本年度金額;上年度金額;url_link,每年,政府資料開放授權條款-第1版,http://ksb.judicial.gov.tw/chinese/GovPublicInfo.aspx?p=58&pa=10227&n=10347&type=5,2019/04/26 00:00,
