資料集識別碼,資料集名稱,提供機關,服務分類,資料集描述,主要欄位說明,更新頻率,授權方式,相關網址,上架日期,備註
101193,嘉義縣108年各鄉鎮市村里鄰數、戶數及人口數,嘉義縣政府,公共資訊,村里鄰數、戶數及人口數,"ArticleType: 公告模式:0.文章 1.附件 2.連結,FileName: 文章檔案,Link: 文章連結,其餘欄位的說明為格式欄位",每日,政府資料開放授權條款-第1版,,2019/04/22 00:00,
101195,嘉義縣108年各鄉鎮市原住民族群人口統計,嘉義縣政府,公共資訊,原住民族群人口統計,"ArticleType: 公告模式:0.文章 1.附件 2.連結,FileName: 文章檔案,Link: 文章連結,其餘欄位的說明為格式欄位",每日,政府資料開放授權條款-第1版,,2019/04/22 00:00,
101184,基隆市不動產租賃實價登錄Open Data(108年2月租賃登記案件),基隆市政府地政處,購屋及遷徙,購屋及遷徙: 係指各種房屋租賃、房屋遷移、移民等相關資料集,,每月,政府資料開放授權條款-第1版,https://land.klcg.gov.tw/business/More?id=811;https://land.klcg.gov.tw/business/More?id=811;https://land.klcg.gov.tw/business/More?id=811,2019/04/22 00:00,
101164,108年度宜蘭縣總預算歲入來源別預算表,宜蘭縣政府,公共資訊,提供宜蘭縣當年度歲入總預算編列情形,科目名稱及編號;本年度預算數;上年度預算數;前年度決算數;本年度與上年度比較,每年,政府資料開放授權條款-第1版,,2019/04/21 00:00,單位：新臺幣千元
101240,106年度適性就業輔導促進就業計畫-就業促進研習課程,桃園市政府勞動局,公共資訊,106年度適性就業輔導促進就業計畫-就業促進研習課程,上課日期;上課時間;地點;類別;課程名稱;講師,每季,政府資料開放授權條款-第1版,,2018/03/29 15:06,
101224,107年桃園市地方稅務局本轄代發他機關作業統計表,桃園市政府地方稅務局,公共資訊,107年桃園市地方稅務局本轄代發他機關作業統計表,單位;服務項目;臺北市;臺中市;基隆市;台南市;高雄市;新北市;宜蘭縣;桃園市;嘉義市;新竹縣;苗栗縣;南投縣;彰化縣;新竹市;雲林縣;嘉義縣;屏東縣;花蓮縣;臺東縣;金門縣;澎湖縣;連江縣;合計,每日,政府資料開放授權條款-第1版,,2019/03/06 13:28,
101227,107年各稅稅籍數及實徵稅額統計-按區別,桃園市政府地方稅務局,公共資訊,107年各稅稅籍數及實徵稅額統計-按區別,區;地價稅稅籍戶數;地價稅實徵稅額;使用牌照稅車輛數;使用牌照稅實徵稅額;土地增值稅收件數;土地增值稅實徵稅額;契稅收件數;契稅實徵稅額,每日,政府資料開放授權條款-第1版,,2019/03/06 13:23,
101228,桃園市13行政區各項稅收徵稽統計表107年11月,桃園市政府地方稅務局,公共資訊,桃園市13行政區各項稅收徵稽統計表107年11月,項目;行政區;全年預算數;本年度累計實徵淨額;比重;排序;累計實徵淨額與全年預算數比較;累計實徵淨額與全年預算數比較百分比;上年同期累計實徵淨額;累計實徵淨額與上年同期比較;累計實徵淨額與上年同期比較百分比,每日,政府資料開放授權條款-第1版,,2019/03/06 14:07,
101229,107年12月直轄市稅捐徵收按稅目比較表,桃園市政府地方稅務局,公共資訊,107年12月直轄市稅捐徵收按稅目比較表,直轄市;台北市;新北市;桃園市;台中市;台南市;高雄市;其他縣市;總計,每日,政府資料開放授權條款-第1版,,2019/03/06 13:44,
101230,107年桃園市地方稅欠稅概況-按納稅義務人性別分,桃園市政府地方稅務局,公共資訊,107年桃園市地方稅欠稅概況-按納稅義務人性別分,稅目別;人數合計;人數;人數男性;人數女性;件數合計;件數;件數男性;件數女性;金額合計;金額;金額男性;金額女性,每日,政府資料開放授權條款-第1版,,2019/03/06 13:22,
101231,106年全功能服務櫃臺統計表,桃園市政府地方稅務局,公共資訊,106年全功能服務櫃臺統計表,服務項目;服務次項目;件數;跨機關件數,每日,政府資料開放授權條款-第1版,,2019/03/06 13:29,
101232,106年桃園市地方稅務局本轄代發他機關作業統計表,桃園市政府地方稅務局,公共資訊,106年桃園市地方稅務局本轄代發他機關作業統計表,單位;服務項目;臺北市;臺中市;基隆市;台南市;高雄市;新北市;宜蘭縣;桃園市;嘉義市;新竹縣;苗栗縣;南投縣;彰化縣;新竹市;雲林縣;嘉義縣;屏東縣;花蓮縣;臺東縣;金門縣;澎湖縣;連江縣;合計,每日,政府資料開放授權條款-第1版,,2019/03/06 13:30,
101233,105年桃園市各項稅捐實徵淨額與預算數及上年同期比較-累計數,桃園市政府地方稅務局,公共資訊,105年桃園市各項稅捐實徵淨額與預算數及上年同期比較-累計數,"稅目別,截至本月底止累計實徵數_合計,截至本月底止累計實徵數_本年度,截至本月底止累計實徵數_以前年度,截至本月底止累計退還以前年度歲入款;,截至本月底止累計實徵淨額;-;,累計實徵淨額與全年預算數比較,累計實徵淨額與全年預算數比較;,累計實徵淨額與同期分配預算數比較,累計實徵淨額與同期分配預算數比較;,累計實徵淨額與上年同期比較,累計實徵淨額與上年同期比較",每日,政府資料開放授權條款-第1版,,2018/09/07 11:12,
101234,107年10月直轄市稅捐徵收按稅目比較表,桃園市政府地方稅務局,公共資訊,107年10月直轄市稅捐徵收按稅目比較表,直轄市;台北市;新北市;桃園市;台中市;台南市;高雄市;其他縣市;總計,每日,政府資料開放授權條款-第1版,,2019/03/06 13:33,
101235,107年11月直轄市稅捐徵收按稅目比較表,桃園市政府地方稅務局,公共資訊,107年11月直轄市稅捐徵收按稅目比較表,直轄市;台北市;新北市;桃園市;台中市;台南市;高雄市;其他縣市;總計,每日,政府資料開放授權條款-第1版,,2019/03/06 13:43,
101238,105年桃園市使用牌照稅稅源表,桃園市政府地方稅務局,公共資訊,105年桃園市使用牌照稅稅源表,"汽缸總排氣量;,免稅輛數_總計,應稅輛數_總計,稅額_總計,免稅輛數_自用小客車,應稅輛數_自用小客車,稅額_自用小客車,免稅輛數_營業用小客車,應稅輛數_營業用小客車,稅額_營業用小客車,免稅輛數_大客車,應稅輛數_大客車,稅額_大客車,免稅輛數_貨車,應稅輛數_貨車,稅額_貨車,免稅輛數_機器腳踏車,應稅輛數_機器腳踏車,稅額_機器腳踏車",每日,政府資料開放授權條款-第1版,,2018/09/07 11:12,
101239,105年桃園市娛樂稅稅源月報表,桃園市政府地方稅務局,公共資訊,105年每月娛樂稅稅源月報表,"項目,類別,申報_家;數,查定_家;數,申報_營業總額,查定_營業總額,本月份申報_報繳;稅額,本月份查定_報繳;稅額,本年度截至本月底累計申報_報繳;稅額,本年度截至本月底累計查定_報繳;稅額,本月份申報_實徵稅額,本月份查定_實徵稅額,本年度截至本月底累計申報_實徵稅額,本年度截至本月底累計查定_實徵稅額,備註",每日,政府資料開放授權條款-第1版,,2018/09/07 11:12,
101244,區里界線,桃園市政府民政局,公共資訊,桃園市各區里界線,區域別,每年,政府資料開放授權條款-第1版,,2018/08/09 10:43,
101243,桃園市機車排放空氣污染物檢驗站,桃園市政府環境保護局,公共資訊,桃園市機車定檢站(機車排放空氣污染物檢驗站)之基本資料查詢,項次;站號;站名;廠牌;電話;站址,每年,政府資料開放授權條款-第1版,,2018/05/21 11:08,
101245,飲用水質監測,桃園市政府環境保護局,生活安全及品質,飲用水質檢測,合格;日期;縣市;鄉鎮;地點;淨水場;供水系統;大腸桿菌群;總菌落數;濁度;鉛;鉻;鎘;鎳;亞硝酸鹽氮;硝酸鹽氮;銅;鋅;硫酸鹽;氯鹽;氨氮;總硬度;自由有效餘氯;氫離子濃度指數,每月,政府資料開放授權條款-第1版,,2018/11/15 11:11,
101242,桃園市步道調查資料(含KML軌跡檔),桃園市政府觀光旅遊局,休閒旅遊,桃園市步道調查資料,區域;步道系統;步道名稱;調查長度;步道分類;步道分級;起點;訖點;土地權屬;步道簡介,每日,政府資料開放授權條款-第1版,,2018/09/07 16:08,
101185,矯正機關每日收容動態,法務部矯正署,公共資訊,矯正機關每日收容動態,日期;實際收容;男;女;核定容額;超收率;入監人數;出監人數,每日,政府資料開放授權條款-第1版,http://www.vst.moj.gov.tw/jqw_pub/;http://www.rjsd.moj.gov.tw/RJSDWeb/inquiry/InquireAdvance.aspx,2019/04/22 00:00,本資料集從2019/4/20開始提供，資料集為當日收容動態，若需之前歷史資料請至http://www.vst.moj.gov.tw/jqw_pub/下載歷史檔。
101246,海洋委員會10803會計月報,海洋委員會,公共資訊,海洋委員會海洋保育署10803會計月報,,每月,政府資料開放授權條款-第1版,,2019/04/23 00:00,
101189,臺中市政府工程施工查核案件一覽表,臺中市政府研究發展考核委員會,公共資訊,臺中市政府工程施工查核案件資料,序號;工程名稱;主辦單位;發包預算-千元;契約金額-千元;設計單位;監造單位;承造廠商;專案管理;查核日期;通知方式;評分;廠商扣點;監造扣點;PCM扣點;備註,每季,政府資料開放授權條款-第1版,,2019/04/22 10:19,
101186,臺中市107年度違反醫療廣告統計資料,臺中市政府衛生局‧企劃資訊科,就醫,臺中市107年度違反醫療廣告統計資料,違反法規;裁罰件數;網際網路刊載;電視刊載;廣播刊載;市招刊載;其他方式刊載;違規樣態,即時,政府資料開放授權條款-第1版,,2019/04/22 09:42,
101190,108年臺中市和平區西醫巡迴醫療服務行程表,臺中市政府衛生局‧企劃資訊科,就醫,本市和平區西醫巡迴醫療服務行程表,地點;巡迴醫療時間;服務機構;服務機構電話,每日,政府資料開放授權條款-第1版,,2019/04/22 10:48,
101192,臺中市違章建築拆除案件統計（108年1月份報表）,臺中市政府都市發展局‧秘書室第一股,公共資訊,臺中市違章建築拆除案件統計（108年1月份報表）,"新違章建築,既存違章建築,拆除數",每月,政府資料開放授權條款-第1版,,2019/04/22 10:59,
101196,大肚台地產業與資源調查_林業,臺中市政府都市發展局‧秘書室第一股,生活安全及品質,大肚台地產業與資源調查_林業,編號;區域;地號;經緯度;面積_m平方;樹種;備註;照片,即時,政府資料開放授權條款-第1版,,2019/04/22 13:53,
101201,大肚台地產業與資源調查_旅館民宿業,臺中市政府都市發展局‧秘書室第一股,生活安全及品質,大肚台地產業與資源調查_旅館民宿業,編號;名稱;分類;經緯度_WGS84;地址;電話;房間總數;總容納數;網站介紹;資料來源;照片1;照片2,即時,政府資料開放授權條款-第1版,,2019/04/22 14:34,
101254,100年度臺北市稅捐統計年報,臺北市稅捐稽徵處,公共資訊,100年度臺北市稅捐統計年報,100年度臺北市稅捐統計年報,每年,政府資料開放授權條款-第1版,,2019/04/23 20:25,
101197,臺灣屏東地方法院107年度單位決算,臺灣屏東地方法院,公共資訊,臺灣屏東地方法院107年度單位決算,,不更新,政府資料開放授權條款-第1版,,2019/04/22 00:00,
101221,公告臺灣彰化地方法院107年度單位決算,臺灣彰化地方法院,公共資訊,臺灣彰化地方法院107年度單位決算 (PDF.XML壓縮下載檔案),會計年度;款;項;目;節;預算科目編號;預算科目名稱;細目編號;細目名稱;預算數_原預算數;預算數_預算增減數;預算數_合計1;決算數_實現數;決算數_應收數;決算數_保留數;決算數_合計2;預決算比較增減數;決算數占預算數之比率;分計畫編號;分計畫名稱;用途別編號;用途別名稱;原預算數;預算追加減數;動支第一預備金數;動支第二預備金數;經費流用數;預算調整數;預算增減數小計;預算數合計1;實現數;應付數;保留數;決算數合計2;預算年度;以前年度轉入數_應收數;以前年度轉入數_保留數;本年度減免註銷數_應收數;本年度減免註銷數_保留數;本年度實現數_應收數;本年度實現數_保留數;本年度調整數_應收數;本年度調整數_保留數;本年度未結清數_應收數;本年度未結清數_保留數;以前年度轉入數_應付數;本年度減免註銷數_應付數;本年度實現數_應付數;本年度調整數_應付數;本年度未結清數_應付數;月份;基金別;會計分類;使用機關別;科目分類;會計科目編號;會計科目名稱;本年度金額;上年度金額;url_link,不更新,政府資料開放授權條款-第1版,,2019/04/23 00:00,
101226,107年度臺灣高等法院臺南分院單位決算,臺灣高等法院臺南分院,公共資訊,107年度臺灣高等法院臺南分院單位決算,會計年度;款;項;目;節;預算科目編號;預算科目名稱;細目編號;細目名稱;預算數_原預算數;預算數_預算增減數;預算數_合計1;決算數_實現數;決算數_應收數;決算數_保留數;決算數_合計2;預決算比較增減數;決算數占預算數之比率;分計畫編號;分計畫名稱;用途別編號;用途別名稱;原預算數;預算追加減數;動支第一預備金數;動支第二預備金數;經費流用數;預算調整數;預算增減數小計;預算數合計1;實現數;應付數;保留數;決算數合計2;預算年度;以前年度轉入數_應付數;以前年度轉入數_保留數;本年度減免註銷數_應付數;本年度減免註銷數_保留數;本年度實現數_應付數;本年度實現數_保留數;本年度調整數_應付數;本年度調整數_保留數;本年度未結清數_應付數;本年度未結清數_保留數;月份;基金別;會計分類;使用機關別;科目分類;會計科目編號;會計科目名稱;本年度金額;上年度金額;url_link,每年,政府資料開放授權條款-第1版,http://tnh.judicial.gov.tw/DOA/bulletin/files/107%e6%b1%ba%e7%ae%97%e5%ae%8c%e6%95%b4%e7%89%88PDF.pdf;http://tnh.judicial.gov.tw/DOA/bulletin/files/107%e6%b1%ba%e7%ae%97%e5%ae%8c%e6%95%b4%e7%89%88PDF.pdf;http://tnh.judicial.gov.tw/DOA/bulletin/files/107%e5%b9%b4%e5%ba%a6%e5%96%ae%e4%bd%8d%e6%b1%ba%e7%ae%97xml.zip;http://tnh.judicial.gov.tw/DOA/bulletin/files/107%e5%b9%b4%e5%ba%a6%e5%96%ae%e4%bd%8d%e6%b1%ba%e7%ae%97xml.zip,2019/04/23 00:00,
100826,臺灣高雄少年及家事法院108年3月份會計月報,臺灣高雄少年及家事法院,公共資訊,臺灣高雄少年及家事法院108年3月份會計月報,會計年度;月份;款;項;目;節;預算年度;預算科目編號;預算科目名稱;細目編號;細目名稱;原預算數;追加減數;截至本月止累計分配數_1;本月實現數;截至本月止累計實現數_2;應收收入數_3;分配數預算餘額_4;分支計畫編號;分支計畫名稱;用途別編號;用途別名稱;第一預備金;第二預備金;經費流用數;預算調整數;應付數;已分配尚未執行數;備註_預暫付數;以前年度轉入數;應收數;保留數;減免;截至本月止累計實現數;調整數;尚未執行數;基金別;會計分類;使用機關別;科目分類;會計科目編號;會計科目名稱;金額;科目名稱;取得成本;以前年度累計折舊_長期投資評價;本年度資本資產成本變動_增加數;本年度資本資產成本變動_減少數;本年度累計折舊_長期投資評價變動數;期末帳面金額;備註;業務計畫或工作計畫;經資門;執行數;項目;收入實現數;減項_收入待納庫數;加項_以前年度待納庫繳庫數;加項_以前年度撥款於本年度繳還數_材料;加項_以前年度撥款於本年度繳還數_存出保證金;加項_以前年度撥款於本年度繳還數_其他應收款;加項_預收款;加項_剔除經費;繳付公庫數;一級用途別編號;一級用途別名稱;支出實現數;加項_預付款;加項_材料;加項_存出保證金;加項_零用金;加項_退還收入預收款;加項_其他應收款;減項_以前年度撥款於本年度實現數;公庫撥入數;公庫分配數餘額;金額_本月數;金額_累計數,每月,政府資料開放授權條款-第1版,,2019/04/11 00:00,
100779,苗栗縣政府暨苗栗縣轄鄉鎮市公所截至108年3月底止公共債務情形,苗栗縣政府,公共資訊,苗栗縣政府暨苗栗縣轄鄉鎮市公所截至108年3月底止公共債務情形,,每月,政府資料開放授權條款-第1版,,2019/04/10 00:00,
99645,衛生福利部社會及家庭署108年度法定預算,衛生福利部社會及家庭署,公共資訊,衛生福利部社會及家庭署108年度法定預算,,不更新,政府資料開放授權條款-第1版,,2019/04/22 00:00,
101171,108年度高雄市總預算歲出機關別預算總表,高雄市政府主計處,公共資訊,"108年度高雄市總預算歲出機關別預算總表,單位：新臺幣千元，%","科目 名稱,經常門,資本門,合計 金額,合計 百分比",每年,政府資料開放授權條款-第1版,https://data.kcg.gov.tw/dataset/bg11,2019/04/11 07:59,
101174,108年度高雄市總預算歲出機關別預算比較總表,高雄市政府主計處,公共資訊,"108年度高雄市總預算歲出機關別預算比較總表,單位：新臺幣千元","科目 名稱,本年度預算數,上年度預算數,前年度決算數,本年度與上年度比較",每年,政府資料開放授權條款-第1版,https://data.kcg.gov.tw/dataset/bg10,2019/04/11 07:59,
101175,108年度高雄市總預算歲出政事別預算總表,高雄市政府主計處,公共資訊,"108年度高雄市總預算歲出政事別預算總表,單位：新臺幣千元","科目 名稱,經常門,資本門,合計 金額,合計 百分比",每年,政府資料開放授權條款-第1版,https://data.kcg.gov.tw/dataset/bg9,2019/04/11 07:59,
101176,108年度高雄市總預算歲出政事別預算比較總表,高雄市政府主計處,公共資訊,"108年度高雄市總預算歲出政事別預算比較總表,單位：新臺幣千元","科目 名稱,本年度預算數,上年度預算數,前年度決算數,本年度與上年度比較",每年,政府資料開放授權條款-第1版,https://data.kcg.gov.tw/dataset/bg8,2019/04/11 07:58,
101177,108年度高雄市總預算歲入歲出簡明比較分析表,高雄市政府主計處,公共資訊,"108年度高雄市總預算歲入歲出簡明比較分析表,單位：新臺幣千元","項目,本年度預算數 金額,本年度預算數 百分比,上年度預算數 金額,上年度預算數 百分比,前年度決算數 金額,前年度決算數 百分比,本年度與上年度比較 金額,本年度與上年度比較 增加率",每年,政府資料開放授權條款-第1版,https://data.kcg.gov.tw/dataset/bg7,2019/04/11 07:57,
101178,108年度高雄市總預算歲入歲出性質及餘絀簡明比較分析表,高雄市政府主計處,公共資訊,"108年度高雄市總預算歲入歲出性質及餘絀簡明比較分析表,單位：新臺幣千元","項目,本年度預算數 金額,本年度預算數 百分比,上年度預算數 金額,上年度預算數 百分比,前年度決算數 金額,前年度決算數 百分比,本年度與上年度比較 金額,本年度與上年度比較 增加率",每年,政府資料開放授權條款-第1版,https://data.kcg.gov.tw/dataset/bg6,2019/04/11 07:56,
101179,108年度高雄市總預算歲入來源別預算總表,高雄市政府主計處,公共資訊,"108年度高雄市總預算歲入來源別預算總表,單位：新臺幣千元","科目 名稱,經常門,資本門,合計 金額,合計 百分比",每年,政府資料開放授權條款-第1版,https://data.kcg.gov.tw/dataset/bg5,2019/04/11 07:56,
101180,108年度高雄市總預算歲入來源別預算比較總表,高雄市政府主計處,公共資訊,"108年度高雄市總預算歲入來源別預算比較總表,新臺幣千元","科目 名稱,本年度預算數,上年度預算數,前年度決算數,本年度與上年度比較",每年,政府資料開放授權條款-第1版,https://data.kcg.gov.tw/dataset/bg4,2019/04/11 07:55,
101181,108年度高雄市總預算基金別預算分析表,高雄市政府主計處,公共資訊,"108年度高雄市總預算基金別預算分析表,單位：新臺幣千元,說明：一、普通基金之「收入」及「支出」分別為總預算之歲入歲出。二、特種基金之「營業基金」，其「收入」包括營業收入、營業外收入等，「支出」包括營業成本、營業費用、營業外費用、所得稅費用等，「作業基金」，其「收入」包括業務收入、業務外收入等，「支出」包括業務支出、業務外支出等，「債務基金」、「特別收入基金」、「資本計畫基金」，其「收入」包括所有基金來源，其「支出」包括所有基金用途。","基金別,本年度預算數 總收入,本年度預算數 總支出,上年度預算數 總收入,上年度預算數 總支出,本年度與上年度比較 總收入,本年度與上年度比較 總支出",每年,政府資料開放授權條款-第1版,https://data.kcg.gov.tw/dataset/bg3,2019/04/11 07:54,
101182,108年度高雄市總預算收支簡明比較分析表,高雄市政府主計處,公共資訊,"108年度高雄市總預算收支簡明比較分析表,單位：新臺幣千元","項目,本年度預算數,上年度預算數,前年度決算數,本年度與上年度比較",每年,政府資料開放授權條款-第1版,https://data.kcg.gov.tw/dataset/bg2,2019/04/11 07:54,
101172,108年度河川水質監測資料,高雄市政府環境保護局,公共資訊,提供河川水質監測資料,Name;NO;Date;Temperature;Water_temperature;Salt;pH;Conductivity;Suspended_solids;COD;BOD5;Dissolved_oxygen;Cl;Nitrate_nitrogen;Ammonia_nitrogen;TP;E-coli;Pb;Cd;Cu;Fe;Zn;Cr;Ni;Hg,每月,政府資料開放授權條款-第1版,https://data.kcg.gov.tw/dataset/108river-water-quality;https://data.kcg.gov.tw/dataset/108river-water-quality;https://data.kcg.gov.tw/dataset/108river-water-quality;https://data.kcg.gov.tw/dataset/108river-water-quality,2019/04/21 14:35,
101173,108年4月份高雄市疫病蟲害主動調查監測-小黃薊馬蟲數資料,高雄市政府農業局,公共資訊,108年4月份高雄市疫病蟲害主動調查監測-小黃薊馬蟲數資料,"地區,編號,蟲數,調查起日,調查迄日,週遭作物",每月,政府資料開放授權條款-第1版,https://data.kcg.gov.tw/dataset/thrips-108-4,2019/04/18 02:15,
