資料集識別碼,資料集名稱,提供機關,服務分類,資料集描述,主要欄位說明,更新頻率,授權方式,相關網址,上架日期,備註
101089,交通部主管對直轄市及縣市政府計畫型補助情形一覽表,交通部,公共資訊,受補助地方政府、補助計畫名稱、工作計畫、金額,受補助地方政府;補助計畫名稱;工作計畫;金額,每年,政府資料開放授權條款-第1版,,2019/04/18 00:00,
101097,內政部空中勤務總隊近一年執行火災任務飛行架次較多區域,內政部空中勤務總隊,公共資訊,日期、單位、縣市、鄉鎮、座標、投水次數、滅火水量_公噸、飛行時間、飛行架次,date;unit;county;township;coordinate;No. of water dropping runs;Quantity of water dropped _tons;flight duration;No. of sorties,每年,政府資料開放授權條款-第1版,,2019/04/18 15:53,
101059,外交部對國內團體補捐助情形季報表,外交部,公共資訊,外交部對國內團體補(捐)助情形,工作計畫名稱;直轄市或縣市別;補助事項或用途;補助對象;補助金額(臺幣);補助金額(美金),每季,政府資料開放授權條款-第1版,,2019/04/18 00:00,
101091,教育部國民及學前教育署108年度對民間團體及個人補(捐)助項目執行情形表,教育部國民及學前教育署,求學及進修,教育部國民及學前教育署108年度對民間團體及個人補(捐)助項目執行情形表,日期;補捐助計畫名稱;受補捐助單位名稱;獲補助團體或個人可歸屬之直轄市或縣市;金額,每季,政府資料開放授權條款-第1版,,2019/04/18 00:00,
101093,教育部國民及學前教育署107單位決算,教育部國民及學前教育署,求學及進修,教育部國民及學前教育署107單位決算,會計年度;款;項;目;節;預算科目編號;預算科目名稱;細目編號;細目名稱;預算數_原預算數;預算數_預算增減數;預算數_合計1;決算數_實現數;決算數_應收數;決算數_保留數;決算數_合計2;預決算比較增減數;決算數占預算數之比率;分計畫編號;分計畫名稱;用途別編號;用途別名稱;原預算數;預算追加減數;動支第一預備金數;動支第二預備金數;經費流用數;預算調整數;預算增減數小計;預算數合計1;實現數;應付數;保留數;決算數合計2;預算年度;以前年度轉入數_應收數;以前年度轉入數_保留數;本年度減免註銷數_應收數;本年度減免註銷數_保留數;本年度實現數_應收數;本年度實現數_保留數;本年度調整數_應收數;本年度調整數_保留數;本年度未結清數_應收數;本年度未結清數_保留數;以前年度轉入數_應付數;本年度減免註銷數_應付數;本年度實現數_應付數;本年度調整數_應付數;本年度未結清數_應付數;月份;基金別;會計分類;使用機關別;科目分類;會計科目編號;會計科目名稱;本年度金額;上年度金額;年度別;接受委託單位或個人名稱;委託辦理事項;合約金額;訂約日期;預定完成時間;實際完成時間;科目;合 計;按政府採購法辦理-是;按政府採購法辦理-否;委託研究計畫-行政及政策類;委託研究計畫-科學及技術類;其他委託事項;報告-有;報告-無;評審-有;評審-無;委託事項(報告)處理-存參;委託事項(報告)處理-納入計畫實施;委託事項(報告)處理-其他;備註,不更新,政府資料開放授權條款-第1版,,2019/04/18 00:00,
101096,教育部國民及學前教育署中央政府前瞻基礎建設計畫第1期特別決算,教育部國民及學前教育署,求學及進修,教育部國民及學前教育署中央政府前瞻基礎建設計畫第1期特別決算,會計年度;款;項;目;節;預算科目編號;預算科目名稱;細目編號;細目名稱;預算數_原預算數;預算數_預算增減數;預算數_合計1;決算數_實現數;決算數_應收數;決算數_保留數;決算數_合計2;預決算比較增減數;決算數占預算數之比率;分計畫編號;分計畫名稱;用途別編號;用途別名稱;原預算數;預算追加減數;動支第一預備金數;動支第二預備金數;經費流用數;預算調整數;預算增減數小計;預算數合計1;實現數;應付數;保留數;決算數合計2;月份;基金別;會計分類;使用機關別;科目分類;會計科目編號;會計科目名稱;本年度金額;上年度金額;受補捐獎助單位名稱;補捐獎助計畫名稱;列支科目名稱;預算數;決算數;備註,不更新,政府資料開放授權條款-第1版,,2019/04/18 00:00,
101062,104年度教育部運動發展基金附屬單位預算案,教育部體育署,公共資訊,104年度教育部運動發展基金附屬單位預算案,,每年,政府資料開放授權條款-第1版,,2019/04/18 00:00,
101064,105年度教育部運動發展基金附屬單位預算,教育部體育署,公共資訊,105年度教育部運動發展基金附屬單位預算,,每年,政府資料開放授權條款-第1版,,2019/04/18 00:00,
100934,海洋委員會海洋保育署10802會計月報(XML格式),海洋委員會海洋保育署,公共資訊,海洋委員會海洋保育署10802會計月報(XML格式),,每月,政府資料開放授權條款-第1版,,2019/04/19 00:00,
