資料集識別碼,資料集名稱,提供機關,服務分類,資料集描述,主要欄位說明,更新頻率,授權方式,相關網址,上架日期,備註
100541,內政部空中勤務總隊搜救有功人員,內政部空中勤務總隊,公共資訊,姓名、現職、工作有感,Name;Current_job;Feel_at_work,每年,政府資料開放授權條款-第1版,,2019/04/01 11:05,
100542,內政部空中勤務總隊各型機種執行分項勤務飛行時數統計表,內政部空中勤務總隊,公共資訊,勤務項目_機種、AS-365N_飛行時數、AS-365N_飛行百分比、BE-200_飛行時數、BE-200_飛行百分比、UH-60M_飛行時數、UH-60M_飛行百分比、合計、百分比,Duty_performed_ Model;AS-365N_flight hours;AS-365N_flight percentage;BE-200_flight hours;BE-200_flight percentage;UH-60M _flight hours;UH-60M _flight percentage;total;percentage,每年,政府資料開放授權條款-第1版,,2019/04/01 15:10,
100543,內政部空中勤務總隊各型機種執行分項勤務飛行時數統計表,內政部空中勤務總隊,公共資訊,勤務項目_機種、AS-365N_飛行時數、AS-365N_飛行百分比、BE-200_飛行時數、BE-200_飛行百分比、UH-60M_飛行時數、UH-60M_飛行百分比、合計、百分比,Duty_performed_ Model;AS_365N_flight hours;AS_365N_flight percentage;BE_200_flight hours;BE-200_flight percentage;UH_60M _flight hours;UH_60M _flight percentage;total;percentage,每年,政府資料開放授權條款-第1版,,2019/04/01 15:10,
78559,司法院106年度單位決算,司法院會計處,公共資訊,司法院106年度單位決算,,每年,政府資料開放授權條款-第1版,http://www.judicial.gov.tw/acc/index.htm;http://www.judicial.gov.tw/acc/index.htm,2019/04/01 00:00,
100491,司法院107年度單位決算,司法院會計處,公共資訊,司法院107年度單位決算,,每年,政府資料開放授權條款-第1版,https://www.judicial.gov.tw/acc/index.htm;https://www.judicial.gov.tw/acc/index.htm,2019/04/01 00:00,
100526,107年度宜蘭縣庫款集中支付年報表,宜蘭縣政府,公共資訊,支付淨額：支付數減支出收回數、註銷數後之餘額,項目;年支付數;年支出收回數;年轉帳支付數;年轉帳收回數;年註銷數;年支付淨額,每年,政府資料開放授權條款-第1版,,2019/04/01 00:00,金額單位：新臺幣元
100540,106年度教育部運動發展基金附屬單位預算案,教育部體育署,公共資訊,106年度教育部運動發展基金附屬單位預算案,,每年,政府資料開放授權條款-第1版,,2019/04/01 00:00,
100546,107年度教育部運動發展基金附屬單位預算案,教育部體育署,公共資訊,107年度教育部運動發展基金附屬單位預算案,,每年,政府資料開放授權條款-第1版,,2019/04/01 00:00,
100548,108年度教育部運動發展基金附屬單位預算案,教育部體育署,公共資訊,108年度教育部運動發展基金附屬單位預算案,,每年,政府資料開放授權條款-第1版,,2019/04/01 00:00,
100550,106年度教育部運動發展基金附屬單位決算,教育部體育署,公共資訊,106年度教育部運動發展基金附屬單位決算,,每年,政府資料開放授權條款-第1版,,2019/04/01 00:00,
100554,107年度教育部運動發展基金附屬單位預算,教育部體育署,公共資訊,107年度教育部運動發展基金附屬單位預算,,每年,政府資料開放授權條款-第1版,,2019/04/01 00:00,
98165,矯正署臺南第二監獄108年會計報告(按月),法務部矯正署,公共資訊,會計年度、月份、款、項、目、節、預算年度、預算科目編號、預算科目名稱、細目編號、細目名稱、原預算數、追加減數、截至本月止累計分配數_1、本月實現數、截至本月止累計實現數_2、應收收入數_3、分配數預算餘額_4、會計年度、月份、款、項、目、節、預算年度、預算科目編號、預算科目名稱、分支計畫編號、分支計畫名稱、用途別編號、用途別名稱、原預算數、追加減數、第一預備金、第二預備金、經費流用數、預算調整數、截至本月止累計分配數_1、本月實現數、截至本月止累計實現數_2、應付數、已分配尚未執行數、備註_預暫付數、會計年度、月份、基金別、會計分類、使用機關別、科目分類、會計科目編號、會計科目名稱、金額、會計年度、月份、會計分類、會計科目編號、會計科目名稱、金額、會計年度、月份、會計分類、科目名稱、取得成本、以前年度累計折舊_長期投資評價、本年度資本資產成本變動_增加數、本年度資本資產成本變動_減少數、本年度累計折舊_長期投資評價變動數、期末帳面金額、備註、業務計畫或工作計畫、經資門、用途別編號、用途別名稱、執行數、會計年度、月份、會計分類、項目、預算科目編號、預算科目名稱、經資門、收入實現數、減項_收入待納庫數、加項_以前年度待納庫繳庫數、加項_以前年度撥款於本年度繳還數_材料、加項_以前年度撥款於本年度繳還數_存出保證金、加項_以前年度撥款於本年度繳還數_其他應收款、加項_預收款、加項_剔除經費、繳付公庫數、會計年度、月份、會計分類、項目、預算科目編號、預算科目名稱、分支計畫編號、分支計畫名稱、一級用途別編號、一級用途別名稱、經資門、支出實現數、加項_預付款、加項_材料、加項_存出保證金、加項_零用金、加項_退還收入預收款、加項_其他應收款、減項_以前年度撥款於本年度實現數、公庫撥入數、公庫分配數餘額、會計年度、月份、會計分類、會計科目編號、會計科目名稱、金額_本月數、金額_累計數,,每月,政府資料開放授權條款-第1版,,2019/04/01 00:00,
100525,臺灣菸酒股份有限公司108年度2月止團體會費支用情形,臺灣菸酒股份有限公司,公共資訊,臺灣菸酒股份有限公司108年度2月止團體會費支用情形,,每月,政府資料開放授權條款-第1版,,2019/04/01 00:00,臺灣菸酒股份有限公司108年度2月止團體會費支用情形
100528,臺灣菸酒股份有限公司108年度2月止補(捐)助執行情形,臺灣菸酒股份有限公司,公共資訊,臺灣菸酒股份有限公司108年度2月止補(捐)助執行情形,,每月,政府資料開放授權條款-第1版,,2019/04/01 00:00,
100530,臺灣高等法院高雄分院108年度3月份會計報告,臺灣高等法院高雄分院,公共資訊,臺灣高等法院高雄分院108年度3月份會計報告,會計年度;月份;款;項;目;節;預算年度;預算科目編號;預算科目名稱;細目編號;細目名稱;原預算數;追加減數;截至本月止累計分配數_1;本月實現數;截至本月止累計實現數_2;應收收入數_3;分配數預算餘額_4;分支計畫編號;分支計畫名稱;用途別編號;用途別名稱;第一預備金;第二預備金;經費流用數;預算調整數;應付數;已分配尚未執行數;備註_預暫付數;基金別;會計分類;使用機關別;科目分類;會計科目編號;會計科目名稱;金額;科目名稱;取得成本;以前年度累計折舊_長期投資評價;本年度資本資產成本變動_增加數;本年度資本資產成本變動_減少數;本年度累計折舊_長期投資評價變動數;期末帳面金額;備註;業務計畫或工作計畫;經資門;執行數;項目;收入實現數;減項_收入待納庫數;加項_以前年度待納庫繳庫數;加項_以前年度撥款於本年度繳還數_材料;加項_以前年度撥款於本年度繳還數_存出保證金;加項_以前年度撥款於本年度繳還數_其他應收款;加項_預收款;加項_剔除經費;繳付公庫數;一級用途別編號;一級用途別名稱;支出實現數;加項_預付款;加項_材料;加項_存出保證金;加項_零用金;加項_退還收入預收款;加項_其他應收款;減項_以前年度撥款於本年度實現數;公庫撥入數;公庫分配數餘額;金額_本月數;金額_累計數,每月,政府資料開放授權條款-第1版,,2019/04/01 00:00,
100246,苗栗縣公館鄉各村107年12月底止人口數(含男女數),苗栗縣政府,公共資訊,苗栗縣公館鄉各村107年12月底止人口數(含男女數),,不更新,政府資料開放授權條款-第1版,,2019/04/01 00:00,
100532,森林動態樣區調查資料,行政院農業委員會,公共資訊,福山(fs)、蓮華池(lhc)、墾丁(kt)等三處森林動態樣區之地形測量與每木調查成果。地形測量成果資料包括各樣區內測量樁點之水平座標與海拔高度。每木調查成果資料包括各樣區內組成樹種之代碼、學名資料，以及不同調查期別之樹木株數、胸高斷面積與族群變化數量。,檔案名稱;下載連結,不更新,政府資料開放授權條款-第1版,https://metacat.tfri.gov.tw/tfri/;https://metacat.tfri.gov.tw/tfri/,2019/04/01 00:00,
100531,銓敘部107年度單位決算,銓敘部,公共資訊,銓敘部107年度單位決算主要表,,不更新,政府資料開放授權條款-第1版,,2019/04/01 00:00,
