資料集識別碼,資料集名稱,提供機關,服務分類,資料集描述,主要欄位說明,更新頻率,授權方式,相關網址,上架日期,備註
100722,臺灣臺東地方法院108年3月份會計月報(XML),臺灣臺東地方法院,公共資訊,臺灣臺東地方法院108年3月份會計月報歲入累計表等14表(XML),,每月,政府資料開放授權條款-第1版,http://ttd.judicial.gov.tw/index.asp?struID=79&navID=80&cid=109,2019/04/09 00:00,
100730,108年3月花蓮縣各項稅捐實徵淨額與預算數及上年同期比較-本月數,花蓮縣政府,公共資訊,108年3月花蓮縣各項稅捐實徵淨額與預算數及上年同期比較-本月數,詳如資料集內容,每日,政府資料開放授權條款-第1版,,2019/04/09 00:00,無
100731,108年3月花蓮縣各項稅捐實徵淨額與預算數及上年同期比較-累計數,花蓮縣政府,公共資訊,108年3月花蓮縣各項稅捐實徵淨額與預算數及上年同期比較-累計數,詳如資料集內容,每日,政府資料開放授權條款-第1版,,2019/04/09 00:00,無
100732,108年3月花蓮縣各項稅捐本月實徵數簡報表,花蓮縣政府,公共資訊,108年3月花蓮縣各項稅捐本月實徵數簡報表,詳如資料集內容,每日,政府資料開放授權條款-第1版,,2019/04/09 00:00,無
100733,108年3月滯納及違章罰鍰移送執行情形月報表(以前年度),花蓮縣政府,公共資訊,108年3月滯納及違章罰鍰移送執行情形月報表(以前年度),詳如資料集內容,每月,政府資料開放授權條款-第1版,,2019/04/09 00:00,無
100734,108年3月滯納及違章罰鍰移送執行情形月報表(本年度),花蓮縣政府,公共資訊,108年3月滯納及違章罰鍰移送執行情形月報表(本年度),詳如資料集內容,每月,政府資料開放授權條款-第1版,,2019/04/09 00:00,無
100719,高雄高等行政法院108年3月會計月報,高雄高等行政法院,公共資訊,高雄高等行政法院108年3月會計月報,會計年度;月份;款;項;目;節;預算年度;預算科目編號;預算科目名稱;細目編號;細目名稱;原預算數;追加減數;截至本月止累計分配數_1;本月實現數;截至本月止累計實現數_2;應收收入數_3;分配數預算餘額_4;分支計畫編號;分支計畫名稱;用途別編號;用途別名稱;第一預備金;第二預備金;經費流用數;預算調整數;應付數;已分配尚未執行數;備註_預暫付數;基金別;會計分類;使用機關別;科目分類;會計科目編號;會計科目名稱;金額;科目名稱;取得成本;以前年度累計折舊_長期投資評價;本年度資本資產成本變動_增加數;本年度資本資產成本變動_減少數;本年度累計折舊_長期投資評價變動數;期末帳面金額;備註;業務計畫或工作計畫;經資門;執行數;項目;收入實現數;減項_收入待納庫數;加項_以前年度待納庫繳庫數;加項_以前年度撥款於本年度繳還數_材料;加項_以前年度撥款於本年度繳還數_存出保證金;加項_以前年度撥款於本年度繳還數_其他應收款;加項_預收款;加項_剔除經費;繳付公庫數;一級用途別編號;一級用途別名稱;支出實現數;加項_預付款;加項_材料;加項_存出保證金;加項_零用金;加項_退還收入預收款;加項_其他應收款;減項_以前年度撥款於本年度實現數;公庫撥入數;公庫分配數餘額;金額_本月數;金額_累計數,每月,政府資料開放授權條款-第1版,http://ksb.judicial.gov.tw/chinese/GovPublicInfo.aspx?p=58&pa=10227&n=10347&type=6,2019/04/08 00:00,
