資料集識別碼,資料集名稱,提供機關,服務分類,資料集描述,主要欄位說明,更新頻率,授權方式,相關網址,上架日期,備註
100737,公務人員保障暨培訓委員會107年度單位決算,公務人員保障暨培訓委員會,公共資訊,歲入來源別決算表、歲出政事別決算表、歲出機關別決算表、平衡表、資本資產表,會計年度;款;項;目;節;預算科目編號;預算科目名稱;細目編號;細目名稱;預算數_原預算數;預算數_預算增減數;預算數_合計1;決算數_實現數;決算數_應收數;決算數_保留數;決算數_合計2;預決算比較增減數;決算數占預算數之比率;分計畫編號;分計畫名稱;用途別編號;用途別名稱;原預算數;預算追加減數;動支第一預備金數;動支第二預備金數;經費流用數;預算調整數;預算增減數小計;預算數合計1;實現數;應付數;保留數;決算數合計2;月份;基金別;會計分類;使用機關別;科目分類;會計科目編號;會計科目名稱;本年度金額;上年度金額,不更新,政府資料開放授權條款-第1版,https://www.csptc.gov.tw/FileUpload/422-13397/Documents/107XML.zip,2019/04/09 00:00,
100740,公務人員保障暨培訓委員會108年3月會計月報,公務人員保障暨培訓委員會,公共資訊,歲入累計表、經費累計表、平衡表、以前年度歲出轉入數累計表、資本資產及其變動表、歲出用途別科目累計表、收入實現數與繳付公庫數分析表、支出實現數與公庫撥入數分析表、收入支出彙計表,會計年度;月份;款;項;目;節;預算年度;預算科目編號;預算科目名稱;細目編號;細目名稱;原預算數;追加減數;截至本月止累計分配數_1;本月實現數;截至本月止累計實現數_2;應收收入數_3;分配數預算餘額_4;分支計畫編號;分支計畫名稱;用途別編號;用途別名稱;第一預備金;第二預備金;經費流用數;預算調整數;應付數;已分配尚未執行數;備註_預暫付數;以前年度轉入數;保留數;減免;截至本月止累計實現數;調整數;尚未執行數;基金別;會計分類;使用機關別;科目分類;會計科目編號;會計科目名稱;金額;科目名稱;取得成本;以前年度累計折舊_長期投資評價;本年度資本資產成本變動_增加數;本年度資本資產成本變動_減少數;本年度累計折舊_長期投資評價變動數;期末帳面金額;備註;業務計畫或工作計畫;經資門;執行數;項目;收入實現數;減項_收入待納庫數;加項_以前年度待納庫繳庫數;加項_以前年度撥款於本年度繳還數_材料;加項_以前年度撥款於本年度繳還數_存出保證金;加項_以前年度撥款於本年度繳還數_其他應收款;加項_預收款;加項_剔除經費;繳付公庫數;一級用途別編號;一級用途別名稱;支出實現數;加項_預付款;加項_材料;加項_存出保證金;加項_零用金;加項_退還收入預收款;加項_其他應收款;減項_以前年度撥款於本年度實現數;公庫撥入數;公庫分配數餘額;金額_本月數;金額_累計數,不更新,政府資料開放授權條款-第1版,https://www.csptc.gov.tw/FileUpload/1295-13413/Documents/10803%E6%9C%83%E8%A8%88%E6%9C%88%E5%A0%B1XML.zip,2019/04/09 00:00,
100766,臺南市公害陳情案件受理統計,臺南市政府,公共資訊,本資料集提供臺南市公害陳情案件受理統計資料。,被陳情對象別;空氣污染[不含異味污染物];異味污染物;噪音;水污染;廢棄物[環保局受理];振動;環境衛生[環保局受理];其他,每日,政府資料開放授權條款-第1版,http://data.tainan.gov.tw/dataset/nuisance_petition;http://data.tainan.gov.tw/dataset/nuisance_petition,2019/04/09 06:03,
100767,臺南市噪音監測站基本資料,臺南市政府,公共資訊,本資料集提供臺南市噪音監測站基本資料。,項次;測點編號;測點名稱;測點音源別;測點位置;管制區類別;緊鄰道路寬度-公尺,每日,政府資料開放授權條款-第1版,http://data.tainan.gov.tw/dataset/noisemonitor,2019/04/09 06:01,
100768,臺南市醫事人員執業統計資料,臺南市政府,就醫,本資料集主要提供臺南市醫事人員執業統計資料,營業;中醫師;牙醫師;牙體技術生;牙體技術師;西醫師;助產士;助產師;呼吸治療師;物理治療生;物理治療師;接骨員;語言治療師;齒模員;諮商心理師;營養師;臨床心理師;職能治療生;職能治療師;醫事放射士;醫事放射師;醫事檢驗生;醫事檢驗師;藥師;藥劑生;護士;護理師;聽力師;鑲牙生;總和,每日,政府資料開放授權條款-第1版,http://data.tainan.gov.tw/dataset/hea-med002;http://data.tainan.gov.tw/dataset/hea-med002;http://data.tainan.gov.tw/dataset/hea-med002,2018/05/09 01:08,
100748,國民健康署公款補(捐)助情形季報表(108年),衛生福利部國民健康署,公共資訊,受補(捐)助單位、核准日期、累計撥付金額、補(捐)助事項或用途、縣市別,name;url,每季,政府資料開放授權條款-第1版,,2019/04/09 00:00,
100756,財政資訊中心107年度會計報告(月報),財政部財政資訊中心,公共資訊,"歲入累計表,經費累計表,平衡表,資本資產表,資本資產變動表,歲出用途別累計表,收入實現數與繳付公庫數分析表,支出實現數與公庫撥入數分析表,收入支出彙計表等",會計年度;月份;款;項;目;節;預算年度;預算科目編號;預算科目名稱;細目編號;細目名稱;原預算數;追加減數;截至本月止累計分配數_1;本月實現數;截至本月止累計實現數_2;應收收入數_3;分配數預算餘額_4;分支計畫編號;分支計畫名稱;用途別編號;用途別名稱;第一預備金;第二預備金;經費流用數;預算調整數;應付數;已分配尚未執行數;備註_預暫付數;以前年度轉入數;保留數;減免;截至本月止累計實現數;調整數;尚未執行數;基金別;會計分類;使用機關別;科目分類;會計科目編號;會計科目名稱;金額;科目名稱;取得成本;以前年度累計折舊_長期投資評價;本年度資本資產成本變動_增加數;本年度資本資產成本變動_減少數;本年度累計折舊_長期投資評價變動數;期末帳面金額;備註;業務計畫或工作計畫;經資門;執行數;項目;收入實現數;減項_收入待納庫數;加項_以前年度待納庫繳庫數;加項_以前年度撥款於本年度繳還數_材料;加項_以前年度撥款於本年度繳還數_存出保證金;加項_以前年度撥款於本年度繳還數_其他應收款;加項_預收款;加項_剔除經費;繳付公庫數;一級用途別編號;一級用途別名稱;支出實現數;加項_預付款;加項_材料;加項_存出保證金;加項_零用金;加項_退還收入預收款;加項_其他應收款;減項_以前年度撥款於本年度實現數;公庫撥入數;公庫分配數餘額;金額_本月數;金額_累計數,每月,政府資料開放授權條款-第1版,,2019/04/09 00:00,授權說明網址: http://data.gov.tw/license
100758,財政資訊中心108年度會計報告(月報),財政部財政資訊中心,公共資訊,"歲入累計表,經費累計表,平衡表,資本資產表,資本資產變動表,歲出用途別累計表,收入實現數與繳付公庫數分析表,支出實現數與公庫撥入數分析表,收入支出彙計表等",會計年度;月份;款;項;目;節;預算年度;預算科目編號;預算科目名稱;細目編號;細目名稱;原預算數;追加減數;截至本月止累計分配數_1;本月實現數;截至本月止累計實現數_2;應收收入數_3;分配數預算餘額_4;分支計畫編號;分支計畫名稱;用途別編號;用途別名稱;第一預備金;第二預備金;經費流用數;預算調整數;應付數;已分配尚未執行數;備註_預暫付數;基金別;會計分類;使用機關別;科目分類;會計科目編號;會計科目名稱;金額;科目名稱;取得成本;以前年度累計折舊_長期投資評價;本年度資本資產成本變動_增加數;本年度資本資產成本變動_減少數;本年度累計折舊_長期投資評價變動數;期末帳面金額;備註;業務計畫或工作計畫;經資門;執行數;項目;收入實現數;減項_收入待納庫數;加項_以前年度待納庫繳庫數;加項_以前年度撥款於本年度繳還數_材料;加項_以前年度撥款於本年度繳還數_存出保證金;加項_以前年度撥款於本年度繳還數_其他應收款;加項_預收款;加項_剔除經費;繳付公庫數;一級用途別編號;一級用途別名稱;支出實現數;加項_預付款;加項_材料;加項_存出保證金;加項_零用金;加項_退還收入預收款;加項_其他應收款;減項_以前年度撥款於本年度實現數;公庫撥入數;公庫分配數餘額;金額_本月數;金額_累計數,每月,政府資料開放授權條款-第1版,,2019/04/09 00:00,授權說明網址: http://data.gov.tw/license
97434,銓敘部108年度對國內團體補助,銓敘部,公共資訊,銓敘部對國內團體補助,,每季,政府資料開放授權條款-第1版,,2019/04/09 00:00,
