資料集識別碼,資料集名稱,提供機關,服務分類,資料集描述,主要欄位說明,更新頻率,授權方式,相關網址,上架日期,備註
101424,國道收費方式沿革表,交通部高速公路局,交通及通訊,國道收費方式沿革,收費方式;年;月日;說明;備註,每半年,政府資料開放授權條款-第1版,,2019/04/29 00:00,
101128,國家通訊傳播委員會108年會計月報,國家通訊傳播委員會,交通及通訊,國家通訊傳播委員會108年會計月報,會計年度;月份;款;項;目;節;預算年度;預算科目編號;預算科目名稱;細目編號;細目名稱;原預算數;追加減數;截至本月止累計分配數_1;本月實現數;截至本月止累計實現數_2;應收收入數_3;分配數預算餘額_4;分支計畫編號;分支計畫名稱;用途別編號;用途別名稱;第一預備金;第二預備金;經費流用數;預算調整數;應付數;已分配尚未執行數;備註_預暫付數;以前年度轉入數;應收數;保留數;減免;截至本月止累計實現數;調整數;尚未執行數;基金別;會計分類;使用機關別;科目分類;會計科目編號;會計科目名稱;金額;科目名稱;取得成本;以前年度累計折舊_長期投資評價;本年度資本資產成本變動_增加數;本年度資本資產成本變動_減少數;本年度累計折舊_長期投資評價變動數;期末帳面金額;備註;業務計畫或工作計畫;經資門;執行數;項目;收入實現數;減項_收入待納庫數;加項_以前年度待納庫繳庫數;加項_以前年度撥款於本年度繳還數_材料;加項_以前年度撥款於本年度繳還數_存出保證金;加項_以前年度撥款於本年度繳還數_其他應收款;加項_預收款;加項_剔除經費;繳付公庫數;一級用途別編號;一級用途別名稱;支出實現數;加項_預付款;加項_材料;加項_存出保證金;加項_零用金;加項_退還收入預收款;加項_其他應收款;減項_以前年度撥款於本年度實現數;公庫撥入數;公庫分配數餘額;金額_本月數;金額_累計數,每月,政府資料開放授權條款-第1版,,2019/04/29 00:00,
101423,國家通訊傳播委員會中央政府前瞻基礎建設第2期特別預算會計月報,國家通訊傳播委員會,交通及通訊,中央政府前瞻基礎建設機會第2期特別預算會計月報,會計年度;月份;款;項;目;節;預算年度;預算科目編號;預算科目名稱;分支計畫編號;分支計畫名稱;用途別編號;用途別名稱;原預算數;追加減數;第一預備金;第二預備金;經費流用數;預算調整數;截至本月止累計分配數_1;本月實現數;截至本月止累計實現數_2;應付數;已分配尚未執行數;備註_預暫付數;業務計畫或工作計畫;經資門;執行數;會計分類;項目;一級用途別編號;一級用途別名稱;支出實現數;加項_預付款;加項_材料;加項_存出保證金;加項_零用金;加項_退還收入預收款;加項_其他應收款;減項_以前年度撥款於本年度實現數;公庫撥入數;公庫分配數餘額;會計科目編號;會計科目名稱;金額_本月數;金額_累計數,每月,政府資料開放授權條款-第1版,,2019/04/29 00:00,
101419,新北市騎樓整平各年度施作路段(統計至107年底),新北市政府工務局,生活安全及品質,本資料提供新北市騎樓整平各年度施作之區域、路名以及施工長度(長度單位為公尺)。,DISTRICT;ROAD;LENGTH_1;LENGTH_2;LENGTH_3;LENGTH_4;LENGTH_5;LENGTH_6;LENGTH_7;LENGTH_8;LENGTH_9;LENGTH_10,每年,政府資料開放授權條款-第1版,,2019/04/29 11:17,替換開放資料新北市騎樓整平各年度施作路段(統計至106年底)及新北市騎樓整平各年度施作路段
101338,家庭收支調查-戶數五等分位之平均每戶經常性支出,行政院主計總處,公共資訊,提供戶數五等分位之平均每戶經常性支出(1998年起),Year;平均每戶經常性支出;可支配所得按戶數五等分位組之平均每戶經常性支出-最低所得組;可支配所得按戶數五等分位組之平均每戶經常性支出-次低所得組;可支配所得按戶數五等分位組之平均每戶經常性支出-中間所得組;可支配所得按戶數五等分位組之平均每戶經常性支出-次高所得組;可支配所得按戶數五等分位組之平均每戶經常性支出-最高所得組,每年,政府資料開放授權條款-第1版,,2019/04/29 00:00,
101340,家庭收支調查-平均每戶可支配所得及消費支出依可支配所得按戶數五等分位分及經濟戶長性別分,行政院主計總處,公共資訊,提供平均每戶可支配所得及消費支出依可支配所得按戶數五等分位分及經濟戶長性別分(2017年),依可支配所得按戶數五等分位分;平均每戶可支配所得;平均每戶消費支出;平均每戶可支配所得-男性經濟戶長;平均每戶消費支出-男性經濟戶長;平均每戶可支配所得-女性經濟戶長;平均每戶消費支出-女性經濟戶長,每年,政府資料開放授權條款-第1版,,2019/04/29 00:00,
