資料集識別碼,資料集名稱,提供機關,服務分類,資料集描述,主要欄位說明,更新頻率,授權方式,相關網址,上架日期,備註
103629,三軍委辦工程規劃設計階段案件表,國防部參謀本部,公共資訊,工程規劃設計階段案件表，主要內容包含執行階段及工程招標期程等,,不更新,政府資料開放授權條款-第1版,,2019/06/18 00:00,
103610,107年娛樂稅稅源,屏東縣政府財稅局,投資理財,107年娛樂稅稅源,類別 家;數 報繳;稅額 實徵稅額,每日,政府資料開放授權條款-第1版,,2019/06/17 00:00,
103611,106年娛樂稅稅源,屏東縣政府財稅局,投資理財,106年娛樂稅稅源,類別 家;數 報繳;稅額 實徵稅額,每日,政府資料開放授權條款-第1版,,2019/06/17 00:00,
103612,105年娛樂稅稅源,屏東縣政府財稅局,投資理財,105年娛樂稅稅源,類別 家;數 報繳;稅額 實徵稅額,每日,政府資料開放授權條款-第1版,,2019/06/17 00:00,
103613,104年娛樂稅稅源,屏東縣政府財稅局,投資理財,104年娛樂稅稅源,類別 家;數 報繳;稅額 實徵稅額,每日,政府資料開放授權條款-第1版,,2019/06/17 00:00,
103614,103年娛樂稅稅源,屏東縣政府財稅局,投資理財,103年娛樂稅稅源,類別 家;數 報繳;稅額 實徵稅額,每日,政府資料開放授權條款-第1版,,2019/06/17 00:00,
103615,屏東縣政府財稅局受理債權人查調債務人課稅資料統計表,屏東縣政府財稅局,公共資訊,查調每一位債務人之1項資料（所得、財產分開計算，並依每個年度各為1項）收費新臺幣250元整，本局105-107年受理件數及服務費收入統計表(單位:元)。,年度;受理件數;服務費收入,每年,政府資料開放授權條款-第1版,,2019/06/17 00:00,
103652,10450-03-07-2 臺中市國民小學學生裸眼視力檢查,臺中市政府教育局,生育保健,統計項目定義： （一）視力正常：兩眼視力在0.9以上(含0.9)。 （二）視力不良：一眼或兩眼視力未達0.9者。 （三）視力不良率＝視力不良人數/檢查人數×100％。,RptNo;RptName;StatCourseNo;StatCourseName;DataDate;PlaceNo;PlaceName;PeriodNo;PeriodName;Complex1;ComplexName;Complex2;Complex2Name;Complex3;Complex3Name;Complex4;Complex4Name;Complex5;Complex5Name;DeriveNo;DeriveExplain;FValue;SValue;RptDeptNo;RptDeptName;CreateTime;ModifyTime,每日,政府資料開放授權條款-第1版,,2019/06/18 17:50,
103651,1234-03-21-2 臺中市各區 離婚人數按離婚者男女雙方原屬國籍(地區)分,臺中市政府民政局‧地方自治科第二股,公共資訊,臺中市各區離婚人數按離婚者男女雙方原屬國籍,RptNo;RptName;StatCourseNo;StatCourseName;DataDate;PlaceNo;PlaceName;PeriodNo;PeriodName;Complex1;ComplexName;Complex2;Complex2Name;Complex3;Complex3Name;Complex4;Complex4Name;Complex5;Complex5Name;DeriveNo;DeriveExplain;FValue;SValue;RptDeptNo;RptDeptName;CreateTime;ModifyTime,每月,政府資料開放授權條款-第1版,,2019/06/18 17:47,
103653,10720-06-02-2 臺中市常備兵役役男家屬各項扶(慰)助經費統計,臺中市政府民政局‧地方自治科第二股,公共資訊,臺中市常備兵役役男家屬各項扶(慰)助經費統計,RptNo;RptName;StatCourseNo;StatCourseName;DataDate;PlaceNo;PlaceName;PeriodNo;PeriodName;Complex1;ComplexName;Complex2;Complex2Name;Complex3;Complex3Name;Complex4;Complex4Name;Complex5;Complex5Name;DeriveNo;DeriveExplain;FValue;SValue;RptDeptNo;RptDeptName;CreateTime;ModifyTime,即時,政府資料開放授權條款-第1版,,2019/06/18 18:00,
103654,10730-04-01-2 臺中市老人長期照顧、安養機構與老人公寓、老人住宅概況,臺中市政府社會局‧長青福利科,公共資訊,臺中市老人長期照顧、安養機構與老人公寓、老人住宅概況,RptNo;RptName;StatCourseNo;StatCourseName;DataDate;PlaceNo;PlaceName;PeriodNo;PeriodName;Complex1;ComplexName;Complex2;Complex2Name;Complex3;Complex3Name;Complex4;Complex4Name;Complex5;Complex5Name;DeriveNo;DeriveExplain;FValue;SValue;RptDeptNo;RptDeptName;CreateTime;ModifyTime,每季,政府資料開放授權條款-第1版,,2019/06/18 18:29,
103655,10730-04-01-2 臺中市老人長期照顧、安養機構與老人公寓、老人住宅概況,臺中市政府社會局‧長青福利科,公共資訊,臺中市老人長期照顧、安養機構與老人公寓、老人住宅概況,RptNo;RptName;StatCourseNo;StatCourseName;DataDate;PlaceNo;PlaceName;PeriodNo;PeriodName;Complex1;ComplexName;Complex2;Complex2Name;Complex3;Complex3Name;Complex4;Complex4Name;Complex5;Complex5Name;DeriveNo;DeriveExplain;FValue;SValue;RptDeptNo;RptDeptName;CreateTime;ModifyTime,每季,政府資料開放授權條款-第1版,,2019/06/18 18:29,
103650,10551-03-01-2 臺中市精神衛生行政工作執行成果,臺中市政府衛生局‧企劃資訊科,公共資訊,填具本市人口數、領有精神類身心障礙人口數、各區衛生所關懷社區精神人口數、訪視員人數、指定精神醫療機構數、指定精神科專科醫師數、各區衛生所辦理精神衛生宣導活動場次及人次、辦理精神衛生教育訓練場次及人數、精神類陳情案件數,RptNo;RptName;StatCourseNo;StatCourseName;DataDate;PlaceNo;PlaceName;PeriodNo;PeriodName;Complex1;ComplexName;Complex2;Complex2Name;Complex3;Complex3Name;Complex4;Complex4Name;Complex5;Complex5Name;DeriveNo;DeriveExplain;FValue;SValue;RptDeptNo;RptDeptName;CreateTime;ModifyTime,每年,政府資料開放授權條款-第1版,,2019/06/18 17:40,
103608,臺南市地籍地段屬性資料表,臺南市政府地政局,公共資訊,臺南市所轄地籍地段屬性資料，包含各地段之行政區、行政區代碼、地段名、地段代碼、段延伸碼、測量方式、測量類別、成圖年度、座標系統、圖籍比例尺等屬性。,行政區;行政區代碼;地段名;地段代碼;段延伸碼;測量方式;測量類別;成圖年度;座標系統;圖籍比例尺,每月,政府資料開放授權條款-第1版,https://data.tainan.gov.tw/dataset/sectattr;https://data.tainan.gov.tw/dataset/sectattr;https://data.tainan.gov.tw/dataset/sectattr;https://data.tainan.gov.tw/dataset/sectattr;https://data.tainan.gov.tw/dataset/sectattr;https://data.tainan.gov.tw/dataset/sectattr;https://data.tainan.gov.tw/dataset/sectattr;https://data.tainan.gov.tw/dataset/sectattr;https://data.tainan.gov.tw/dataset/sectattr;https://data.tainan.gov.tw/dataset/sectattr;https://data.tainan.gov.tw/dataset/sectattr,2019/06/11 06:12,
103609,臺南市數值地籍地段圖,臺南市政府地政局,公共資訊,臺南市所轄地籍地段範圍圖,段碼;段名;行政區,每月,政府資料開放授權條款-第1版,https://data.tainan.gov.tw/dataset/section;https://data.tainan.gov.tw/dataset/section;https://data.tainan.gov.tw/dataset/section;https://data.tainan.gov.tw/dataset/section;https://data.tainan.gov.tw/dataset/section;https://data.tainan.gov.tw/dataset/section;https://data.tainan.gov.tw/dataset/section;https://data.tainan.gov.tw/dataset/section;https://data.tainan.gov.tw/dataset/section;https://data.tainan.gov.tw/dataset/section;https://data.tainan.gov.tw/dataset/section,2019/06/10 08:17,
103616,108年5月會計月報,臺灣橋頭地方法院,公共資訊,108年5月會計月報,會計年度;月份;款;項;目;節;預算年度;預算科目編號;預算科目名稱;細目編號;細目名稱;原預算數;追加減數;截至本月止累計分配數_1;本月實現數;截至本月止累計實現數_2;應收收入數_3;分配數預算餘額_4;分支計畫編號;分支計畫名稱;用途別編號;用途別名稱;第一預備金;第二預備金;經費流用數;預算調整數;應付數;已分配尚未執行數;備註_預暫付數;以前年度轉入數;應收數;保留數;減免;截至本月止累計實現數;調整數;尚未執行數;基金別;會計分類;使用機關別;科目分類;會計科目編號;會計科目名稱;金額;科目名稱;取得成本;以前年度累計折舊_長期投資評價;本年度資本資產成本變動_增加數;本年度資本資產成本變動_減少數;本年度累計折舊_長期投資評價變動數;期末帳面金額;備註;業務計畫或工作計畫;經資門;執行數;項目;收入實現數;減項_收入待納庫數;加項_以前年度待納庫繳庫數;加項_以前年度撥款於本年度繳還數_材料;加項_以前年度撥款於本年度繳還數_存出保證金;加項_以前年度撥款於本年度繳還數_其他應收款;加項_預收款;加項_剔除經費;繳付公庫數;一級用途別編號;一級用途別名稱;支出實現數;加項_預付款;加項_材料;加項_存出保證金;加項_零用金;加項_退還收入預收款;加項_其他應收款;減項_以前年度撥款於本年度實現數;公庫撥入數;公庫分配數餘額;金額_本月數;金額_累計數,每月,政府資料開放授權條款-第1版,http://ctd.judicial.gov.tw/UserFiles/10805月報XML.zip,2019/06/18 00:00,
103603,108年5月花蓮縣各項稅捐實徵淨額與預算數及上年同期比較-本月數,花蓮縣政府,公共資訊,108年5月花蓮縣各項稅捐實徵淨額與預算數及上年同期比較-本月數,詳如資料集內容,每日,政府資料開放授權條款-第1版,,2019/06/18 00:00,無
103604,108年5月花蓮縣各項稅捐實徵淨額與預算數及上年同期比較-累計數,花蓮縣政府,公共資訊,108年5月花蓮縣各項稅捐實徵淨額與預算數及上年同期比較-累計數,詳如資料集內容,每日,政府資料開放授權條款-第1版,,2019/06/18 00:00,無
103605,108年5月花蓮縣各項稅捐本月實徵數簡報表,花蓮縣政府,公共資訊,108年5月花蓮縣各項稅捐本月實徵數簡報表,詳如資料集內容,每日,政府資料開放授權條款-第1版,,2019/06/18 00:00,無
