資料集識別碼,資料集名稱,提供機關,服務分類,資料集描述,主要欄位說明,更新頻率,授權方式,相關網址,上架日期,備註
104210,嘉義縣青少年福利機構,嘉義縣社會局,公共資訊,提供嘉義縣青少年福利機構名稱及聯絡方式。,名稱;地址;電話;傳真;備註,每日,政府資料開放授權條款-第1版,,2019/06/28 00:00,
104211,嘉義縣勞工就業服務據點,嘉義縣社會局,公共資訊,提供嘉義縣勞工就業服務據點聯絡資訊。,單位;住址;電話;傳真,每日,政府資料開放授權條款-第1版,,2019/06/28 00:00,
104216,中正紀念堂會計報告,國立中正紀念堂管理處,公共資訊,中正紀念堂會計報告,Id;SiteId;UnitId;BaseCategoryName;PublishTime;Subject;DownCount;Mutilattach,每月,政府資料開放授權條款-第1版,,2019/06/29 00:00,
104208,臺中市107年第四季GIS門牌號碼,臺中市政府民政局‧地方自治科第二股,公共資訊,臺中市107年第四季GIS門牌號碼csv點位座標檔案,省市縣市代碼;鄉鎮市區代碼;村里;鄰;街_路_段;地區;巷;弄;號;tm2x97橫座標;tm2x97縱座標;X坐標;Y坐標,每季,政府資料開放授權條款-第1版,,2019/06/28 12:00,
104209,臺中市108年第一季GIS門牌號碼,臺中市政府民政局‧地方自治科第二股,公共資訊,臺中市108年第一季GIS門牌號碼位置檔案,省市縣市代碼;鄉鎮市區代碼;村里;鄰;街_路_段;地區;巷;弄;號;tm2x97橫座標;tm2x97縱座標;X坐標;Y坐標,每季,政府資料開放授權條款-第1版,,2019/06/28 12:00,
104217,臺北市政府消防通道清冊,臺北市政府消防局,公共資訊,提供查詢臺北市政府消防通道,行政區;列管路段;列管範圍,每日,政府資料開放授權條款-第1版,,2014/03/15 00:00,
104215,行政院環境保護署政府資料開放行動計畫,行政院環境保護署,生活安全及品質,提供行政院環境保護署政府資料開放行動計畫,Name;URL,每日,政府資料開放授權條款-第1版,,2019/06/28 00:00,
104212,公發公司董監事持股餘額明細資料,金融監督管理委員會證券期貨局,投資理財,公發公司董監事持股餘額明細 (證交所),出表日期;資料年月;公司代號;公司名稱;職稱;姓名;選任時持股;目前持股;設質股數;設質股數佔持股比例;內部人關係人目前持股合計;內部人關係人設質股數;內部人關係人設質比例,每日,政府資料開放授權條款-第1版,,2019/06/28 00:00,
