資料集識別碼,資料集名稱,提供機關,服務分類,資料集描述,主要欄位說明,更新頻率,授權方式,相關網址,上架日期,備註
104226,教育部體育署單位決算,教育部體育署,公共資訊,教育部體育署單位決算,會計年度;款;項;目;節;預算科目編號;預算科目名稱;細目編號;細目名稱;預算數_原預算數;預算數_預算增減數;預算數_合計1;決算數_實現數;決算數_應收數;決算數_保留數;決算數_合計2;預決算比較增減數;決算數占預算數之比率;分計畫編號;分計畫名稱;用途別編號;用途別名稱;原預算數;預算追加減數;動支第一預備金數;動支第二預備金數;經費流用數;預算調整數;預算增減數小計;預算數合計1;實現數;應付數;保留數;決算數合計2;預算年度;以前年度轉入數_應收數;以前年度轉入數_保留數;本年度減免註銷數_應收數;本年度減免註銷數_保留數;本年度實現數_應收數;本年度實現數_保留數;本年度調整數_應收數;本年度調整數_保留數;本年度未結清數_應收數;本年度未結清數_保留數;以前年度轉入數_應付數;本年度減免註銷數_應付數;本年度實現數_應付數;本年度調整數_應付數;本年度未結清數_應付數;月份;基金別;會計分類;使用機關別;科目分類;會計科目編號;會計科目名稱;本年度金額;上年度金額,每年,政府資料開放授權條款-第1版,https://www.sa.gov.tw/PageContent?n=889;https://www.sa.gov.tw/PageContent?n=889;https://www.sa.gov.tw/PageContent?n=889,2019/06/29 00:00,授權說明網址: http://data.gov.tw/license
104228,教育部運動發展基金附屬單位決算,教育部體育署,公共資訊,教育部體育署運動發展基金附屬單位決算,SEQNO;LEVEL;BOLD;項目;本年度預算數-金額;本年度預算數-百分比;本年度決算數-金額;本年度決算數-百分比;比較增減-金額;比較增減-百分比;上年度決算數-金額;上年度決算數-百分比;預算數;決算數;科目;備註;比較增減;科目名稱;預算數-正式員額薪資;預算數-聘僱人員薪資;預算數-超時工作報酬;預算數-津貼;預算數-獎金;預算數-退休及卹償金;預算數-資遣費;預算數-福利費;預算數-提繳費;預算數-合計;預算數-兼任人員用人費用;預算數-總計;決算數-正式員額薪資;決算數-聘僱人員薪資;決算數-超時工作報酬;決算數-津貼;決算數-獎金;決算數-退休及卹償金;決算數-資遣費;決算數-福利費;決算數-提繳費;決算數-合計;決算數-兼任人員用人費用;決算數-總計;數量單位;預算數-數量;預算數-金額;決算數-數量;決算數-金額;比較增減-數量;比較增減-數量-百分比;比較增減-金額-百分比;可用預算數-金額,每年,政府資料開放授權條款-第1版,https://www.sa.gov.tw/PageContent?n=889&page=6;https://www.sa.gov.tw/PageContent?n=889&page=6,2019/06/29 00:00,
104230,教育部體育署單位預算,教育部體育署,公共資訊,教育部體育署單位預算,,每年,政府資料開放授權條款-第1版,,2019/06/29 00:00,授權說明網址: http://data.gov.tw/license
104233,教育部體育署單位預算案,教育部體育署,公共資訊,教育部體育署單位預算案,,每年,政府資料開放授權條款-第1版,,2019/06/29 00:00,授權說明網址: http://data.gov.tw/license
104192,興櫃股票每股市值、本益比、週轉率之比較_NEW,金融監督管理委員會,投資理財,興櫃股票每股市值、本益比、週轉率之比較,年月;每股市值;每股盈餘;每股淨值;本益比;周轉率;比率,每月,政府資料開放授權條款-第1版,,2019/06/27 00:00,授權說明網址: http://data.gov.tw/license; OAS標準之API說明文件網址https://stat.fsc.gov.tw/FSC_OAS3_RESTORE/swagger/docs/v1
104271,家庭收支每戶平均金額,高雄市政府主計處,生活安全及品質,家庭收支每戶平均金額,年度資料,每年,政府資料開放授權條款-第1版,https://data.kcg.gov.tw/dataset/f7,2019/06/18 10:25,
104272,所得收入者平均每人所得分配,高雄市政府主計處,生活安全及品質,所得收入者平均每人所得分配,年度資料,每年,政府資料開放授權條款-第1版,https://data.kcg.gov.tw/dataset/f5,2019/06/18 10:18,
104273,家庭住宅及現代化設備概況,高雄市政府主計處,生活安全及品質,家庭住宅及現代化設備概況,年度資料,每年,政府資料開放授權條款-第1版,https://data.kcg.gov.tw/dataset/f3,2019/06/18 10:06,
104274,家庭收支總值,高雄市政府主計處,生活安全及品質,家庭收支總值,年度資料,每年,政府資料開放授權條款-第1版,https://data.kcg.gov.tw/dataset/f1,2019/06/18 08:46,
104276,弱勢兒童及少年生活扶助辦法補助人數,高雄市政府主計處,公共資訊,弱勢兒童及少年生活扶助辦法補助人數,,每月,政府資料開放授權條款-第1版,https://data.kcg.gov.tw/dataset/statisticsaa58,2019/06/14 00:57,
104277,弱勢單親家庭扶助辦法申請人數,高雄市政府主計處,公共資訊,弱勢單親家庭扶助辦法申請人數,,每月,政府資料開放授權條款-第1版,https://data.kcg.gov.tw/dataset/statisticsaa57,2019/06/14 00:56,
104278,發展遲緩兒童,高雄市政府主計處,公共資訊,發展遲緩兒童,,每月,政府資料開放授權條款-第1版,https://data.kcg.gov.tw/dataset/statisticsaa56,2019/06/14 00:52,
104279,弱勢兒童及少年醫療補助計畫補助人數,高雄市政府主計處,公共資訊,弱勢兒童及少年醫療補助計畫補助人數,,每月,政府資料開放授權條款-第1版,https://data.kcg.gov.tw/dataset/statisticsaa55,2019/06/14 00:51,
104280,托嬰中心辦理兒童團體保險補助人數,高雄市政府主計處,公共資訊,托嬰中心辦理兒童團體保險補助人數,,每月,政府資料開放授權條款-第1版,https://data.kcg.gov.tw/dataset/statisticsaa54,2019/06/14 00:50,
104281,年底兒童及少年人數,高雄市政府主計處,公共資訊,年底兒童及少年人數,,每月,政府資料開放授權條款-第1版,https://data.kcg.gov.tw/dataset/statisticsaa53,2019/06/13 09:33,
104282,身心障礙照顧者津貼請領人數,高雄市政府主計處,公共資訊,身心障礙照顧者津貼請領人數,,每月,政府資料開放授權條款-第1版,https://data.kcg.gov.tw/dataset/statisticsaa52,2019/06/13 09:31,
104283,身心障礙者日間照顧及住宿式照顧費用補助人數,高雄市政府主計處,公共資訊,身心障礙者日間照顧及住宿式照顧費用補助人數,,每月,政府資料開放授權條款-第1版,https://data.kcg.gov.tw/dataset/statisticsaa51,2019/06/13 09:30,
104284,聽語障者服務,高雄市政府主計處,公共資訊,聽語障者服務,,每月,政府資料開放授權條款-第1版,https://data.kcg.gov.tw/dataset/statisticsaa50,2019/06/13 09:28,
104285,長期照顧十年計畫補助日間照顧服務個案人數,高雄市政府主計處,公共資訊,長期照顧十年計畫補助日間照顧服務個案人數,,每月,政府資料開放授權條款-第1版,https://data.kcg.gov.tw/dataset/statisticsaa49,2019/06/13 09:26,
104286,身心障礙者福利服務,高雄市政府主計處,公共資訊,身心障礙者福利服務,,每月,政府資料開放授權條款-第1版,https://data.kcg.gov.tw/dataset/statisticsaa48,2019/06/13 09:22,
104287,申請重度以上身心障礙者福利津貼補助通過人數,高雄市政府主計處,公共資訊,申請重度以上身心障礙者福利津貼補助通過人數,,每月,政府資料開放授權條款-第1版,https://data.kcg.gov.tw/dataset/statisticsaa47,2019/06/13 08:57,
104288,年底身心障礙者權益保障推動小組委員人數,高雄市政府主計處,公共資訊,年底身心障礙者權益保障推動小組委員人數,,每月,政府資料開放授權條款-第1版,https://data.kcg.gov.tw/dataset/statisticsaa46,2019/06/13 08:56,
104289,年底無障礙之家家民人數,高雄市政府主計處,公共資訊,年底無障礙之家家民人數,,每月,政府資料開放授權條款-第1版,https://data.kcg.gov.tw/dataset/statisticsaa45,2019/06/13 08:55,
104290,申請身心障礙者權益受損協調處理人數,高雄市政府主計處,公共資訊,申請身心障礙者權益受損協調處理人數,,每月,政府資料開放授權條款-第1版,https://data.kcg.gov.tw/dataset/statisticsaa44,2019/06/13 08:53,
104291,推展老人福利服務補助要點補助人數,高雄市政府主計處,公共資訊,推展老人福利服務補助要點補助人數,,每月,政府資料開放授權條款-第1版,https://data.kcg.gov.tw/dataset/statisticsaa43,2019/06/13 08:51,
104292,申請辦理全民健康保險保費自付額核退者人數,高雄市政府主計處,公共資訊,申請辦理全民健康保險保費自付額核退者人數,,每月,政府資料開放授權條款-第1版,https://data.kcg.gov.tw/dataset/statisticsaa42,2019/06/13 08:50,
104294,補助老人及身心障礙者全民健康保險保費自付額補助人數,高雄市政府主計處,公共資訊,補助老人及身心障礙者全民健康保險保費自付額補助人數,,每月,政府資料開放授權條款-第1版,https://data.kcg.gov.tw/dataset/statisticsaa41,2019/06/13 08:42,
104295,年底外僑居留人口數,高雄市政府主計處,公共資訊,年底外僑居留人口數,"年別,年底外僑居留人口數;－女年底,外僑居留人口數;－男",每月,政府資料開放授權條款-第1版,https://data.kcg.gov.tw/dataset/statisticsw1,2019/06/13 08:25,
104296,年底旅行業從業人數,高雄市政府主計處,公共資訊,年底旅行業從業人數,"年別,年底旅行業從業人數;－女,年底旅行業從業人數;－男",每月,政府資料開放授權條款-第1版,https://data.kcg.gov.tw/dataset/statisticsw2,2019/06/13 08:25,
104297,全般刑案嫌疑犯人數,高雄市政府主計處,公共資訊,全般刑案嫌疑犯人數,"年別,全般刑案嫌疑犯人數;－女,全般刑案嫌疑犯人數;－男...",每月,政府資料開放授權條款-第1版,https://data.kcg.gov.tw/dataset/statisticsw3,2019/06/13 08:25,
104298,成年刑案嫌疑犯人數,高雄市政府主計處,公共資訊,成年刑案嫌疑犯人數,"年別, 成年刑案嫌疑犯人數;－女, 成年刑案嫌疑犯人數;－男...",每月,政府資料開放授權條款-第1版,https://data.kcg.gov.tw/dataset/statisticsw5,2019/06/13 08:25,
104299,兒童少年刑案嫌疑犯人數,高雄市政府主計處,公共資訊,兒童少年刑案嫌疑犯人數,"年別, 兒童少年刑案嫌疑犯人數;－女, 兒童少年刑案嫌疑犯人數;－男...",每月,政府資料開放授權條款-第1版,https://data.kcg.gov.tw/dataset/statisticsw4,2019/06/13 08:25,
104300,青年刑案嫌疑犯人數,高雄市政府主計處,公共資訊,青年刑案嫌疑犯人數,"年別, 青年刑案嫌疑犯人數;－女, 青年刑案嫌疑犯人數;－男...",每月,政府資料開放授權條款-第1版,https://data.kcg.gov.tw/dataset/statisticsw6,2019/06/13 08:19,
104301,外籍嫌疑犯人數,高雄市政府主計處,公共資訊,外籍嫌疑犯人數,"年別,外籍嫌疑犯人數;－女,外籍嫌疑犯人數;－男",每月,政府資料開放授權條款-第1版,https://data.kcg.gov.tw/dataset/statisticsw7,2019/06/13 08:19,
104302,全般刑案被害人數,高雄市政府主計處,公共資訊,全般刑案被害人數,"年別,全般刑案被害人數;－女,全般刑案被害人數;－男",每月,政府資料開放授權條款-第1版,https://data.kcg.gov.tw/dataset/statisticsw8,2019/06/13 08:19,
104303,性侵害被害人數,高雄市政府主計處,公共資訊,性侵害被害人數,"年別,性侵害被害人數;－女,性侵害被害人數;－男",每月,政府資料開放授權條款-第1版,https://data.kcg.gov.tw/dataset/statisticsw9,2019/06/13 08:18,
104304,搶奪案被害人數,高雄市政府主計處,公共資訊,搶奪案被害人數,"年別,搶奪案被害人數;－女,搶奪案被害人數;－男",每月,政府資料開放授權條款-第1版,https://data.kcg.gov.tw/dataset/statisticsw10,2019/06/13 08:18,
104305,暴力犯罪被害人數,高雄市政府主計處,公共資訊,暴力犯罪被害人數,"年別,暴力犯罪被害人數;－女,暴力犯罪被害人數;－男",每月,政府資料開放授權條款-第1版,https://data.kcg.gov.tw/dataset/statisticsw11,2019/06/13 08:18,
104306,妨害風化被害人數,高雄市政府主計處,公共資訊,妨害風化被害人數,"年別,妨害風化被害人數;－女,妨害風化被害人數;－男",每月,政府資料開放授權條款-第1版,https://data.kcg.gov.tw/dataset/statisticsw12,2019/06/13 08:18,
104307,妨害婚姻及家庭被害人數,高雄市政府主計處,公共資訊,妨害婚姻及家庭被害人數,"年別,妨害婚姻及家庭被害人數;－女,妨害婚姻及家庭被害人數;－男",每月,政府資料開放授權條款-第1版,https://data.kcg.gov.tw/dataset/statisticsw13,2019/06/13 08:18,
104308,違反家庭暴力罪嫌疑犯人數,高雄市政府主計處,公共資訊,違反家庭暴力罪嫌疑犯人數,"年別,違反家庭暴力罪嫌疑犯人數;－女,違反家庭暴力罪嫌疑犯人數;－男",每月,政府資料開放授權條款-第1版,https://data.kcg.gov.tw/dataset/statisticsw14,2019/06/13 08:17,
104309,義勇人員福利互助,高雄市政府主計處,公共資訊,義勇人員福利互助,"年別,年底義勇人員福利互助會委員人數;－女,年底義勇人員福利互助會委員人數;－男...",每月,政府資料開放授權條款-第1版,https://data.kcg.gov.tw/dataset/statisticsw15,2019/06/13 08:17,
104310,獎勵及補償民眾拘捕人犯人數,高雄市政府主計處,公共資訊,獎勵及補償民眾拘捕人犯人數,"年別,獎勵及補償民眾拘捕人犯人數;－女,獎勵及補償民眾拘捕人犯人數;－男",每月,政府資料開放授權條款-第1版,https://data.kcg.gov.tw/dataset/statisticsw16,2019/06/13 08:17,
104311,受處理無名屍體人數,高雄市政府主計處,公共資訊,受處理無名屍體人數,"年別,受處理無名屍體人數;－女,受處理無名屍體人數;－男",每月,政府資料開放授權條款-第1版,https://data.kcg.gov.tw/dataset/statisticsw17,2019/06/13 08:16,
104312,年底易銷贓場所負責人,高雄市政府主計處,公共資訊,年底易銷贓場所負責人,"年別,年底易銷贓場所負責人;－女,年底易銷贓場所負責人;－男",每月,政府資料開放授權條款-第1版,https://data.kcg.gov.tw/dataset/statisticsw18,2019/06/13 08:16,
104313,查獲兒少性剝削被害人數,高雄市政府主計處,公共資訊,查獲兒少性剝削被害人數,"年別,查獲兒少性剝削被害人數－女,查獲兒少性剝削被害人數－男",每月,政府資料開放授權條款-第1版,https://data.kcg.gov.tw/dataset/statisticsw19,2019/06/13 08:16,
104314,查獲酒駕嫌疑犯人數,高雄市政府主計處,公共資訊,查獲酒駕嫌疑犯人數,"年別,查獲酒駕嫌疑犯人數－女,查獲酒駕嫌疑犯人數－男",每月,政府資料開放授權條款-第1版,https://data.kcg.gov.tw/dataset/statisticsw20,2019/06/13 08:16,
104315,失蹤人口,高雄市政府主計處,公共資訊,失蹤人口,"年別,失蹤人口─發生數;－女,失蹤人口─發生數;－男...",每月,政府資料開放授權條款-第1版,https://data.kcg.gov.tw/dataset/statisticsw21,2019/06/13 08:16,
104316,文化局辦理公聽會參加人數,高雄市政府主計處,公共資訊,文化局辦理公聽會參加人數,"年別,文化局辦理公聽會參加人數;－女,文化局辦理公聽會參加人數;－男",每月,政府資料開放授權條款-第1版,https://data.kcg.gov.tw/dataset/statisticsw22,2019/06/13 08:15,
104317,文化局補助或委託辦理之各項論壇、研討會參加人數,高雄市政府主計處,公共資訊,文化局補助或委託辦理之各項論壇、研討會參加人數,"年別,文化局補助或委託辦理之各項論壇;研討會參加人數;－女,文化局補助或委託辦理之各項論壇;－男",每月,政府資料開放授權條款-第1版,https://data.kcg.gov.tw/dataset/statisticsw23,2019/06/13 08:15,
104318,年底民間警力人數,高雄市政府主計處,公共資訊,年底民間警力人數,"年別,年底民間警力人數;－女,年底民間警力人數;－男",每月,政府資料開放授權條款-第1版,https://data.kcg.gov.tw/dataset/statisticsw24,2019/06/13 08:15,
104319,年底老人福利促進小組委員人數,高雄市政府主計處,公共資訊,年底老人福利促進小組委員人數,,每月,政府資料開放授權條款-第1版,https://data.kcg.gov.tw/dataset/statisticsaa40,2019/06/13 08:14,
104320,A1類道路交通事故,高雄市政府主計處,公共資訊,A1類道路交通事故,"年別,A1類道路交通事故肇事人數;－女,A1類道路交通事故肇事人數;－男...",每月,政府資料開放授權條款-第1版,https://data.kcg.gov.tw/dataset/statisticsw25,2019/06/13 08:14,
104321,長期照護機構實際進住人數,高雄市政府主計處,公共資訊,長期照護機構實際進住人數,"年別,長期照護機構實際進住人數;－女,長期照護機構實際進住人數;－男,長期照護機構實際進住人員平均年齡;－女,長期照護機構實際進住人員平均年齡;－男",每月,政府資料開放授權條款-第1版,https://data.kcg.gov.tw/dataset/statisticsaa1,2019/06/13 08:14,
104322,原住民部落大學教育參與人次,高雄市政府主計處,公共資訊,原住民部落大學教育參與人次,"年別,原住民部落大學教育參與人次;－女,原住民部落大學教育參與人次;－男",每月,政府資料開放授權條款-第1版,https://data.kcg.gov.tw/dataset/statisticsaa2,2019/06/13 08:14,
104323,原住民就業服務站求職登記人數,高雄市政府主計處,公共資訊,原住民就業服務站求職登記人數,,每月,政府資料開放授權條款-第1版,https://data.kcg.gov.tw/dataset/statisticsaa3,2019/06/13 08:13,
104324,受理性侵害通報受害者人數,高雄市政府主計處,公共資訊,受理性侵害通報受害者人數,"年別,受理性侵害通報受害者人數;－女,受理性侵害通報受害者人數;－男,原住民性侵害通報受害者人數;－女,原住民性侵害通報受害者人數;－男",每月,政府資料開放授權條款-第1版,https://data.kcg.gov.tw/dataset/statisticsaa4,2019/06/13 08:13,
104325,受理家庭暴力通報受害者人數(不含兒少保護通報),高雄市政府主計處,公共資訊,受理家庭暴力通報受害者人數(不含兒少保護通報),"年別,受理家庭暴力通報受害者人數;人;－女,受理家庭暴力通報受害者人數;－男,原住民家庭暴力通報受害者人數;－女,原住民家庭暴力通報受害者人數;－男",每月,政府資料開放授權條款-第1版,https://data.kcg.gov.tw/dataset/statisticsaa5,2019/06/13 08:13,
104326,受理兒童少年保護案件通報受害者人數,高雄市政府主計處,公共資訊,受理兒童少年保護案件通報受害者人數,,每月,政府資料開放授權條款-第1版,https://data.kcg.gov.tw/dataset/statisticsaa6,2019/06/13 08:13,
104327,受理性騷擾案申訴成立案件,高雄市政府主計處,公共資訊,受理性騷擾案申訴成立案件,,每月,政府資料開放授權條款-第1版,https://data.kcg.gov.tw/dataset/statisticsaa7,2019/06/13 08:13,
104328,查獲或救援兒少性剝削人數,高雄市政府主計處,公共資訊,查獲或救援兒少性剝削人數,,每月,政府資料開放授權條款-第1版,https://data.kcg.gov.tw/dataset/statisticsaa8,2019/06/13 08:12,
104329,緊急短期安置從事性交易兒少人數,高雄市政府主計處,公共資訊,緊急短期安置從事性交易兒少人數,,每月,政府資料開放授權條款-第1版,https://data.kcg.gov.tw/dataset/statisticsaa9,2019/06/13 08:12,
104330,申請家庭暴力事件未成年子女會面、交往及交付,高雄市政府主計處,公共資訊,申請家庭暴力事件未成年子女會面、交往及交付,,每月,政府資料開放授權條款-第1版,https://data.kcg.gov.tw/dataset/statisticsaaa10,2019/06/13 08:12,
104331,年底低收入戶,高雄市政府主計處,公共資訊,年底低收入戶,,每月,政府資料開放授權條款-第1版,https://data.kcg.gov.tw/dataset/statisticsaa11,2019/06/13 08:12,
104332,年底長期照護、養護及安養機構收容人數,高雄市政府主計處,公共資訊,年底長期照護、養護及安養機構收容人數,,每月,政府資料開放授權條款-第1版,https://data.kcg.gov.tw/dataset/statisticsaa13,2019/06/13 08:11,
104333,街友服務,高雄市政府主計處,公共資訊,街友服務,,每月,政府資料開放授權條款-第1版,https://data.kcg.gov.tw/dataset/statisticsaa12,2019/06/13 08:11,
104334,年底獨居老人(列冊需關懷)人數,高雄市政府主計處,公共資訊,年底獨居老人(列冊需關懷)人數,,每月,政府資料開放授權條款-第1版,https://data.kcg.gov.tw/dataset/statisticsaa14,2019/06/13 08:11,
104335,年底長期照顧服務人員人數,高雄市政府主計處,公共資訊,年底長期照顧服務人員人數,,每月,政府資料開放授權條款-第1版,https://data.kcg.gov.tw/dataset/statisticsaa15,2019/06/13 08:11,
104336,年底托育人員人數,高雄市政府主計處,公共資訊,年底托育人員人數,,每月,政府資料開放授權條款-第1版,https://data.kcg.gov.tw/dataset/statisticsaa16,2019/06/13 08:11,
104337,年底婦女福利服務機構數,高雄市政府主計處,公共資訊,年底婦女福利服務機構數,,每月,政府資料開放授權條款-第1版,https://data.kcg.gov.tw/dataset/statisticsaa17,2019/06/13 08:10,
104338,重陽節敬老禮金發放人數,高雄市政府主計處,公共資訊,重陽節敬老禮金發放人數,,每月,政府資料開放授權條款-第1版,https://data.kcg.gov.tw/dataset/statisticsaa39,2019/06/13 08:10,
104339,特殊境遇家庭,高雄市政府主計處,公共資訊,特殊境遇家庭,,每月,政府資料開放授權條款-第1版,https://data.kcg.gov.tw/dataset/statisticsaa18,2019/06/13 08:10,
104340,老人修繕住屋補助申請人數,高雄市政府主計處,公共資訊,老人修繕住屋補助申請人數,,每月,政府資料開放授權條款-第1版,https://data.kcg.gov.tw/dataset/statisticsaa37,2019/06/13 08:10,
104341,老人活動中心月平均服務人數,高雄市政府主計處,公共資訊,老人活動中心月平均服務人數,,每月,政府資料開放授權條款-第1版,https://data.kcg.gov.tw/dataset/statisticsaa38,2019/06/13 08:09,
104342,年底寄養家庭寄養兒少人數,高雄市政府主計處,公共資訊,年底寄養家庭寄養兒少人數,,每月,政府資料開放授權條款-第1版,https://data.kcg.gov.tw/dataset/statisticsaa19,2019/06/13 08:07,
104343,年底領有身心障礙手冊人數,高雄市政府主計處,公共資訊,年底領有身心障礙手冊人數,,每月,政府資料開放授權條款-第1版,https://data.kcg.gov.tw/dataset/statisticsaa20,2019/06/13 08:06,
104344,年底安置及教養機構收容兒少人數,高雄市政府主計處,公共資訊,年底安置及教養機構收容兒少人數,,每月,政府資料開放授權條款-第1版,https://data.kcg.gov.tw/dataset/statisticsaa21,2019/06/13 08:06,
104345,敬老卡及博愛卡申辦,高雄市政府主計處,公共資訊,敬老卡及博愛卡申辦,,每月,政府資料開放授權條款-第1版,https://data.kcg.gov.tw/dataset/statisticsaa36,2019/06/13 08:06,
104346,仁愛之家服務,高雄市政府主計處,公共資訊,仁愛之家服務,,每月,政府資料開放授權條款-第1版,https://data.kcg.gov.tw/dataset/statisticsaa35,2019/06/13 08:05,
104347,(民間捐助)財團法人社會福利慈善事業基金會,高雄市政府主計處,公共資訊,(民間捐助)財團法人社會福利慈善事業基金會,,每月,政府資料開放授權條款-第1版,https://data.kcg.gov.tw/dataset/statisticsaa22,2019/06/13 08:05,
104348,本市(政府捐助)財團法人社會福利慈善事業基金會,高雄市政府主計處,公共資訊,本市(政府捐助)財團法人社會福利慈善事業基金會,,每月,政府資料開放授權條款-第1版,https://data.kcg.gov.tw/dataset/statisticsaa23,2019/06/13 08:05,
104349,協助經濟弱勢市民自立之以工代賑人數,高雄市政府主計處,公共資訊,協助經濟弱勢市民自立之以工代賑人數,,每月,政府資料開放授權條款-第1版,https://data.kcg.gov.tw/dataset/statisticsaa24,2019/06/13 08:05,
104350,年底社會救助金專戶管理會委員人數,高雄市政府主計處,公共資訊,年底社會救助金專戶管理會委員人數,,每月,政府資料開放授權條款-第1版,https://data.kcg.gov.tw/dataset/statisticsaa25,2019/06/13 08:05,
104351,年底公益彩券盈餘基金管理會委員人數,高雄市政府主計處,公共資訊,年底公益彩券盈餘基金管理會委員人數,,每月,政府資料開放授權條款-第1版,https://data.kcg.gov.tw/dataset/statisticsaa26,2019/06/13 08:04,
104352,年底視覺障礙者人數,高雄市政府主計處,公共資訊,年底視覺障礙者人數,,每月,政府資料開放授權條款-第1版,https://data.kcg.gov.tw/dataset/statisticsaa27,2019/06/13 08:04,
104353,急難救助辦法申請人數,高雄市政府主計處,公共資訊,急難救助辦法申請人數,,每月,政府資料開放授權條款-第1版,https://data.kcg.gov.tw/dataset/statisticsaa28,2019/06/13 08:04,
104354,災害救助金救助人數,高雄市政府主計處,公共資訊,災害救助金救助人數,,每月,政府資料開放授權條款-第1版,https://data.kcg.gov.tw/dataset/statisticsaa29,2019/06/13 08:04,
104355,中低收入老人生活津貼補助人數,高雄市政府主計處,公共資訊,中低收入老人生活津貼補助人數,,每月,政府資料開放授權條款-第1版,https://data.kcg.gov.tw/dataset/statisticsaa32,2019/06/13 08:03,
104356,中低收入老人特別照顧津貼領取人數,高雄市政府主計處,公共資訊,中低收入老人特別照顧津貼領取人數,,每月,政府資料開放授權條款-第1版,https://data.kcg.gov.tw/dataset/statisticsaa34,2019/06/13 08:03,
104357,經濟弱勢市民醫療補助辦法補助人數,高雄市政府主計處,公共資訊,經濟弱勢市民醫療補助辦法補助人數,,每月,政府資料開放授權條款-第1版,https://data.kcg.gov.tw/dataset/statisticsaa33,2019/06/13 08:03,
104358,低收入戶子女生活扶助辦法扶助人數,高雄市政府主計處,公共資訊,低收入戶子女生活扶助辦法扶助人數,,每月,政府資料開放授權條款-第1版,https://data.kcg.gov.tw/dataset/statisticsaa31,2019/06/13 08:03,
104359,低收入戶孕產婦及嬰幼兒營養補助辦法補助人數,高雄市政府主計處,公共資訊,低收入戶孕產婦及嬰幼兒營養補助辦法補助人數,,每月,政府資料開放授權條款-第1版,https://data.kcg.gov.tw/dataset/statisticsaa30,2019/06/13 07:59,
104257,108年高雄市已登記租賃住宅服務業資訊,高雄市政府地政局,公共資訊,提供高雄市已登記租賃住宅服務業資訊,公司名稱;公司所在地;聯絡電話,每月,政府資料開放授權條款-第1版,https://data.kcg.gov.tw/dataset/at2305,2019/06/20 07:21,
104268,108年高雄市不動產買賣實價登錄資料下載,高雄市政府地政局,公共資訊,提供高雄市108年各季實價登錄買賣成交案件資訊,高雄市108年第1季實價登錄買賣成交案件資訊,每月,政府資料開放授權條款-第1版,https://data.kcg.gov.tw/dataset/108realpricedata,2019/06/19 03:27,
104239,107年使用執照各區統計,高雄市政府工務局,公共資訊,107年使用執照各區統計,行政區;數量,每年,政府資料開放授權條款-第1版,https://data.kcg.gov.tw/dataset/permit001,2019/06/28 03:13,
104240,107年使用執照各區統計(依樓層數),高雄市政府工務局,公共資訊,107年使用執照各區統計數量(依樓層數),行政區;樓層數;使用執照統計數量,每年,政府資料開放授權條款-第1版,https://data.kcg.gov.tw/dataset/permit002,2019/06/28 03:12,
104246,108年高雄市軍人忠靈祠葬厝表,高雄市政府民政局,生命禮儀,園區、單櫃容量、雙櫃容量、上月底已存厝-現役單櫃、上月底已存厝-現役雙櫃、上月底-退除役單櫃、上月底-退除役雙櫃、本月存厝-退除役單櫃、本月存厝-退除役雙櫃、累計存厝-單櫃、累計存厝-雙櫃、餘容量-單櫃、餘容量-雙櫃,,每月,政府資料開放授權條款-第1版,https://data.kcg.gov.tw/dataset/108nveterans;https://data.kcg.gov.tw/dataset/108nveterans;https://data.kcg.gov.tw/dataset/108nveterans;https://data.kcg.gov.tw/dataset/108nveterans;https://data.kcg.gov.tw/dataset/108nveterans,2019/06/25 09:07,
104247,107年高雄市軍人忠靈祠葬厝表,高雄市政府民政局,生命禮儀,園區、單櫃容量、雙櫃容量、上月底已存厝-現役單櫃、上月底已存厝-現役雙櫃、上月底-退除役單櫃、上月底-退除役雙櫃、本月存厝-退除役單櫃、本月存厝-退除役雙櫃、累計存厝-單櫃、累計存厝-雙櫃、餘容量-單櫃、餘容量-雙櫃,園區;單櫃容量;雙櫃容量;上月底已存厝-現役單櫃;上月底已存厝-現役雙櫃;上月底-退除役單櫃;上月底-退除役雙櫃;本月存厝-退除役單櫃;本月存厝-退除役雙櫃;累計存厝-單櫃;累計存厝-雙櫃;餘容量-單櫃;餘容量-雙櫃,每月,政府資料開放授權條款-第1版,https://data.kcg.gov.tw/dataset/107nveterans;https://data.kcg.gov.tw/dataset/107nveterans;https://data.kcg.gov.tw/dataset/107nveterans;https://data.kcg.gov.tw/dataset/107nveterans;https://data.kcg.gov.tw/dataset/107nveterans;https://data.kcg.gov.tw/dataset/107nveterans;https://data.kcg.gov.tw/dataset/107nveterans;https://data.kcg.gov.tw/dataset/107nveterans;https://data.kcg.gov.tw/dataset/107nveterans;https://data.kcg.gov.tw/dataset/107nveterans;https://data.kcg.gov.tw/dataset/107nveterans;https://data.kcg.gov.tw/dataset/107nveterans,2019/06/25 09:00,
104248,106年高雄市軍人忠靈祠葬厝表,高雄市政府民政局,生命禮儀,園區、單櫃容量、雙櫃容量、上月底已存厝-現役單櫃、上月底已存厝-現役雙櫃、上月底-退除役單櫃、上月底-退除役雙櫃、本月存厝-退除役單櫃、本月存厝-退除役雙櫃、累計存厝-單櫃、累計存厝-雙櫃、餘容量-單櫃、餘容量-雙櫃,園區;單櫃容量;雙櫃容量;上月底已存厝-現役單櫃;上月底已存厝-現役雙櫃;上月底-退除役單櫃;上月底-退除役雙櫃;本月存厝-退除役單櫃;本月存厝-退除役雙櫃;累計存厝-單櫃;累計存厝-雙櫃;餘容量-單櫃;餘容量-雙櫃,每月,政府資料開放授權條款-第1版,https://data.kcg.gov.tw/dataset/106nveterans;https://data.kcg.gov.tw/dataset/106nveterans;https://data.kcg.gov.tw/dataset/106nveterans;https://data.kcg.gov.tw/dataset/106nveterans;https://data.kcg.gov.tw/dataset/106nveterans;https://data.kcg.gov.tw/dataset/106nveterans;https://data.kcg.gov.tw/dataset/106nveterans;https://data.kcg.gov.tw/dataset/106nveterans;https://data.kcg.gov.tw/dataset/106nveterans;https://data.kcg.gov.tw/dataset/106nveterans;https://data.kcg.gov.tw/dataset/106nveterans;https://data.kcg.gov.tw/dataset/106nveterans,2019/06/25 08:47,
104251,108年常備兵役役男家屬各項扶(慰)助經費統計,高雄市政府民政局,服兵役,行政區別、總計件(戶)數、總計金額、一次安家費件(戶)數、一次安家費金額、三節生活扶助金件(戶)數、三節生活扶助金金額、生育補助金件(戶)數、生育補助金金額 、喪葬補助金件(戶)數、喪葬補助金金額、急難慰助金件(戶)數、急難慰助金金額、健保補助費件(戶)數、健保補助費金額、醫療補助費件(戶)數、醫療補助費金額,行政區別;總計件;數;總計金額;一次安家費件;一次安家費金額;三節生活扶助金件;三節生活扶助金金額;生育補助金件;生育補助金金額 ;喪葬補助金件;喪葬補助金金額;急難慰助金件;急難慰助金金額;健保補助費件;健保補助費金額;醫療補助費件;醫療補助費金額,每季,政府資料開放授權條款-第1版,https://data.kcg.gov.tw/dataset/108support3,2019/06/21 03:18,
104253,108年替代役役男家屬各項扶(慰)助經費統計,高雄市政府民政局,服兵役,行政區別、總計件(戶)數、總計金額、一次安家費件(戶)數、一次安家費金額、三節生活扶助金件(戶)數、三節生活扶助金金額、生育補助金件(戶)數、生育補助金金額 、喪葬補助金件(戶)數、喪葬補助金金額、急難慰助金件(戶)數、急難慰助金金額、健保補助費件(戶)數、健保補助費金額、醫療補助費件(戶)數、醫療補助費金額,行政區別;總計件;數;總計金額;一次安家費件;一次安家費金額;三節生活扶助金件;三節生活扶助金金額;生育補助金件;生育補助金金額 ;喪葬補助金件;喪葬補助金金額;急難慰助金件;急難慰助金金額;健保補助費件;健保補助費金額;醫療補助費件;醫療補助費金額,每月,政府資料開放授權條款-第1版,https://data.kcg.gov.tw/dataset/108support4,2019/06/20 09:24,
104256,108年常備兵役役男家屬安家費及三節生活扶助金統計,高雄市政府民政局,服兵役,"行政區別,合計發給戶數,合計發給口數,合計金額,一次安家費小計發給戶數,一次安家費小計發給口數,一次安家費小計金額,一次安家費甲級發給戶數,一次安家費甲級發給口數,一次安家費甲級金額,一次安家費乙級發給戶數,一次安家費乙級發給口數,一次安家費乙級金額,一次安家費丙級發給戶數,一次安家費丙級發給口數,一次安家費丙級金額,三節生活扶助金小計發給戶數,三節生活扶助金小計發給口數,三節生活扶助金小計金額,三節生活扶助金甲級發給戶數,三節生活扶助金甲級發給口數,三節生活扶助金甲級金額,三節生活扶助金乙級發給戶數,三節生活扶助金乙級發給口數,三節生活扶助金乙級金額,三節生活扶助金丙級發給戶數,三節生活扶助金丙級發給口數,三節生活扶助金丙級金額",行政區別;合計發給戶數;合計發給口數;合計金額;一次安家費小計發給戶數;一次安家費小計發給口數;一次安家費小計金額;一次安家費甲級發給戶數;一次安家費甲級發給口數;一次安家費甲級金額;一次安家費乙級發給戶數;一次安家費乙級發給口數;一次安家費乙級金額;一次安家費丙級發給戶數;一次安家費丙級發給口數;一次安家費丙級金額;三節生活扶助金小計發給戶數;三節生活扶助金小計發給口數;三節生活扶助金小計金額;三節生活扶助金甲級發給戶數;三節生活扶助金甲級發給口數;三節生活扶助金甲級金額;三節生活扶助金乙級發給戶數;三活扶助金乙級發給口數;三節生活扶助金乙級金額;三節生活扶助金丙級發給戶數;三節生活扶助金丙級發給口數;三節生活扶助金丙級金額,每月,政府資料開放授權條款-第1版,https://data.kcg.gov.tw/dataset/108support;https://data.kcg.gov.tw/dataset/108support;https://data.kcg.gov.tw/dataset/108support;https://data.kcg.gov.tw/dataset/108support;https://data.kcg.gov.tw/dataset/108support,2019/06/20 08:21,
104275,108年替代役役男家屬安家費及三節生活扶助金統計,高雄市政府民政局,服兵役,"行政區別,合計發給戶數,合計發給口數,合計金額,一次安家費小計發給戶數,一次安家費小計發給口數,一次安家費小計金額,一次安家費甲級發給戶數,一次安家費甲級發給口數,一次安家費甲級金額,一次安家費乙級發給戶數,一次安家費乙級發給口數,一次安家費乙級金額,一次安家費丙級發給戶數,一次安家費丙級發給口數,一次安家費丙級金額,三節生活扶助金小計發給戶數,三節生活扶助金小計發給口數,三節生活扶助金小計金額,三節生活扶助金甲級發給戶數,三節生活扶助金甲級發給口數,三節生活扶助金甲級金額,三節生活扶助金乙級發給戶數,三節生活扶助金乙級發給口數,三節生活扶助金乙級金額,三節生活扶助金丙級發給戶數,三節生活扶助金丙級發給口數,三節生活扶助金丙級金額","行政區別;合計發給戶數;合計發給口數;合計金額;一次安家費小計發給戶數;一次安家費小計發給口數;一次安家費小計金額;一次安家費甲級發給戶數;一次安家費甲級發給口數;一次安家費甲級金額;一次安家費乙級發給戶數;一次安家費乙級發給口數;一次安家費乙級金額;一次安家費丙級發給戶數;一次安家費丙級發給口數;一次安家費丙級金額;三節生活扶助金小計發給戶數;三節生活扶助金小計發給口數;三節生活扶助金小計金額;三節生活扶助金甲級發給戶數;三節生活扶助金甲級發給口數;三節生活扶助金甲級金額;三節生活扶助金乙級發給戶數;三活扶助金乙級發給口數;三節生活扶助金乙級金額;三節生活扶助金丙級發給戶數;三節生活扶助金丙級發給口數;三節生活扶助金丙級金額;行政區別,合計發給戶數,合計發給口數,合計金額,一次安家費小計發給戶數,一次安家費小計發給口數,一次安家費小計金額,一次安家費甲級發給戶數,一次安家費甲級發給口數,一次安家費甲級金額,一次安家費乙級發給戶數,一次安家費乙級發給口數,一次安家費乙級金額,一次安家費丙級發給戶數,一次安家費丙級發給口數,一次安家費丙級金額,三節生活扶助金小計發給戶數,三節生活扶助金小計發給口數,三節生活扶助金小計金額,三節生活扶助金甲級發給戶數,三節生活扶助金甲級發給口數,三節生活扶助金甲級金額,三節生活扶助金乙級發給戶數,三節生活扶助金乙級發給口數,三節生活扶助金乙級金額,三節生活扶助金丙級發給戶數,三節生活扶助金丙級發給口數,三節生活扶助金丙級金額",每月,政府資料開放授權條款-第1版,https://data.kcg.gov.tw/dataset/108support2;https://data.kcg.gov.tw/dataset/108support2;https://data.kcg.gov.tw/dataset/108support2;https://data.kcg.gov.tw/dataset/108support2;https://data.kcg.gov.tw/dataset/108support2,2019/06/18 08:03,
104389,108年列管後備軍人動態統計表,高雄市政府民政局,服兵役,"軍階役别,上月列管人數,增加數小計,增加數退伍報到,增加數停役報到,增加數零退報到,增加數遷入,增加數轉役入,增加數其他,減少數小計,減少數遷出,減少數志願服役,減少數轉役出,減少數免役,減少數回役,減少數除役,減少數禁役,減少數死亡,減少數其他,本月列管人數,本月中出國,本月中失蹤人口,本月中失蹤撤銷,本月中回國,本月中區內住變","軍階役别,上月列管人數,增加數小計,增加數退伍報到,增加數停役報到,增加數零退報到,增加數遷入,增加數轉役入,增加數其他,減少數小計,減少數遷出,減少數志願服役,減少數轉役出,減少數免役,減少數回役,減少數除役,減少數禁役,減少數死亡,減少數其他,本月列管人數,本月中出國,本月中失蹤人口,本月中失蹤撤銷,本月中回國,本月中區內住變",每月,政府資料開放授權條款-第1版,https://data.kcg.gov.tw/dataset/108reserve;https://data.kcg.gov.tw/dataset/108reserve;https://data.kcg.gov.tw/dataset/108reserve;https://data.kcg.gov.tw/dataset/108reserve;https://data.kcg.gov.tw/dataset/108reserve,2019/06/10 09:45,
104235,高雄市政府商業登記設立清冊,高雄市政府經濟發展局,公共資訊,高雄市政府商業登記設立清冊,設立核准日期;核准文號;統一編號;商業名稱;商業地址;組織種類;主營業項目;登記資本額;負責人姓名;負責人出資額,每月,政府資料開放授權條款-第1版,https://data.kcg.gov.tw/dataset/0000000000,2019/06/28 07:28,
104236,高雄市政府商業登記歇業清冊,高雄市政府經濟發展局,公共資訊,高雄市政府商業登記歇業清冊,"歇業核准日期;核准文號,統一編號;商業名稱;商業地址;組織種類;主營業項目;登記資本額;負責人姓名;負責人出資額",每月,政府資料開放授權條款-第1版,https://data.kcg.gov.tw/dataset/0000000002,2019/06/28 07:27,
104237,高雄市政府公司登記設立清冊,高雄市政府經濟發展局,公共資訊,高雄市政府公司登記設立清冊,統一編號;公司名稱;公司地址;負責人;實收資本額;核准設立日期;文號,每月,政府資料開放授權條款-第1版,https://data.kcg.gov.tw/dataset/0000000,2019/06/28 06:57,
104238,高雄市政府公司登記解散清冊,高雄市政府經濟發展局,公共資訊,高雄市政府公司登記解散清冊,統一編號;公司名稱;公司地址;解撤狀態;解撤編號;負責人;實收資本額;核准解散日期;文號,每月,政府資料開放授權條款-第1版,https://data.kcg.gov.tw/dataset/00000000,2019/06/28 06:56,
104234,高雄市政府108年高雄市民向市長索取中堂輓額（含電子輓額）統計表,高雄市政府行政暨國際處,生命禮儀,高雄市政府108年市民以寄信或親送及網路方式請託,區域;中堂小計;男輓額;女輓額;小計;備註,每月,政府資料開放授權條款-第1版,https://data.kcg.gov.tw/dataset/108mayor-v3;https://data.kcg.gov.tw/dataset/108mayor-v3;https://data.kcg.gov.tw/dataset/108mayor-v3;https://data.kcg.gov.tw/dataset/108mayor-v3;https://data.kcg.gov.tw/dataset/108mayor-v3;https://data.kcg.gov.tw/dataset/108mayor-v3,2019/06/28 10:02,
104269,107高雄市一般旅館業督導管理,高雄市政府觀光局,休閒旅遊,一般旅館業督導管理,類別;業務檢查;限期改善;罰 鍰;停 業,每月,政府資料開放授權條款-第1版,https://data.kcg.gov.tw/dataset/pg6,2019/06/19 02:03,
104270,106高雄市一般旅館業督導管理,高雄市政府觀光局,休閒旅遊,一般旅館業督導管理,類別;業務檢查;限期改善;罰 鍰;停 業,每月,政府資料開放授權條款-第1版,https://data.kcg.gov.tw/dataset/pg1,2019/06/19 01:42,
104241,高雄市107年A3交通事故資料,高雄市政府警察局,交通及通訊,發生日期 鄉鎮市區 街路 街路(交岔路),,每年,政府資料開放授權條款-第1版,https://data.kcg.gov.tw/dataset/107-a3-1,2019/06/27 03:32,
104242,高雄市105年A3交通事故資料,高雄市政府警察局,交通及通訊,發生日期 鄉鎮市區 街路 街路(交岔路),,每年,政府資料開放授權條款-第1版,https://data.kcg.gov.tw/dataset/105-a3-1,2019/06/27 02:19,
104245,高雄市106年A3交通事故資料,高雄市政府警察局,交通及通訊,發生日期 鄉鎮市區 街路 街路(交岔路),,每年,政府資料開放授權條款-第1版,https://data.kcg.gov.tw/dataset/106-a3,2019/06/26 07:48,
104249,高雄市拖吊保管場,高雄市政府警察局,交通及通訊,拖吊場名稱 拖吊場地址 電話,,每年,政府資料開放授權條款-第1版,https://data.kcg.gov.tw/dataset/kcg-towingfieldname,2019/06/24 03:35,
104250,高雄市警察(分)局暨所屬分駐(派出)所地址資料,高雄市政府警察局,公共資訊,中文單位名稱 英文單位名稱 郵遞區號 地址 電話 POINT_X POINT_Y,,每年,政府資料開放授權條款-第1版,https://data.kcg.gov.tw/dataset/kmph-address,2019/06/24 03:01,
104252,高雄市交通事故斑點圖,高雄市政府警察局,交通及通訊,交通事故斑點圖,交通事故類別,每月,政府資料開放授權條款-第1版,https://data.kcg.gov.tw/dataset/accident,2019/06/21 01:33,
104254,108年1月至4月高雄市苓雅區A3交通事故資料,高雄市政府警察局,交通及通訊,發生時間 發生地點 車種,,每季,政府資料開放授權條款-第1版,https://data.kcg.gov.tw/dataset/108-1-4-kcga3-11,2019/06/20 08:53,
104255,108年1月至4月高雄市前鎮區A3交通事故資料,高雄市政府警察局,交通及通訊,發生時間 發生地點 車種,,每季,政府資料開放授權條款-第1版,https://data.kcg.gov.tw/dataset/108-1-4-kcga3-10,2019/06/20 08:50,
104258,108年1月至4月高雄市阿蓮區A3交通事故資料,高雄市政府警察局,交通及通訊,發生時間 發生地點 車種,,每季,政府資料開放授權條款-第1版,https://data.kcg.gov.tw/dataset/108-1-4-kcga3-09,2019/06/20 01:28,
104259,108年1月至4月高雄市岡山區A3交通事故資料,高雄市政府警察局,交通及通訊,發生時間 發生地點 車種,,每季,政府資料開放授權條款-第1版,https://data.kcg.gov.tw/dataset/108-1-4-kcga3-08,2019/06/20 01:26,
104260,108年1月至4月高雄市田寮區A3交通事故資料,高雄市政府警察局,交通及通訊,發生時間 發生地點 車種,,每季,政府資料開放授權條款-第1版,https://data.kcg.gov.tw/dataset/108-1-4-kcga3-07,2019/06/20 01:24,
104261,108年1月至4月高雄市左營區A3交通事故資料,高雄市政府警察局,交通及通訊,發生時間 發生地點 車種,,每季,政府資料開放授權條款-第1版,https://data.kcg.gov.tw/dataset/108-1-4-kcga3-06,2019/06/20 01:21,
104262,108年1月至4月高雄市仁武區A3交通事故資料,高雄市政府警察局,交通及通訊,發生時間 發生地點 車種,,每季,政府資料開放授權條款-第1版,https://data.kcg.gov.tw/dataset/108-1-4-kcga3-05,2019/06/20 01:13,
104263,108年1月至4月高雄市小港區A3交通事故資料,高雄市政府警察局,交通及通訊,發生時間 發生地點 車種,,每季,政府資料開放授權條款-第1版,https://data.kcg.gov.tw/dataset/108-1-4-kcga3-04,2019/06/20 01:09,
104264,108年1月至4月高雄市大樹區A3交通事故資料,高雄市政府警察局,交通及通訊,發生時間 發生地點 車種,,每季,政府資料開放授權條款-第1版,https://data.kcg.gov.tw/dataset/108-1-4-kcga3-03,2019/06/20 01:04,
104265,108年1月至4月高雄市大社區A3交通事故資料,高雄市政府警察局,交通及通訊,發生時間 發生地點 車種,,每季,政府資料開放授權條款-第1版,https://data.kcg.gov.tw/dataset/108-1-4-kcga3-02,2019/06/20 01:01,
104266,108年1月至4月高雄市A3交通事故資料,高雄市政府警察局,交通及通訊,發生時間 發生地點 車種,,每季,政府資料開放授權條款-第1版,https://data.kcg.gov.tw/dataset/108-1-4-kcga3,2019/06/20 00:54,
104267,108年1月至4月高雄市三民區A3交通事故資料,高雄市政府警察局,交通及通訊,發生時間 發生地點 車種,,每季,政府資料開放授權條款-第1版,https://data.kcg.gov.tw/dataset/108-1-4-kcga3-01,2019/06/20 00:53,
104360,多元繳稅方式娛樂稅金額統計表,高雄市政府財政局,公共資訊,多元繳稅方式娛樂稅金額統計表,年度;繳費方式;稅目別;單位;金額,每月,政府資料開放授權條款-第1版,https://data.kcg.gov.tw/dataset/1080612029;https://data.kcg.gov.tw/dataset/1080612029,2019/06/12 06:25,
104361,多元繳稅方式契稅金額統計表,高雄市政府財政局,公共資訊,多元繳稅方式契稅金額統計表,年度;繳費方式;稅目別;單位;金額,每月,政府資料開放授權條款-第1版,https://data.kcg.gov.tw/dataset/1080612028;https://data.kcg.gov.tw/dataset/1080612028,2019/06/12 06:21,
104362,多元繳稅方式房屋稅金額統計表,高雄市政府財政局,公共資訊,多元繳稅方式房屋稅金額統計表,年度;繳費方式;稅目別;單位;金額,每月,政府資料開放授權條款-第1版,https://data.kcg.gov.tw/dataset/1080612027;https://data.kcg.gov.tw/dataset/1080612027,2019/06/12 06:18,
104363,多元繳稅方式使用牌照稅金額統計表,高雄市政府財政局,公共資訊,多元繳稅方式使用牌照稅金額統計表,年度;繳費方式;稅目別;單位;金額,每月,政府資料開放授權條款-第1版,https://data.kcg.gov.tw/dataset/1080612026;https://data.kcg.gov.tw/dataset/1080612026,2019/06/12 06:15,
104364,多元繳稅方式地價稅金額統計表,高雄市政府財政局,公共資訊,多元繳稅方式地價稅金額統計表,年度;繳費方式;稅目別;單位;金額,每月,政府資料開放授權條款-第1版,https://data.kcg.gov.tw/dataset/1080612025;https://data.kcg.gov.tw/dataset/1080612025,2019/06/12 06:10,
104365,多元繳稅方式印花稅金額統計表,高雄市政府財政局,公共資訊,多元繳稅方式印花稅金額統計表,年度;繳費方式;稅目別;單位;金額,每月,政府資料開放授權條款-第1版,https://data.kcg.gov.tw/dataset/1080612024;https://data.kcg.gov.tw/dataset/1080612024,2019/06/12 06:01,
104366,多元繳稅方式土地增值稅金額統計表,高雄市政府財政局,公共資訊,多元繳稅方式土地增值稅金額統計表,年度;繳費方式;稅目別;單位;金額,每月,政府資料開放授權條款-第1版,https://data.kcg.gov.tw/dataset/1080612023;https://data.kcg.gov.tw/dataset/1080612023,2019/06/12 05:55,
104367,多元繳稅方式娛樂稅件數統計表,高雄市政府財政局,公共資訊,多元繳稅方式娛樂稅件數統計表,年度;繳費方式;稅目別;件數,每月,政府資料開放授權條款-第1版,https://data.kcg.gov.tw/dataset/1080612022;https://data.kcg.gov.tw/dataset/1080612022,2019/06/12 03:55,
104368,多元繳稅方式使用牌照稅件數統計表,高雄市政府財政局,公共資訊,多元繳稅方式使用牌照稅件數統計表,年度;繳費方式;稅目別;件數,每月,政府資料開放授權條款-第1版,https://data.kcg.gov.tw/dataset/1080612019;https://data.kcg.gov.tw/dataset/1080612019,2019/06/12 03:48,
104369,多元繳稅方式印花稅件數統計表,高雄市政府財政局,公共資訊,多元繳稅方式印花稅件數統計表,年度;繳費方式;稅目別;件數,每月,政府資料開放授權條款-第1版,https://data.kcg.gov.tw/dataset/1080612017;https://data.kcg.gov.tw/dataset/1080612017,2019/06/12 03:46,
104370,多元繳稅方式房屋稅件數統計表,高雄市政府財政局,公共資訊,多元繳稅方式房屋稅件數統計表,年度;繳費方式;稅目別;件數,每月,政府資料開放授權條款-第1版,https://data.kcg.gov.tw/dataset/1080612020;https://data.kcg.gov.tw/dataset/1080612020,2019/06/12 03:44,
104371,多元繳稅方式契稅件數統計表,高雄市政府財政局,公共資訊,多元繳稅方式契稅件數統計表,年度;繳費方式;稅目別;件數,每月,政府資料開放授權條款-第1版,https://data.kcg.gov.tw/dataset/1080612021;https://data.kcg.gov.tw/dataset/1080612021,2019/06/12 03:43,
104372,多元繳稅方式地價稅件數統計表,高雄市政府財政局,公共資訊,多元繳稅方式地價稅件數統計表,年度;繳費方式;稅目別;件數,每月,政府資料開放授權條款-第1版,https://data.kcg.gov.tw/dataset/1080612018;https://data.kcg.gov.tw/dataset/1080612018,2019/06/12 03:21,
104373,多元繳稅方式土地增值稅件數統計表,高雄市政府財政局,公共資訊,多元繳稅方式土地增值稅件數統計表,年度;繳費方式;稅目別;件數 ;件數,每月,政府資料開放授權條款-第1版,https://data.kcg.gov.tw/dataset/1080612016;https://data.kcg.gov.tw/dataset/1080612016,2019/06/12 03:15,
104374,使用牌照稅開徵概況-按納稅義務人性別分,高雄市政府財政局,公共資訊,使用牌照稅開徵概況-按納稅義務人性別分,年度;性別;單位;納稅人數;納稅人數,每月,政府資料開放授權條款-第1版,https://data.kcg.gov.tw/dataset/1080612015;https://data.kcg.gov.tw/dataset/1080612015,2019/06/11 09:30,
104375,房屋稅開徵概況--按納稅義務人性別現值分,高雄市政府財政局,公共資訊,房屋稅開徵概況--按納稅義務人性別現值分,年度;年齡別;性別;單位;現值 ;現值,每月,政府資料開放授權條款-第1版,https://data.kcg.gov.tw/dataset/1080612014;https://data.kcg.gov.tw/dataset/1080612014,2019/06/11 09:27,
104376,房屋稅開徵概況--按納稅義務人性別面積分,高雄市政府財政局,公共資訊,房屋稅開徵概況--按納稅義務人性別面積分,年度;年齡別;性別;單位;面積,每月,政府資料開放授權條款-第1版,https://data.kcg.gov.tw/dataset/1080612013;https://data.kcg.gov.tw/dataset/1080612013,2019/06/11 09:25,
104377,房屋稅開徵概況--按納稅義務人性別戶數分,高雄市政府財政局,公共資訊,房屋稅開徵概況--按納稅義務人性別戶數分,,每月,政府資料開放授權條款-第1版,https://data.kcg.gov.tw/dataset/1080612012;https://data.kcg.gov.tw/dataset/1080612012,2019/06/11 09:21,
104378,地價稅開徵概況--按納稅義務人性別面積分,高雄市政府財政局,公共資訊,地價稅開徵概況--按納稅義務人性別面積分,年度;年齡別;性別;單位;面積 ;面積,每月,政府資料開放授權條款-第1版,https://data.kcg.gov.tw/dataset/1080612011;https://data.kcg.gov.tw/dataset/1080612011,2019/06/11 09:19,
104379,地價稅開徵概況--按納稅義務人性別查定稅額分,高雄市政府財政局,公共資訊,地價稅開徵概況--按納稅義務人性別查定稅額分,,每月,政府資料開放授權條款-第1版,https://data.kcg.gov.tw/dataset/1080612010;https://data.kcg.gov.tw/dataset/1080612010,2019/06/11 09:16,
104380,地價稅開徵概況--按納稅義務人性別地價分,高雄市政府財政局,公共資訊,地價稅開徵概況--按納稅義務人性別地價分,,每月,政府資料開放授權條款-第1版,https://data.kcg.gov.tw/dataset/1080612009;https://data.kcg.gov.tw/dataset/1080612009,2019/06/11 09:14,
104381,地價稅開徵概況--按納稅義務人性別戶數分,高雄市政府財政局,公共資訊,地價稅開徵概況--按納稅義務人性別戶數分,,每月,政府資料開放授權條款-第1版,https://data.kcg.gov.tw/dataset/1080612008;https://data.kcg.gov.tw/dataset/1080612008,2019/06/11 09:12,
104382,大客車及貨車使用牌照稅稅額表,高雄市政府財政局,公共資訊,大客車及貨車使用牌照稅稅額表,汽缸總排氣量（立方公分）;資料單位;大客車;貨車 ;貨車,每月,政府資料開放授權條款-第1版,https://data.kcg.gov.tw/dataset/1080612007;https://data.kcg.gov.tw/dataset/1080612007,2019/06/11 09:06,
104383,小客車使用牌照稅稅額表,高雄市政府財政局,公共資訊,小客車使用牌照稅稅額表,汽缸總排氣量;資料單位;自用稅額;營業用稅額;營業用稅額,每月,政府資料開放授權條款-第1版,https://data.kcg.gov.tw/dataset/1080612006;https://data.kcg.gov.tw/dataset/1080612006,2019/06/11 09:03,
104384,機車使用牌照稅稅額表,高雄市政府財政局,公共資訊,機車使用牌照稅稅額表,汽缸總排氣量;資料單位;稅額,每月,政府資料開放授權條款-第1版,https://data.kcg.gov.tw/dataset/1080612005;https://data.kcg.gov.tw/dataset/1080612005,2019/06/11 09:01,
104385,完全以電能為動力之電動貨車使用牌照稅稅額表,高雄市政府財政局,公共資訊,完全以電能為動力之電動貨車使用牌照稅稅額表,英制馬力;公制馬力;資料單位;稅額;稅額,每月,政府資料開放授權條款-第1版,https://data.kcg.gov.tw/dataset/1080612004;https://data.kcg.gov.tw/dataset/1080612004,2019/06/11 08:59,
104386,完全以電能為動力之電動大客車使用牌照稅稅額表,高雄市政府財政局,公共資訊,完全以電能為動力之電動大客車使用牌照稅稅額表,英制馬力;公制馬力;資料單位;稅額 ;稅額,每月,政府資料開放授權條款-第1版,https://data.kcg.gov.tw/dataset/1080612003;https://data.kcg.gov.tw/dataset/1080612003,2019/06/11 08:56,
104387,完全以電能為動力之電動小客車使用牌照稅稅額表,高雄市政府財政局,公共資訊,完全以電能為動力之電動小客車使用牌照稅稅額表,英制馬力;公制馬力;資料單位;自用;營業用;營業用,每月,政府資料開放授權條款-第1版,https://data.kcg.gov.tw/dataset/1080612002;https://data.kcg.gov.tw/dataset/1080612002,2019/06/11 08:54,
104388,完全以電能為動力之電動機車使用牌照稅稅額表,高雄市政府財政局,公共資訊,完全以電能為動力之電動機車使用牌照稅稅額表,英制馬力;公制馬力;資料單位;稅額;稅額,每月,政府資料開放授權條款-第1版,https://data.kcg.gov.tw/dataset/1080612001;https://data.kcg.gov.tw/dataset/1080612001,2019/06/11 08:51,
104243,108年6月份高雄市疫病蟲害主動調查監測-瓜實蠅蟲數資料,高雄市政府農業局,公共資訊,"地區,編號,蟲數,調查起日,調查迄日,週遭作物","地區,編號,蟲數,調查起日,調查迄日,週遭作物",每月,政府資料開放授權條款-第1版,https://data.kcg.gov.tw/dataset/108-6,2019/06/26 09:07,
104244,108年6月份高雄市疫病蟲害主動調查監測-東方果實蠅蟲數資料表,高雄市政府農業局,公共資訊,108年6月份高雄市疫病蟲害主動調查監測-東方果實蠅蟲數資料表,"地區,編號,蟲數,調查起日,調查迄日,週遭作物",每月,政府資料開放授權條款-第1版,https://data.kcg.gov.tw/dataset/b108-6,2019/06/26 09:06,
