資料集識別碼,資料集名稱,提供機關,服務分類,資料集描述,主要欄位說明,更新頻率,授權方式,相關網址,上架日期,備註
104043,108年度黨團補助第2季季報表,立法院,公共資訊,各機關公款補助團體私人情形季報表,,每季,政府資料開放授權條款-第1版,,2019/06/26 00:00,
103808,新創圓夢網-青年創業個案,經濟部中小企業處,開創事業,新創圓夢網創業亮點個案,公司名稱;個案照片;統一編號;屬性;詳細照片;成立時間;負責人;所在縣市;連絡電話;經營項目;建立時間;修改時間,即時,政府資料開放授權條款-第1版,,2019/06/26 00:00,
104058,106年度臺中市地方總決算附屬單位決算及綜計表-營業基金-財務摘要綜計表,臺中市政府主計處,公共資訊,106年度臺中市地方總決算附屬單位決算及綜計表-營業基金-財務摘要綜計表,項目;本年度決算數;上年度決算數;比較增減數;比較增減百分比,每年,政府資料開放授權條款-第1版,,2019/06/26 13:07,單位：新臺幣元
104059,106年度臺中市地方總決算附屬單位決算及綜計表-營業基金-損益綜計表(依收支科目分列),臺中市政府主計處,公共資訊,106年度臺中市地方總決算附屬單位決算及綜計表-營業基金-損益綜計表(依收支科目分列),上年度決算數金額;上年度決算數百分比;科目;本年度預算數金額;本年度預算數百分比;本年度決算數金額;本年度決算數百分比;本年度增減金額;本年度增減百分比,每年,政府資料開放授權條款-第1版,,2019/06/26 13:09,單位：新臺幣元
104060,106年度臺中市地方總決算附屬單位決算及綜計表-營業基金-損益綜計表(依基金別分列),臺中市政府主計處,公共資訊,106年度臺中市地方總決算附屬單位決算及綜計表-營業基金-損益綜計表(依基金別分列),科目;合計金額;合計百分比;豐原農產品股份有限公司金額;豐原農產品股份有限公司百分比;臺中捷運股份有限公司金額;臺中捷運股份有限公司百分比,每年,政府資料開放授權條款-第1版,,2019/06/26 13:31,單位：新臺幣元
104061,106年度臺中市地方總決算附屬單位決算及綜計表-營業基金-盈虧撥補綜計表(依撥補項目分列),臺中市政府主計處,公共資訊,106年度臺中市地方總決算附屬單位決算及綜計表-營業基金-盈虧撥補綜計表(依撥補項目分列),上年度決算數金額;上年度決算數百分比;科目;本年度預算數金額;本年度預算數百分比;本年度決算數金額;本年度決算數百分比;本年度比較增減金額;本年度比較增減百分比,每年,政府資料開放授權條款-第1版,,2019/06/26 13:33,單位：新臺幣元
104062,106年度臺中市地方總決算附屬單位決算及綜計表-營業基金-盈虧撥補綜計表(依基金別分列),臺中市政府主計處,公共資訊,106年度臺中市地方總決算附屬單位決算及綜計表-營業基金-盈虧撥補綜計表(依基金別分列),項目;合計金額;合計百分比;豐原農產品股份有限公司金額;豐原農產品股份有限公司百分比;臺中捷運股份有限公司金額;臺中捷運股份有限公司百分比,每年,政府資料開放授權條款-第1版,,2019/06/26 13:34,單位：新臺幣元
104063,106年度臺中市地方總決算附屬單位決算及綜計表-營業基金-現金流量綜計表(依現金流量項目分列),臺中市政府主計處,公共資訊,106年度臺中市地方總決算附屬單位決算及綜計表-營業基金-現金流量綜計表(依現金流量項目分列),項目;預算數;決算數;比較增減數金額;比較增減數百分比,每年,政府資料開放授權條款-第1版,,2019/06/26 13:35,單位：新臺幣元
104064,106年度臺中市地方總決算附屬單位決算及綜計表-營業基金-現金流量綜計表(依基金別分列),臺中市政府主計處,公共資訊,106年度臺中市地方總決算附屬單位決算及綜計表-營業基金-現金流量綜計表(依基金別分列),項目;合計;豐原農產品股份有限公司;臺中捷運股份有限公司,每年,政府資料開放授權條款-第1版,,2019/06/26 13:37,單位：新臺幣元
104065,106年度臺中市地方總決算附屬單位決算及綜計表-營業基金-資產負債綜計表(依科目別分列),臺中市政府主計處,公共資訊,106年度臺中市地方總決算附屬單位決算及綜計表-營業基金-資產負債綜計表(依科目別分列),科目;本年度決算數金額;本年度決算數百分比;上年度決算數金額;上年度決算數百分比;比較增減金額;比較增減百分比,每年,政府資料開放授權條款-第1版,,2019/06/26 13:38,單位：新臺幣元
104067,106年度臺中市地方總決算附屬單位決算及綜計表-作業基金-收支餘絀綜計表(依收支科目分列),臺中市政府主計處,公共資訊,106年度臺中市地方總決算附屬單位決算及綜計表-作業基金-收支餘絀綜計表(依收支科目分列),科目;預算數金額;預算數百分比;決算數金額;決算數百分比;比較增減金額;比較增減百分比,每年,政府資料開放授權條款-第1版,,2019/06/26 13:46,單位：新臺幣元
104069,106年度臺中市地方總決算附屬單位決算及綜計表-作業基金-收支餘絀綜計表(依基金別分列),臺中市政府主計處,公共資訊,106年度臺中市地方總決算附屬單位決算及綜計表-作業基金-收支餘絀綜計表(依基金別分列),科目;合計金額;合計百分比;臺中市政府公教人員住宅及福利委員會金額;臺中市政府公教人員住宅及福利委員會百分比;臺中市公有停車場基金金額;臺中市公有停車場基金百分比;臺中市管線工程統一挖補作業基金金額;臺中市管線工程統一挖補作業基金百分比;臺中市都市更新及都市發展建設基金金額;臺中市都市更新及都市發展建設基金百分比;臺中市醫療作業基金金額;臺中市醫療作業基金百分比;臺中市市地重劃基金金額;臺中市市地重劃基金百分比;臺中市實施平均地權基金金額;臺中市實施平均地權基金百分比;臺中市區段徵收作業基金金額;臺中市區段徵收作業基金百分比;臺中市工業區開發管理基金金額;臺中市工業區開發管理基金百分比;臺中市住宅基金金額;臺中市住宅基金百分比,每年,政府資料開放授權條款-第1版,,2019/06/26 14:11,單位：新臺幣元
104070,106年度臺中市地方總決算附屬單位決算及綜計表-作業基金-餘絀撥補綜計表(依撥補項目分列),臺中市政府主計處,公共資訊,106年度臺中市地方總決算附屬單位決算及綜計表-作業基金-餘絀撥補綜計表(依撥補項目分列),項目;預算數金額;預算數百分比;決算數金額;決算數百分比;比較增減金額;比較增減百分比,每年,政府資料開放授權條款-第1版,,2019/06/26 14:13,單位：新臺幣元
104071,106年度臺中市地方總決算附屬單位決算及綜計表-營業基金-資產負債綜計表(依基金別分列),臺中市政府主計處,公共資訊,106年度臺中市地方總決算附屬單位決算及綜計表-營業基金-資產負債綜計表(依基金別分列),科目;合計金額;合計百分比;豐原農產品股份有限公司金額;豐原農產品股份有限公司百分比;臺中捷運股份有限公司金額;臺中捷運股份有限公司百分比,每年,政府資料開放授權條款-第1版,,2019/06/26 14:16,單位：新臺幣元
104072,106年度臺中市地方總決算附屬單位決算及綜計表-作業基金-現金流量綜計表(依現金流量項目分列),臺中市政府主計處,公共資訊,106年度臺中市地方總決算附屬單位決算及綜計表-作業基金-現金流量綜計表(依現金流量項目分列),項目;預算數;決算數;比較增減金額;比較增減百分比,每年,政府資料開放授權條款-第1版,,2019/06/26 14:29,單位：新臺幣元
104073,106年度臺中市地方總決算附屬單位決算及綜計表-作業基金-餘絀撥補綜計表(依基金別分列),臺中市政府主計處,公共資訊,106年度臺中市地方總決算附屬單位決算及綜計表-作業基金-餘絀撥補綜計表(依基金別分列),項目;合計金額;合計百分比;臺中市政府公教人員住宅及福利委員會金額;臺中市政府公教人員住宅及福利委員會百分比;臺中市公有停車場基金金額;臺中市公有停車場基金百分比;臺中市管線工程統一挖補作業基金金額;臺中市管線工程統一挖補作業基金百分比;臺中市都市更新及都市發展建設基金金額;臺中市都市更新及都市發展建設基金百分比;臺中市醫療作業基金金額;臺中市醫療作業基金百分比;臺中市市地重劃基金金額;臺中市市地重劃基金百分比;臺中市實施平均地權基金金額;臺中市實施平均地權基金百分比;臺中市區段徵收作業基金金額;臺中市區段徵收作業基金百分比;臺中市工業區開發管理基金金額;臺中市工業區開發管理基金百分比;臺中市住宅基金金額;臺中市住宅基金百分比,每年,政府資料開放授權條款-第1版,,2019/06/26 14:42,單位：新臺幣元
104074,106年度臺中市地方總決算附屬單位決算及綜計表-作業基金-現金流量綜計表(依基金別分列),臺中市政府主計處,公共資訊,106年度臺中市地方總決算附屬單位決算及綜計表-作業基金-現金流量綜計表(依基金別分列),項目;合計;臺中市政府公教人員住宅及福利委員會;臺中市公有停車場基金;臺中市管線工程統一挖補作業基金;臺中市都市更新及都市發展建設基金;臺中市醫療作業基金;臺中市市地重劃基金;臺中市實施平均地權基金;臺中市區段徵收作業基金;臺中市工業區開發管理基金;臺中市住宅基金,每年,政府資料開放授權條款-第1版,,2019/06/26 14:43,單位：新臺幣元
104075,106年度臺中市地方總決算附屬單位決算及綜計表-作業基金-平衡綜計表(依科目分列),臺中市政府主計處,公共資訊,106年度臺中市地方總決算附屬單位決算及綜計表-作業基金-平衡綜計表(依科目分列),科目;本年度決算數金額;本年度決算數百分比;上年度決算數金額;上年度決算數百分比;比較增減金額;比較增減百分比,每年,政府資料開放授權條款-第1版,,2019/06/26 14:44,單位：新臺幣元
104076,106年度臺中市地方總決算附屬單位決算及綜計表-作業基金-平衡綜計表(依基金別分列),臺中市政府主計處,公共資訊,106年度臺中市地方總決算附屬單位決算及綜計表-作業基金-平衡綜計表(依基金別分列),"科目;合計金額;合計百分比;臺中市政府公教人員住宅及福利委員會金額;臺中市政府公教人員住宅及福利委員會百分比;臺中市公有停車場基金金額;臺中市公有停車場基金百分比;臺中市管線工程統一挖補作業基金金額;臺中市管線工程統一挖補作業基金百分比;臺中市都市更新及都市發展建設基金金額;臺中市都市更新及都市發展建設基金百分比;臺中市醫療作業基金金額,臺中市醫療作業基金百分比;臺中市市地重劃基金金額;臺中市市地重劃基金百分比;臺中市實施平均地權基金金額;臺中市實施平均地權基金百分比;臺中市區段徵收作業基金金額;臺中市區段徵收作業基金百分比;臺中市工業區開發管理基金金額;臺中市工業區開發管理基金百分比;臺中市住宅基金金額;臺中市住宅基金百分比",每年,政府資料開放授權條款-第1版,,2019/06/26 14:44,單位：新臺幣元
104077,106年度臺中市地方總決算附屬單位決算及綜計表-特別收入基金-基金來源用途及餘絀綜計表(來源用途及餘絀,臺中市政府主計處,公共資訊,106年度臺中市地方總決算附屬單位決算及綜計表-特別收入基金-基金來源用途及餘絀綜計表(來源用途及餘絀,基金別;可用基金來源預算數;可用基金用途預算數;可用本期賸餘或短絀預算數;基金來源決算數;基金用途決算數;本期賸餘或短絀決算數;決算數與可用基金來源預算數比較;決算數與可用基金用途預算數比較;決算數與可用本期賸餘或短絀預算數比較;期初基金餘額;解繳公庫;期末基金餘額,每年,政府資料開放授權條款-第1版,,2019/06/26 14:46,單位：新臺幣元
104078,106年度臺中市地方總決算附屬單位決算及綜計表-特別收入基金-現金流量綜計表(依現金流量項目分列),臺中市政府主計處,公共資訊,106年度臺中市地方總決算附屬單位決算及綜計表-特別收入基金-現金流量綜計表(依現金流量項目分列),項目;預算數;決算數;比較增減金額; 比較增減百分比,每年,政府資料開放授權條款-第1版,,2019/06/26 14:47,單位：新臺幣元
104079,106年度臺中市地方總決算附屬單位決算及綜計表-特別收入基金-現金流量綜計表(依基金別分列),臺中市政府主計處,公共資訊,106年度臺中市地方總決算附屬單位決算及綜計表-特別收入基金-現金流量綜計表(依基金別分列),項目;合計;臺中市環境保護基金;臺中市農業發展基金;臺中市動物福利基金;臺中市身心障礙者就業基金;臺中市勞工權益基金;臺中市公益彩券盈餘分配基金;臺中市地方教育發展基金;臺中市產業發展基金;臺中市自辦市地重劃地區管理維護基金,每年,政府資料開放授權條款-第1版,,2019/06/26 14:48,單位：新臺幣元
104080,106年度臺中市地方總決算附屬單位決算及綜計表-特別收入基金-平衡綜計表(依科目分列),臺中市政府主計處,公共資訊,106年度臺中市地方總決算附屬單位決算及綜計表-特別收入基金-平衡綜計表(依科目分列),科目;本年度決算數金額;本年度決算數百分比;上年度決算數金額;上年度決算數百分比;比較增減金額;比較增減百分比,每年,政府資料開放授權條款-第1版,,2019/06/26 14:49,單位：新臺幣元
104081,106年度臺中市地方總決算附屬單位決算及綜計表-特別收入基金-平衡綜計表(依基金別分列),臺中市政府主計處,公共資訊,106年度臺中市地方總決算附屬單位決算及綜計表-特別收入基金-平衡綜計表(依基金別分列),科目;合計金額;合計百分比;臺中市環境保護基金金額;臺中市環境保護基金百分比;臺中市農業發展基金金額;臺中市農業發展基金百分比;臺中市動物福利基金金額;臺中市動物福利基金百分比;臺中市身心障礙者就業基金金額;臺中市身心障礙者就業基金百分比;臺中市勞工權益基金金額;臺中市勞工權益基金百分比;臺中市公益彩券盈餘分配基金金額;臺中市公益彩券盈餘分配基金百分比;臺中市地方教育發展基金金額;臺中市地方教育發展基金百分比;臺中市產業發展基金金額;臺中市產業發展基金百分比;臺中市自辦市地重劃地區管理維護基金金額;臺中市自辦市地重劃地區管理維護基金百分比,每年,政府資料開放授權條款-第1版,,2019/06/26 14:50,單位：新臺幣元
104121,共融式遊戲場資訊,臺北市政府社會局,公共資訊,共融式遊戲場資訊,location;district;address;longitude;latitude;link,每月,政府資料開放授權條款-第1版,,2019/06/26 20:22,
104118,test,臺北市政府資訊局,公共資訊,test,test,每日,政府資料開放授權條款-第1版,,2017/07/31 00:00,
103534,上市公司資本變動統計表_New,金融監督管理委員會,投資理財,初次上市公司之家數、金額，上市公司現金增資、盈餘轉增資、資本公積轉增資、合併增資、減資、終止上市之家數、金額之統計,年度;初次上市家數;初次上市面額;現金增資家次;現金增資面額;盈餘轉增資家次;盈餘轉增資面額;資本公積轉增資家次;資本公積轉增資面額;合併增資家次;合併增資面額;其他家次;其他面額;減資家次;減資面額;終止上市家次;終止上市面額,每月,政府資料開放授權條款-第1版,,2019/06/27 00:00,授權說明網址: http://data.gov.tw/license
103536,上櫃公司資本變動統計表_NEW,金融監督管理委員會,投資理財,次上櫃公司之家數、金額，上櫃公司現金增資、盈餘轉增資、資本公積轉增資、合併增資、減資、終止上櫃之家數、金額之統計,年度;初次上櫃家次;初次上櫃面額;現金增資家次;現金增資面額;盈餘轉增資家次;盈餘轉增資面額;資本公積轉增資家次;資本公積轉增資面額;合併增資家次;合併增資面額;其他增資家次;其他增資面額;減資家次;減資面額;終止上櫃家次;終止上櫃面額;合計數,每月,政府資料開放授權條款-第1版,,2019/06/27 00:00,授權說明網址: http://data.gov.tw/license
103537,興櫃股票發行及資本變動統計表_NEW,金融監督管理委員會,投資理財,興櫃股票初次登錄之家數、金額，興櫃股票現金增資、盈餘轉增資、資本公積轉增資、合併增資、減資、終止櫃檯買賣之家數、金額之統計,年度;興櫃家數;興櫃櫃檯買賣面值;興櫃成長率;興櫃櫃檯買賣市值;初次登錄家數;初次登錄金額;增資股票現金增資家次;增資股票現金增資金額;增資股票盈餘轉增資家次;增資股票盈餘轉增資金額;櫃檯買賣資本公積轉增資家次;櫃檯買賣資本公積轉增資金額;櫃檯買賣合併增資家次;櫃檯買賣合併增資金額;櫃檯買賣其他家次;櫃檯買賣其他金額;減資家次;減資金額;終止櫃檯家次;終止櫃檯金額;資本變動合計數,每月,政府資料開放授權條款-第1版,,2019/06/27 00:00,授權說明網址: http://data.gov.tw/license
103538,債券發行概況表_NEW,金融監督管理委員會,投資理財,政府債券、金融債券、受益證券、普通公司債、附股權公司債、轉(交)換公司債、外國債券、國際債券之期數與淨額之統計,年度;政府債券期數;政府債券淨額;金融債券期數;金融債券淨額;受益證券期數;受益證券淨額;普通公司債期數;普通公司債淨額;附股權公司債期數;附股權公司債淨額;轉交換公司債期數;轉交換公司債淨額6;公司債合計淨額;外國債券期數;外國債券淨額;國際債券期數;國際債券淨額,每月,政府資料開放授權條款-第1版,,2019/06/27 00:00,授權說明網址: http://data.gov.tw/license
103539,公開發行公司海外有價證券發行概況統計表_NEW,金融監督管理委員會,投資理財,海外存託憑證發行新股參與發行、原有股東持股參與發行、海外公司債之核准件數、金額之統計,年度;GDR_ADR_發行新股參與發行_核准件數;GDR_ADR_發行新股參與發行_核准金額;GDR_ADR_原有股東持股參與發行_核准件數;GDR_ADR_原有股東持股參與發行_核准金額;海外公司債_核准件數;海外公司債_核准金額_美元;海外公司債_核准金額_瑞士法郎;海外公司債_核准金額_日圓,每月,政府資料開放授權條款-第1版,,2019/06/27 00:00,授權說明網址: http://data.gov.tw/license
103540,中市場認購(售)權證發行概況統計表_NEW,金融監督管理委員會,投資理財,集中市場認購(售)權證已取得發行人資格家數、新發行權證數、上市權證數、上市單位數、市值、成交量、成交值之統計,年度;已取得發行人資格家數;新發行權證數;上市權證數;上市單位數;市值;成交量;成交值,每月,政府資料開放授權條款-第1版,,2019/06/27 00:00,授權說明網址: http://data.gov.tw/license
103541,證券投資信託基金發行概況表-依基金類型分類_NEW,金融監督管理委員會,投資理財,投資國內外有價證券、投資國外貨幣市場、指數股票型在國內外募集之淨資產總值、基金數之統計,年度;開放型-投資國內有價證券-在國內募集-基金數;開放型-投資國內有價證券-在國內募集-淨資產總值;開放型-投資國內有價證券-在國外募集-基金數;開放型-投資國內有價證券-在國外募集-淨資產總值;開放型-投資國外有價證券-在國內募集-基金數;開放型-投資國外有價證券-在國內募集-淨資產總值;開放型-投資國內外有價證券-在國內募集-基金數;開放型-投資國內外有價證券-在國內募集-淨資產總值;封閉型-投資國內有價證券-在國內募集-基金數;封閉型-投資國內有價證券-在國內募集-淨資產總值;貨幣巿場型-投資國外貨幣市場-在國內募集-基金數;貨幣巿場型-投資國外貨幣市場-在國內募集-淨資產總值;貨幣巿場型-投資國內外貨幣市場-在國內募集-基金數;貨幣巿場型-投資國內外貨幣市場-在國內募集-淨資產總值;貨幣巿場型-投資國內貨幣巿場-在國內募集-基金數;貨幣巿場型-投資國內貨幣巿場-在國內募集-淨資產總值;指數股票型-投資國內有價證券-在國內募集-基金數;指數股票型-投資國內有價證券-在國內募集-淨資產總值;指數股票型-投資國內外有價證券-在國內募集-基金數;指數股票型-投資國內外有價證券-在國內募集-淨資產總值;指數股票型-投資國外有價證券-在國內募集-基金數;指數股票型-投資國外有價證券-在國內募集-淨資產總值,每月,政府資料開放授權條款-第1版,,2019/06/27 00:00,授權說明網址: http://data.gov.tw/license
103542,證券投資信託基金發行概況表-依基金投資標的分類_NEW,金融監督管理委員會,投資理財,股票型、固定收益型、平衡型、組合型、指數股票型、保本型、指數型、不動產證券化型、貨幣市場基金之基金數及淨資產總值之統計,年度;股票型基金數;股票型淨資產價值;固定收益型基金數;固定收益型淨資產價值;平衡型基金數;平衡型淨資產價值;多重資產型基金數;多重資產型資產價值;指數型基金數;指數型淨資產價值;指數股票型基金數;指數股票型淨資產價值;組合型基金數;組合型淨資產價值;保本型基金數;保本型淨資產價值;貨幣市場基金基金數;貨幣市場基金淨資產價值;其他類型基金數;其他類型淨資產價值,每月,政府資料開放授權條款-第1版,,2019/06/27 00:00,授權說明網址: http://data.gov.tw/license
103543,證券投資信託基金發行概況表-境外基金國人投資概況_NEW,金融監督管理委員會,投資理財,股票型、固定收益型、平衡型、貨幣型、組合型、指數股票型(ETF)、其他之基金數及國內投資人持有金額之統計,年月;股票型基金數;股票型國內投資人持有金額;固定收益型基金數;固定收益型國內投資人持有金額;平衡型基金數;平衡型國內投資人持有金額;貨幣市場型基金數;貨幣市場型國內投資人持有金額;組合型基金數;組合型國內投資人持有金額;指數股票型ETF基金數;指數股票型ETF國內投資人持有金額;其他基金數;其他國內投資人持有金額,每月,政府資料開放授權條款-第1版,,2019/06/27 00:00,授權說明網址: http://data.gov.tw/license
103544,集中市場證券總成交值概況表_NEW,金融監督管理委員會,投資理財,集中市場證券總成交值、成長率、成交筆數，包括股票、指數股票型基金、封閉式基金、受益證券、認購(售)權證、臺灣存託憑證、公債、普通公司債、轉換公司債之金額之統計,年度;總成交值;成長率;成交筆數;日平均值;成交金額_股票;成交金額_指股基金;成交金額_封閉式基金;成交金額_受益證券;成交金額_認購_售權證;成交金額_臺灣存託憑證;成交金額_公債;成交金額_公司債普通;成交金額_公司債轉換,每月,政府資料開放授權條款-第1版,,2019/06/27 00:00,授權說明網址: http://data.gov.tw/license
103545,集中市場股票交易概況表_NEW,金融監督管理委員會,投資理財,集中市場股票交易總成交值、成交量、日平均值、交易日數、交易所股價指數(月平均)、交易人數之統計,年度;總成交金額_十億元;成交量_十億股;日平均值;交易日數;交易所股價指數_月平均;交易人數,每月,政府資料開放授權條款-第1版,,2019/06/27 00:00,授權說明網址: http://data.gov.tw/license
103546,上市櫃證券借券交易及借券賣出統計表_NEW,金融監督管理委員會,投資理財,上市櫃證券借券交易及借券賣出統計表,Year;借券交易_成交值;借券交易_占市場成交值_比重;借券交易_成交量;借券交易_占市場成交量_比重;借券_成交值;借券_占市場成交值_比重;賣出_成交值;賣出_占市場成交值_比重;借券餘額_市值;借券餘額_股數;借券賣出餘額_股數,每月,政府資料開放授權條款-第1版,,2019/06/27 00:00,授權說明網址: http://data.gov.tw/license
103547,上市證券信用交易值分析表_NEW,金融監督管理委員會,投資理財,上市證券信用交易值分析表,年度;總成交值;融資交易;融資交易除以2倍總成交值;融券交易;融券交易除以2倍總成交值;信用交易;信用交易除以2倍總成交值;資券相抵;資券相抵除以2倍總成交值;融資餘額;融券餘額_股,每月,政府資料開放授權條款-第1版,,2019/06/27 00:00,授權說明網址: http://data.gov.tw/license
103548,上櫃證券信用交易值分析表_NEW,金融監督管理委員會,投資理財,上櫃證券信用交易值分析表,年度;總成交值;融資交易;融資交易除以2倍總成交值;融券交易;融券交易除以2倍總成交值;信用交易;信用交易除以2倍總成交值;資券相抵;資券相抵除以2倍總成交值;融資餘額;融券餘額_股,每月,政府資料開放授權條款-第1版,,2019/06/27 00:00,授權說明網址: http://data.gov.tw/license
103907,國內期貨及選擇權契約交易概況表_NEW,金融監督管理委員會,投資理財,國內期貨及選擇權契約交易概況表,年度;期貨自營帳戶_買進;期貨自營帳戶_賣出;期貨經紀帳戶_買進;期貨經紀帳戶_賣出;成交契約總數;未沖銷契約數,每月,政府資料開放授權條款-第1版,,2019/06/27 00:00,授權說明網址: http://data.gov.tw/license
103909,國內個別期貨契約交易概況明細表_NEW,金融監督管理委員會,投資理財,國內個別期貨契約交易概況明細表,年度;國內股價指數期貨_臺股指數期貨;國內股價指數期貨_小型臺股指數期貨;國內股價指數期貨_國內其他指數期貨;國外股價指數期貨;股票期貨;匯率期貨;黃金期貨;利率類期貨;合計;未沖銷契約數,每月,政府資料開放授權條款-第1版,,2019/06/27 00:00,授權說明網址: http://data.gov.tw/license
103910,國內個別選擇權契約交易概況明細表_NEW,金融監督管理委員會,投資理財,國內個別選擇權契約交易概況明細表,年度;股價指數選擇權_臺指選擇權;股價指數選擇權_其他指數選擇權;股票選擇權;匯率選擇權;黃金選擇權;合計;未沖銷契約數,每月,政府資料開放授權條款-第1版,,2019/06/27 00:00,授權說明網址: http://data.gov.tw/license
103912,國內選擇權契約交易概況明細表_NEW,金融監督管理委員會,投資理財,國內選擇權契約交易概況明細表,年度1;證券自營帳戶_買進;證券自營帳戶_賣出;證券投信帳戶_買進;證券投信帳戶_賣出;外國機構投資人_買進;外國機構投資人_賣出;年度2;期貨經理事業及信託基金_買進;期貨經理事業及信託基金_賣出;其他法人_買進;其他法人_賣出;自然人_買進;自然人_賣出,每月,政府資料開放授權條款-第1版,,2019/06/27 00:00,授權說明網址: http://data.gov.tw/license
103918,國內期貨契約交易概況表 _NEW,金融監督管理委員會,投資理財,國內期貨契約交易概況表,年度;期貨自營帳戶_買進;期貨自營帳戶_賣出;期貨經紀帳戶_買進;期貨經紀帳戶_賣出;成交契約總數;未沖銷契約數,每月,政府資料開放授權條款-第1版,,2019/06/27 00:00,授權說明網址: http://data.gov.tw/license
103920,國內期貨契約交易概況明細表_NEW,金融監督管理委員會,投資理財,國內期貨契約交易概況明細表,年度;證券自營帳戶_買進;證券自營帳戶_賣出;證券投信帳戶_買進;證券投信帳戶_賣出;外國機構投資人_買進;外國機構投資人_賣出;年度2;期貨經理事業及信託基金買進;期貨經理事業及信託基金_賣出;其他法人買進;其他法人_賣出;自然人買進;自然人_賣出,每月,政府資料開放授權條款-第1版,,2019/06/27 00:00,授權說明網址: http://data.gov.tw/license
103922,國內期貨及選擇權契約交易概況明細表_NEW,金融監督管理委員會,投資理財,國內期貨及選擇權契約交易概況明細表,年度;證券自營帳戶_買進;證券自營帳戶_賣出;證券投信帳戶_買進;證券投信帳戶_賣出;外國機構投資人_買進;外國機構投資人_賣出;年度2;期貨經理事業及信託基金買進;期貨經理事業及信託基金_賣出;其他法人買進;其他法人_賣出;自然人買進;自然人_賣出,每月,政府資料開放授權條款-第1版,,2019/06/27 00:00,授權說明網址: http://data.gov.tw/license
103936,期貨商及交易人概況統計表_NEW,金融監督管理委員會,投資理財,期貨商及交易人概況統計表,年度;期貨商_專營;期貨商_他業兼營;期貨商_自營商_專營;期貨商_自營商_他業兼營;期貨商_經紀商_專營_總公司;期貨商_經紀商_專營_分公司;期貨商_經紀商_他業兼營_總公司;期貨商_經紀商_他業兼營_分公司;期貨經理事業_專營;期貨經理事業_他業兼營;期貨信託事業_專營;期貨信託事業_他業經營;期貨顧問事業_總公司;期貨顧問事業_分公司;槓桿交易商;交易輔助人_總公司;交易輔助人_分公司;結算會員_一般;結算會員_個別;結算銀行;交易人開戶數_自然人;交易人開戶數_法人,每月,政府資料開放授權條款-第1版,,2019/06/27 00:00,授權說明網址: http://data.gov.tw/license
103937,各國證券市場本益比比較_NEW,金融監督管理委員會,投資理財,各國證券市場本益比比較,年度;臺灣;紐約;日本;倫敦;香港;韓國;新加坡;上海,每月,政府資料開放授權條款-第1版,,2019/06/27 00:00,授權說明網址: http://data.gov.tw/license
103938,各國證券市場成交值週轉率比較_NEW,金融監督管理委員會,投資理財,各國證券市場成交值週轉率比較,年度;臺灣;紐約;日本;倫敦;香港;韓國;新加坡;上海,每月,政府資料開放授權條款-第1版,,2019/06/27 00:00,授權說明網址: http://data.gov.tw/license
103951,各國證券市場成交金額比較_NEW,金融監督管理委員會,投資理財,各國證券市場成交金額比較,年度;台灣;紐約;那斯達克;日本;倫敦;香港;韓國;新加坡;上海,每月,政府資料開放授權條款-第1版,,2019/06/27 00:00,授權說明網址: http://data.gov.tw/license
103952,各國證券市場市值總額佔GDP比率表_NEW,金融監督管理委員會,投資理財,各國證券市場市值總額佔GDP比率表,年度;台灣;紐約;那斯達克;日本;倫敦;香港;韓國;新加坡;上海,每年,政府資料開放授權條款-第1版,,2019/06/27 00:00,授權說明網址: http://data.gov.tw/license
103955,各國證券市場上市公司市值總額比較 _NEW,金融監督管理委員會,投資理財,各國證券市場上市公司市值總額比較,年度;臺灣;紐約;那斯達克;日本;倫敦;香港;韓國;新加坡;上海,每月,政府資料開放授權條款-第1版,,2019/06/27 00:00,授權說明網址: http://data.gov.tw/license
103957,各國證券市場上市公司家數比較_NEW,金融監督管理委員會,投資理財,各國證券市場上市公司家數比較,年度;臺灣;紐約;那斯達克;日本;倫敦;香港;韓國;新加坡;上海,每月,政府資料開放授權條款-第1版,,2019/06/27 00:00,授權說明網址: http://data.gov.tw/license
103959,證券市場股價指數變動概況表_NEW,金融監督管理委員會,投資理財,證券市場股價指數變動概況表,年度;台灣加權指數;台灣加權指數成長率;櫃買市場股價指數;櫃買市場股價指數成長率,每月,政府資料開放授權條款-第1版,,2019/06/27 00:00,授權說明網址: http://data.gov.tw/license
103961,興櫃股票每股市值、本益比、週轉率之比較_NW,金融監督管理委員會,投資理財,興櫃股票每股市值、本益比、週轉率之比較,年度;每股市值;每股盈餘;每股淨值;本益比;周轉率;市值占GDP;比率,每月,政府資料開放授權條款-第1版,,2019/06/27 00:00,授權說明網址: http://data.gov.tw/license
103991,集中市場認購(售)權證發行概況統計表_NEW,金融監督管理委員會,投資理財,集中市場認購(售)權證已取得發行人資格家數、新發行權證數、上市權證數、上市單位數、市值、成交量、成交值之統計,年度;已取得發行人資格家數;新發行權證數;上市權證數;上市單位數;市值;成交量;成交值,每月,政府資料開放授權條款-第1版,,2019/06/27 00:00,授權說明網址: http://data.gov.tw/license
103997,店頭市場證券總成交值概況表_NEW,金融監督管理委員會,投資理財,店頭市場證券總營業金額/總成交值、成長率，包括股票、認購(售)權證、債券-買賣斷、債券-附條件之營業金額/成交金額之統計,年度;總成交值_十億元;成長率;成交金額_股票;成交金額_認購售權證;成交金額_指數股票型基金;成交金額_債券,每月,政府資料開放授權條款-第1版,,2019/06/27 00:00,授權說明網址: http://data.gov.tw/license
104004,店頭市場股票交易概況表_NEW,金融監督管理委員會,投資理財,店頭市場股票交易之總成交值、總成交量、日平均值、交易日數、股價指數(月平均)、投資人累積開戶數(戶)／交易人數之統計,年度;總成交值一般;總成交值興櫃;成交量一般;成交量興櫃;日平均值一般;日平均值興櫃;交易日數;櫃買市場股價指數_月平均;交易人數,每月,政府資料開放授權條款-第1版,,2019/06/27 00:00,授權說明網址: http://data.gov.tw/license
104007,外資投入我國股市概況表_NEW,金融監督管理委員會,投資理財,境外外國機構投資人(FINI)、境外華僑及外國自然人(FIDI)之申請登記件數、完成登記件數、累積匯入淨額之統計,年度;境外外國機構投資人及陸資_申請登記件數;境外外國機構投資人及陸資_完成登記件數;境外外國機構投資人及陸資_累積匯入淨額;境外華僑及外國自然人_申請登記件數;境外華僑及外國自然人_完成登記件數;境外華僑及外國自然人_累積匯入淨額;年度2;合計數_總完成登記件數;合計數_總累積匯入淨額;合計數_持有股票市值占總市值比例,每月,政府資料開放授權條款-第1版,,2019/06/27 00:00,授權說明網址: http://data.gov.tw/license
104010,證券服務事業家數統計表_NEW,金融監督管理委員會,投資理財,證券服務事業之家數包括證券商、經紀商、自營商、承銷商、投資信託、投資顧問之統計,年度;綜合證券_專營;綜合證券_兼營;經紀商兼自營商_專營;經紀商兼自營商_兼營;經紀商兼承銷商_專營;經紀商兼承銷商_兼營;自營商兼承銷商_專營;自營商兼承銷商_兼營;經紀商_專營;經紀商_兼營;自營商_專營;自營商_兼營;承銷商_專營;承銷商_兼營;國際證券業務分公司;證券商總家數_總公司;證券商總家數_分公司;投資信託;投資顧問,每月,政府資料開放授權條款-第1版,,2019/06/27 00:00,授權說明網址: http://data.gov.tw/license
104014,證券商之資產總額、資本、淨值、損益、資產報酬率及淨值報酬率之比較_NEW,金融監督管理委員會,投資理財,證券商之資產總額、資本、淨值、損益、資產報酬率及淨值報酬率之比較,年度;資產總額;資本;淨值;本期損益;資產報酬率;淨值報酬率,每月,政府資料開放授權條款-第1版,,2019/06/27 00:00,授權說明網址: http://data.gov.tw/license
104016,國人從事國外期貨交易統計表_NEW,金融監督管理委員會,投資理財,國人從事國外期貨交易包括美國、英國、日本、香港、新加坡、其他國家之買進、賣出之統計表,年度;美國_買進;美國_賣出;英國_買進;英國_賣出;日本_買進;日本_賣出;香港_買進;香港_賣出;新加坡_買進;新加坡_賣出;其他國家_買進;其他國家_賣出;總計_買進;總計_賣出,每月,政府資料開放授權條款-第1版,,2019/06/27 00:00,授權說明網址: http://data.gov.tw/license
104018,期貨信託基金發行概況表－依基金投資標的分類_NEW,金融監督管理委員會,投資理財,期貨信託基金發行概況表包括組合型、保本型、一般型之基金數、淨資產價值之統計,年度;組合型基金數;組合型淨資產價值;保本型基金數;保本型淨資產價值;指數股票型基金數;指數股票型淨資產價值;一般型基金數;一般型淨資產價值,每月,政府資料開放授權條款-第1版,,2019/06/27 00:00,授權說明網址: http://data.gov.tw/license
104020,集中保管有價證券業務概況表_NEW,金融監督管理委員會,投資理財,上市、上櫃、興櫃、私募：無實體股票登錄、實體保管之統計,年度;無實體登錄_上市_櫃_證券_上市;無實體登錄_上市_櫃_證券_上櫃;無實體登錄_上市_櫃_證券_興櫃;無實體登錄_上市_櫃_其他;無實體登錄_上市_櫃_合計;實體保管合計;總保管股數,每月,政府資料開放授權條款-第1版,,2019/06/27 00:00,授權說明網址: http://data.gov.tw/license
104023,店頭市場債券營業金額/成交金額統計表_NEW,金融監督管理委員會,投資理財,店頭市場債券營業金額/成交金額統計表,年度;成交金額;成長率;附條件;國際債附條件;買賣斷_國際債;買賣斷_公司債;買賣斷_政府公債;買賣斷_金融債券;買賣斷_受益證券;買賣斷_外國債券;買賣斷_合計,每月,政府資料開放授權條款-第1版,,2019/06/27 00:00,授權說明網址: http://data.gov.tw/license
104026,集中交易市場成交金額投資人類別比例表_NEW,金融監督管理委員會,投資理財,集中交易市場成交金額投資人類別比例表,年度;本國法人_金額;本國法人_百分比;僑外法人_金額;僑外法人_百分比;本國自然人_金額;本國自然人_百分比;外國自然人_金額;外國自然人_百分比,每月,政府資料開放授權條款-第1版,,2019/06/27 00:00,授權說明網址: http://data.gov.tw/license
104033,店頭市場成交金額投資人類別比例表 _NEW,金融監督管理委員會,投資理財,店頭市場成交金額投資人類別比例表,年度;本國法人_金額;本國法人_百分比;僑外法人_金額;僑外法人_百分比;本國自然人_金額;本國自然人_百分比;外國自然人_金額;外國自然人_百分比,每月,政府資料開放授權條款-第1版,,2019/06/27 00:00,授權說明網址: http://data.gov.tw/license
104035,集中交易市場投資法人交易概況表_NEW,金融監督管理委員會,投資理財,集中交易市場投資法人交易概況表,年度;累計買賣超金額_新台幣十億元_投信;累計買賣超金額_新台幣十億元_自營商;累計買賣超金額_新台幣十億元_外資;交易金額比重_投信;交易金額比重_自營商;交易金額比重_外資,每月,政府資料開放授權條款-第1版,,2019/06/27 00:00,授權說明網址: http://data.gov.tw/license
104037,店頭市場投資法人交易概況表_NEW,金融監督管理委員會,投資理財,店頭市場投資法人交易概況表,年度;累計買賣超金額_新台幣億元_投信;累計買賣超金額_新台幣億元_自營商;累計買賣超金額_新台幣億元_外資;交易金額比重_投信;交易金額比重_自營商;交易金額比重_外資,每月,政府資料開放授權條款-第1版,,2019/06/27 00:00,授權說明網址: http://data.gov.tw/license
104039,上市股票每股市值、本益比、週轉率之比較_NEW,金融監督管理委員會,投資理財,上市股票每股市值、本益比、週轉率之比較,年度;每股市值;每股盈餘;每股淨值;本益比;周轉率;比率,每月,政府資料開放授權條款-第1版,,2019/06/27 00:00,授權說明網址: http://data.gov.tw/license
104041,上櫃股票每股市值、本益比、週轉率之比較_NEW,金融監督管理委員會,投資理財,上櫃股票每股市值、本益比、週轉率之比較,年度;每股市值;每股盈餘;每股淨值;本益比;周轉率;比率,每月,政府資料開放授權條款-第1版,,2019/06/27 00:00,授權說明網址: http://data.gov.tw/license
104084,金融機構國內總、分行存款餘額_NEW,金融監督管理委員會,投資理財,金融機構包括本國銀行、外國銀行在台分行、信託投資公司及基層金融機構之國內總、分行存款餘額。,年月;總計;政府存款;支票存款;活期存款;活期儲蓄存款;定期存款;可轉讓定期存單;定期儲蓄存款;外匯存款;信託資金;郵政儲金;年月1;本國銀行;外國及大陸地區銀行在臺分行;信託投 資公司;信用合作社;農漁會信用部;中華郵政儲匯業務;年月2;本國銀行佔比;外國及大陸地區銀行在臺分行佔比;信託投 資公司佔比;信用合作社佔比;農漁會信用部佔比;中華郵政儲匯業務佔比;End of Period3,每月,政府資料開放授權條款-第1版,,2019/06/27 00:00,授權說明網址: http://data.gov.tw/license
104086,財產保險業保費收入統計表_NEW,金融監督管理委員會,投資理財,財產保險業保費收入統計表,年月;總計;年增率;火災保險;海上保險;汽車保險;航空險;其他財產保險合計;其他財產保險工程險;其他財產保險責任險;其他財產保險信用保證保險;其他財產保險傷害險;其他財產保險健康險;其他財產保險其他,每月,政府資料開放授權條款-第1版,,2019/06/27 00:00,授權說明網址: http://data.gov.tw/license
104088,金融機構家數_NEW,金融監督管理委員會,投資理財,本國銀行、外國及大陸地區銀行在臺分行、信用合作社、農會信用部、漁會信用部、信託投資公司、票券金融公司、中華郵政儲匯業務之總機構及分機構家數統計,年月11;總機構_本國銀行;總機構_外國及大陸地區銀行在臺分行;總機構_信用合作社;總機構_農會信用部;總機構_漁會信用部;總機構_信託投資公司;總機構_票券金融公司;總機構_中華郵政儲匯業務;分機構_本國銀行;分機構_外國及大陸地區銀行在臺分行_1;分機構_信用合作社;分機構_農會信用部;分機構_漁會信用部;分機構_信託投資公司;分機構_票券金融公司;分機構_中華郵政儲匯業務;EndOfPeriod,每月,政府資料開放授權條款-第1版,,2019/06/27 00:00,
104090,金融機構國內總、分行放款餘額_NEW,金融監督管理委員會,投資理財,金融機構國內總、分行放款餘額及占有率，包括放款餘額總計、政府機關放款餘額、公營事業放款餘額、民營事業等放款餘額之統計,年月;放款餘額總計_按對象別;政府機關放款餘額;公營事業放款餘額;民營事業等放款餘額;放款餘額總計_按機構別;本國銀行放款餘額;外國及大陸地區銀行在臺分行放款餘額;信託投資公司放款餘額;信用合作社放款餘額;農漁會信用部放款餘額;本國銀行放款餘額占有率(％);外國銀行在台分行放款餘額占有率(％);信託投資公司放款餘額占有率;信用合作社放款餘額占有率(％);農漁會信用部放款餘額占有率,每月,政府資料開放授權條款-第1版,,2019/06/27 00:00,授權說明網址: http://data.gov.tw/license
104091,信託投資及票券金融公司業務統計_NEW,金融監督管理委員會,投資理財,信託投資公司信託資金及放款餘額、票券金融公司發行額、交易額、持有餘額之統計,年月;信託投資公司信託資金;信託投資公司放款餘額;票券金融公司承銷及首次買入;票券金融公司交易額;票券金融公司持有餘額,每月,政府資料開放授權條款-第1版,,2019/06/27 00:00,授權說明網址: http://data.gov.tw/license
104094,金融機構發行金融卡及裝設ATM統計_NEW,金融監督管理委員會,投資理財,ATM裝設台數、交易次數、交易金額、金融卡發行張數、流通張數之統計,年月;ATM裝設台數;金融卡發行張數;金融卡流通張數;交易次數;交易金額,每月,政府資料開放授權條款-第1版,,2019/06/27 00:00,授權說明網址: http://data.gov.tw/license
104096,信用卡業務統計_NEW,金融監督管理委員會,投資理財,信用卡流通卡數、簽帳金額、預借現金、循環信用金額之統計,年月;流通卡數;簽帳金額合計;簽帳金額國內;簽帳金額國外;預借現金合計;預借現金國內;預借現金國外;循環信用金額,每月,政府資料開放授權條款-第1版,,2019/06/27 00:00,授權說明網址: http://data.gov.tw/license
104098,金融機構資產、淨值_NEW,金融監督管理委員會,投資理財,金融機構資產及淨值統計，包括本國銀行、外國銀行在臺分行、大陸地區銀行在臺分行、信用合作社、票券金融公司、信託投資公司、農漁會信用部、中華郵政儲匯業務之統計,年月;總計資產;總計淨值;本國銀行資產;本國銀行淨值;外國銀行在臺分行資產;外國銀行在臺分行淨值;大陸地區銀行在臺分行資產;大陸地區銀行在臺分行淨值;信用合作社資產;信用合作社淨值;票券金融公司資產;票券金融公司淨值;信託投資公司資產;信託投資公司淨值;農漁會信用部資產;農漁會信用部淨值;中華郵政儲匯業務資產;中華郵政儲匯業務淨值,每月,政府資料開放授權條款-第1版,,2019/06/27 00:00,授權說明網址: http://data.gov.tw/license
104099,金融機構損益概況_NEW,金融監督管理委員會,投資理財,金融機構損益概況，包括本國銀行、外國銀行在臺分行、大陸地區銀行在臺分行、信用合作社、票券金融公司、信託投資公司、農漁會信用部、中華郵政儲匯業務之統計,年月;本國銀行收益;本國銀行費損;本國銀行稅前盈餘;外國銀行在臺分行收益;外國銀行在臺分行費損;外國銀行在臺分行稅前盈餘;大陸地區銀行在臺分行收益;大陸地區銀行在臺分行費損;大陸地區銀行在臺分行稅前盈餘;信用合作社收益;信用合作社費損;信用合作社稅前盈餘;票券金融公司營業收入;票券金融公司營業支出;票券金融公司稅前盈餘;信託投資公司營業收入;信託投資公司營業支出;信託投資公司稅前盈餘;農漁會信用部營業支出;農漁會信用部稅前盈餘;中華郵政儲匯業務營業收入;中華郵政儲匯業務營業支出;中華郵政儲匯業務稅前盈餘,每月,政府資料開放授權條款-第1版,,2019/06/27 00:00,授權說明網址: http://data.gov.tw/license
104102,金融機構逾放比率_NEW,金融監督管理委員會,投資理財,金融機構逾放比率包括本國銀行、外國及大陸地區銀行在臺分行、信用合作社、農漁會信用部之統計,年月;總體逾放比率;本國銀行;外國及大陸地區銀行在臺分行;信用合作社;農漁會信用部,每月,政府資料開放授權條款-第1版,,2019/06/27 00:00,授權說明網址: http://data.gov.tw/license
104104,金融機構逾放金額_NEW,金融監督管理委員會,投資理財,金融機構逾放金額包括本國銀行、外國及大陸地區銀行在臺分行、信用合作社、農漁會信用部之統計,年月;總體逾放金額;本國銀行;外國及大陸地區銀行在臺分行;信用合作社;農漁會信用部,每月,政府資料開放授權條款-第1版,,2019/06/27 00:00,授權說明網址: http://data.gov.tw/license
104106,保險業資產占金融機構資產比率表(年報)_NEW,金融監督管理委員會,投資理財,保險業資產占金融機構資產比率表(年報),年月;金融機構資產總額;保險業資產總額;保險業比率;產險業資產總額;產險業比率;壽險業資產總額;壽險業比率,每年,政府資料開放授權條款-第1版,,2019/06/27 00:00,授權說明網址: http://data.gov.tw/license
104108,保險業家數及其分支機構統計表(月報)_NEW,金融監督管理委員會,投資理財,保險業家數及其分支機構統計表(月報),年月;總計;再保險業;國際保險業務分公司;財產保險業本國總公司;財產保險業本國國內分公司;財產保險業本國海外分支機構;財產保險業本國大陸辦事處;財產保險業外國保險業在台分公司;財產保險業外國保險業在台聯絡處;人身保險業本國保險業總公司;人身保險業本國保險業國內分公司;人身保險業本國保險業海外分支機構;人身保險業本國保險業大陸辦事處;人身保險業外國保險業在台分公司;人身保險業外國保險業在台聯絡處,每月,政府資料開放授權條款-第1版,,2019/06/27 00:00,授權說明網址: http://data.gov.tw/license
104111,財產保險業保險賠款統計表(月報)_NEW,金融監督管理委員會,投資理財,財產保險業保險賠款統計表(月報),年月;總計;年月增率;火災保險;海上保險;汽車保險;航空險;其他財產保險合計;工程險;責任險;信用保證保險;傷害險;健康險;其他,每月,政府資料開放授權條款-第1版,,2019/06/27 00:00,授權說明網址: http://data.gov.tw/license
104113,人身保險業保費收入統計表(月報)_NEW,金融監督管理委員會,投資理財,人身保險業保費收入統計表(月報),年月;總計;年月增率;個人人壽保險;個人健康保險;個人傷害保險;個人年金保險;團體人壽保險;團體健康保險;團體傷害保險;團體年金保險,每月,政府資料開放授權條款-第1版,,2019/06/27 00:00,授權說明網址: http://data.gov.tw/license
